0.486628 -0.000582
1.499702 -0.997537
1.491859 -0.001783
1.499702 0.997537
2.615571 -1.831443
2.533029 -1.015669
2.497091 -0.002985
2.533029 1.015669
2.615571 1.831443
3.509093 -2.009231
3.516034 -1.005478
3.502323 -0.004187
3.516034 1.005478
3.509093 2.009231
4.525732 -3.010321
4.474387 -1.983159
4.475610 -0.995026
4.507555 0.005388
4.475610 0.995026
4.474387 1.983159
4.525732 3.010321
5.592618 -3.915993
5.592618 -3.915993
5.592618 -3.915993
5.521055 -3.005384
5.521055 -3.005384
5.521055 -3.005384
5.473354 -1.984731
5.473354 -1.984731
5.473354 -1.984731
5.499290 -1.003601
5.499290 -1.003601
5.499290 -1.003601
5.512787 -0.006590
5.512787 -0.006590
5.512787 -0.006590
5.499290 1.003601
5.499290 1.003601
5.499290 1.003601
5.473354 1.984731
5.473354 1.984731
5.473354 1.984731
5.521055 3.005384
5.521055 3.005384
5.521055 3.005384
5.592618 3.915993
5.592618 3.915993
5.592618 3.915993
6.732763 -4.714332
6.732763 -4.714332
6.732763 -4.714332
6.475333 -3.979811
6.475333 -3.979811
6.475333 -3.979811
6.482329 -2.985107
6.482329 -2.985107
6.482329 -2.985107
6.527092 -2.002360
6.527092 -2.002360
6.527092 -2.002360
6.519486 -0.997462
6.519486 -0.997462
6.519486 -0.997462
6.518019 0.007792
6.518019 0.007792
6.518019 0.007792
6.519486 0.997462
6.519486 0.997462
6.519486 0.997462
6.527092 2.002360
6.527092 2.002360
6.527092 2.002360
6.482329 2.985107
6.482329 2.985107
6.482329 2.985107
6.475333 3.979811
6.475333 3.979811
6.475333 3.979811
6.732763 4.714332
6.732763 4.714332
6.732763 4.714332
7.487377 -4.980280
7.487377 -4.980280
7.487377 -4.980280
7.529251 -4.005683
7.529251 -4.005683
7.529251 -4.005683
7.485226 -3.001353
7.485226 -3.001353
7.485226 -3.001353
7.495757 -1.989286
7.495757 -1.989286
7.495757 -1.989286
7.533766 -1.005586
7.533766 -1.005586
7.533766 -1.005586
7.523251 -0.008994
7.523251 -0.008994
7.523251 -0.008994
7.533766 1.005586
7.533766 1.005586
7.533766 1.005586
7.495757 1.989286
7.495757 1.989286
7.495757 1.989286
7.485226 3.001353
7.485226 3.001353
7.485226 3.001353
7.529251 4.005683
7.529251 4.005683
7.529251 4.005683
7.487377 4.980280
7.487377 4.980280
7.487377 4.980280
8.506323 -5.956191
8.506323 -5.956191
8.506323 -5.956191
8.482827 -4.992670
8.482827 -4.992670
8.482827 -4.992670
8.490823 -3.984078
8.490823 -3.984078
8.490823 -3.984078
8.482732 -2.984506
8.482732 -2.984506
8.482732 -2.984506
8.528334 -2.003314
8.528334 -2.003314
8.528334 -2.003314
8.471215 -0.986722
8.471215 -0.986722
8.471215 -0.986722
8.528482 0.010195
8.528482 0.010195
8.528482 0.010195
8.471215 0.986722
8.471215 0.986722
8.471215 0.986722
8.528334 2.003314
8.528334 2.003314
8.528334 2.003314
8.482732 2.984506
8.482732 2.984506
8.482732 2.984506
8.490823 3.984078
8.490823 3.984078
8.490823 3.984078
8.482827 4.992670
8.482827 4.992670
8.482827 4.992670
8.506323 5.956191
8.506323 5.956191
8.506323 5.956191
9.646468 -6.754529
9.646468 -6.754529
9.646468 -6.754529
9.500579 -5.996801
9.500579 -5.996801
9.500579 -5.996801
9.533039 -5.013392
9.533039 -5.013392
9.533039 -5.013392
9.501049 -3.995477
9.501049 -3.995477
9.501049 -3.995477
9.536747 -3.000659
9.536747 -3.000659
9.536747 -3.000659
9.481923 -1.989396
9.481923 -1.989396
9.481923 -1.989396
9.482206 -0.989744
9.482206 -0.989744
9.482206 -0.989744
9.533714 -0.011397
9.533714 -0.011397
9.533714 -0.011397
9.482206 0.989744
9.482206 0.989744
9.482206 0.989744
9.481923 1.989396
9.481923 1.989396
9.481923 1.989396
9.536747 3.000659
9.536747 3.000659
9.536747 3.000659
9.501049 3.995477
9.501049 3.995477
9.501049 3.995477
9.533039 5.013392
9.533039 5.013392
9.533039 5.013392
9.500579 5.996801
9.500579 5.996801
9.500579 5.996801
9.646468 6.754529
9.646468 6.754529
9.646468 6.754529
10.513407 -6.993064
10.513407 -6.993064
10.513407 -6.993064
10.487924 -6.005158
10.487924 -6.005158
10.487924 -6.005158
10.497168 -4.986883
10.497168 -4.986883
10.497168 -4.986883
10.496349 -4.006153
10.496349 -4.006153
10.496349 -4.006153
10.504500 -3.003965
10.504500 -3.003965
10.504500 -3.003965
10.505816 -1.995242
10.505816 -1.995242
10.505816 -1.995242
10.491991 -0.993810
10.491991 -0.993810
10.491991 -0.993810
10.461620 -0.012506
10.461620 -0.012506
10.461620 -0.012506
10.491991 0.993810
10.491991 0.993810
10.491991 0.993810
10.505816 1.995242
10.505816 1.995242
10.505816 1.995242
10.504500 3.003965
10.504500 3.003965
10.504500 3.003965
10.496349 4.006153
10.496349 4.006153
10.496349 4.006153
10.497168 4.986883
10.497168 4.986883
10.497168 4.986883
10.487924 6.005158
10.487924 6.005158
10.487924 6.005158
10.513407 6.993064
10.513407 6.993064
10.513407 6.993064
11.502560 -8.013263
11.502560 -8.013263
11.502560 -8.013263
11.515653 -7.002004
11.515653 -7.002004
11.515653 -7.002004
11.463684 -5.993767
11.463684 -5.993767
11.463684 -5.993767
11.509169 -5.002693
11.509169 -5.002693
11.509169 -5.002693
11.482997 -4.009272
11.482997 -4.009272
11.482997 -4.009272
11.471301 -2.985707
11.471301 -2.985707
11.471301 -2.985707
11.523526 -2.017708
11.523526 -2.017708
11.523526 -2.017708
11.500257 -1.006142
11.500257 -1.006142
11.500257 -1.006142
11.466852 -0.013708
11.466852 -0.013708
11.466852 -0.013708
11.500257 1.006142
11.500257 1.006142
11.500257 1.006142
11.523526 2.017708
11.523526 2.017708
11.523526 2.017708
11.471301 2.985707
11.471301 2.985707
11.471301 2.985707
11.482997 4.009272
11.482997 4.009272
11.482997 4.009272
11.509169 5.002693
11.509169 5.002693
11.509169 5.002693
11.463684 5.993767
11.463684 5.993767
11.463684 5.993767
11.515653 7.002004
11.515653 7.002004
11.515653 7.002004
11.502560 8.013263
11.502560 8.013263
11.502560 8.013263
12.623514 -8.839080
12.623514 -8.839080
12.623514 -8.839080
12.516612 -8.026650
12.516612 -8.026650
12.516612 -8.026650
12.501460 -7.000173
12.501460 -7.000173
12.501460 -7.000173
12.494071 -6.008944
12.494071 -6.008944
12.494071 -6.008944
12.509193 -5.015814
12.509193 -5.015814
12.509193 -5.015814
12.468241 -3.988651
12.468241 -3.988651
12.468241 -3.988651
12.503792 -3.000314
12.503792 -3.000314
12.503792 -3.000314
12.467487 -1.999108
12.467487 -1.999108
12.467487 -1.999108
12.509188 -1.004057
12.509188 -1.004057
12.509188 -1.004057
12.472084 -0.014910
12.472084 -0.014910
12.472084 -0.014910
12.509188 1.004057
12.509188 1.004057
12.509188 1.004057
12.467487 1.999108
12.467487 1.999108
12.467487 1.999108
12.503792 3.000314
12.503792 3.000314
12.503792 3.000314
12.468241 3.988651
12.468241 3.988651
12.468241 3.988651
12.509193 5.015814
12.509193 5.015814
12.509193 5.015814
12.494071 6.008944
12.494071 6.008944
12.494071 6.008944
12.501460 7.000173
12.501460 7.000173
12.501460 7.000173
12.516612 8.026650
12.516612 8.026650
12.516612 8.026650
12.623514 8.839080
12.623514 8.839080
12.623514 8.839080
13.539436 -9.005849
13.539436 -9.005849
13.539436 -9.005849
13.528368 -8.005895
13.528368 -8.005895
13.528368 -8.005895
13.467670 -7.000597
13.467670 -7.000597
13.467670 -7.000597
13.523088 -5.993768
13.523088 -5.993768
13.523088 -5.993768
13.506801 -5.007701
13.506801 -5.007701
13.506801 -5.007701
13.514977 -4.005076
13.514977 -4.005076
13.514977 -4.005076
13.533526 -3.008798
13.533526 -3.008798
13.533526 -3.008798
13.484879 -1.997204
13.484879 -1.997204
13.484879 -1.997204
13.518629 -0.987547
13.518629 -0.987547
13.518629 -0.987547
13.477316 -0.016111
13.477316 -0.016111
13.477316 -0.016111
13.518629 0.987547
13.518629 0.987547
13.518629 0.987547
13.484879 1.997204
13.484879 1.997204
13.484879 1.997204
13.533526 3.008798
13.533526 3.008798
13.533526 3.008798
13.514977 4.005076
13.514977 4.005076
13.514977 4.005076
13.506801 5.007701
13.506801 5.007701
13.506801 5.007701
13.523088 5.993768
13.523088 5.993768
13.523088 5.993768
13.467670 7.000597
13.467670 7.000597
13.467670 7.000597
13.528368 8.005895
13.528368 8.005895
13.528368 8.005895
13.539436 9.005849
13.539436 9.005849
13.539436 9.005849
14.469008 -9.977417
14.469008 -9.977417
14.469008 -9.977417
14.469008 -9.977417
14.469008 -9.977417
14.469598 -8.988782
14.469598 -8.988782
14.469598 -8.988782
14.469598 -8.988782
14.469598 -8.988782
14.515742 -7.991851
14.515742 -7.991851
14.515742 -7.991851
14.515742 -7.991851
14.515742 -7.991851
14.498207 -7.015551
14.498207 -7.015551
14.498207 -7.015551
14.498207 -7.015551
14.498207 -7.015551
14.519573 -6.024374
14.519573 -6.024374
14.519573 -6.024374
14.519573 -6.024374
14.519573 -6.024374
14.500154 -4.985049
14.500154 -4.985049
14.500154 -4.985049
14.500154 -4.985049
14.500154 -4.985049
14.483649 -3.992442
14.483649 -3.992442
14.483649 -3.992442
14.483649 -3.992442
14.483649 -3.992442
14.483881 -3.002718
14.483881 -3.002718
14.483881 -3.002718
14.483881 -3.002718
14.483881 -3.002718
14.499111 -2.005912
14.499111 -2.005912
14.499111 -2.005912
14.499111 -2.005912
14.499111 -2.005912
14.526096 -0.991337
14.526096 -0.991337
14.526096 -0.991337
14.526096 -0.991337
14.526096 -0.991337
14.482548 -0.017313
14.482548 -0.017313
14.482548 -0.017313
14.482548 -0.017313
14.482548 -0.017313
14.526096 0.991337
14.526096 0.991337
14.526096 0.991337
14.526096 0.991337
14.526096 0.991337
14.499111 2.005912
14.499111 2.005912
14.499111 2.005912
14.499111 2.005912
14.499111 2.005912
14.483881 3.002718
14.483881 3.002718
14.483881 3.002718
14.483881 3.002718
14.483881 3.002718
14.483649 3.992442
14.483649 3.992442
14.483649 3.992442
14.483649 3.992442
14.483649 3.992442
14.500154 4.985049
14.500154 4.985049
14.500154 4.985049
14.500154 4.985049
14.500154 4.985049
14.519573 6.024374
14.519573 6.024374
14.519573 6.024374
14.519573 6.024374
14.519573 6.024374
14.498207 7.015551
14.498207 7.015551
14.498207 7.015551
14.498207 7.015551
14.498207 7.015551
14.515742 7.991851
14.515742 7.991851
14.515742 7.991851
14.515742 7.991851
14.515742 7.991851
14.469598 8.988782
14.469598 8.988782
14.469598 8.988782
14.469598 8.988782
14.469598 8.988782
14.469008 9.977417
14.469008 9.977417
14.469008 9.977417
14.469008 9.977417
14.469008 9.977417
15.600560 -10.923630
15.600560 -10.923630
15.600560 -10.923630
15.600560 -10.923630
15.600560 -10.923630
15.486985 -9.983826
15.486985 -9.983826
15.486985 -9.983826
15.486985 -9.983826
15.486985 -9.983826
15.456594 -8.997931
15.456594 -8.997931
15.456594 -8.997931
15.456594 -8.997931
15.456594 -8.997931
15.476525 -7.997873
15.476525 -7.997873
15.476525 -7.997873
15.476525 -7.997873
15.476525 -7.997873
15.523274 -7.013943
15.523274 -7.013943
15.523274 -7.013943
15.523274 -7.013943
15.523274 -7.013943
15.524762 -6.010559
15.524762 -6.010559
15.524762 -6.010559
15.524762 -6.010559
15.524762 -6.010559
15.475951 -4.991651
15.475951 -4.991651
15.475951 -4.991651
15.475951 -4.991651
15.475951 -4.991651
15.521859 -4.000371
15.521859 -4.000371
15.521859 -4.000371
15.521859 -4.000371
15.521859 -4.000371
15.512593 -2.984562
15.512593 -2.984562
15.512593 -2.984562
15.512593 -2.984562
15.512593 -2.984562
15.514651 -1.995391
15.514651 -1.995391
15.514651 -1.995391
15.514651 -1.995391
15.514651 -1.995391
15.533886 -0.985513
15.533886 -0.985513
15.533886 -0.985513
15.533886 -0.985513
15.533886 -0.985513
15.487780 -0.018515
15.487780 -0.018515
15.487780 -0.018515
15.487780 -0.018515
15.487780 -0.018515
15.533886 0.985513
15.533886 0.985513
15.533886 0.985513
15.533886 0.985513
15.533886 0.985513
15.514651 1.995391
15.514651 1.995391
15.514651 1.995391
15.514651 1.995391
15.514651 1.995391
15.512593 2.984562
15.512593 2.984562
15.512593 2.984562
15.512593 2.984562
15.512593 2.984562
15.521859 4.000371
15.521859 4.000371
15.521859 4.000371
15.521859 4.000371
15.521859 4.000371
15.475951 4.991651
15.475951 4.991651
15.475951 4.991651
15.475951 4.991651
15.475951 4.991651
15.524762 6.010559
15.524762 6.010559
15.524762 6.010559
15.524762 6.010559
15.524762 6.010559
15.523274 7.013943
15.523274 7.013943
15.523274 7.013943
15.523274 7.013943
15.523274 7.013943
15.476525 7.997873
15.476525 7.997873
15.476525 7.997873
15.476525 7.997873
15.476525 7.997873
15.456594 8.997931
15.456594 8.997931
15.456594 8.997931
15.456594 8.997931
15.456594 8.997931
15.486985 9.983826
15.486985 9.983826
15.486985 9.983826
15.486985 9.983826
15.486985 9.983826
15.600560 10.923630
15.600560 10.923630
15.600560 10.923630
15.600560 10.923630
15.600560 10.923630
16.740705 -11.721969
16.740705 -11.721969
16.740705 -11.721969
16.740705 -11.721969
16.740705 -11.721969
16.501081 -10.975807
16.501081 -10.975807
16.501081 -10.975807
16.501081 -10.975807
16.501081 -10.975807
16.494843 -9.975622
16.494843 -9.975622
16.494843 -9.975622
16.494843 -9.975622
16.494843 -9.975622
16.523335 -8.994471
16.523335 -8.994471
16.523335 -8.994471
16.523335 -8.994471
16.523335 -8.994471
16.516747 -7.992303
16.516747 -7.992303
16.516747 -7.992303
16.516747 -7.992303
16.516747 -7.992303
16.469797 -6.972433
16.469797 -6.972433
16.469797 -6.972433
16.469797 -6.972433
16.469797 -6.972433
16.522818 -5.991455
16.522818 -5.991455
16.522818 -5.991455
16.522818 -5.991455
16.522818 -5.991455
16.519049 -5.024480
16.519049 -5.024480
16.519049 -5.024480
16.519049 -5.024480
16.519049 -5.024480
16.479420 -3.995968
16.479420 -3.995968
16.479420 -3.995968
16.479420 -3.995968
16.479420 -3.995968
16.529325 -3.016545
16.529325 -3.016545
16.529325 -3.016545
16.529325 -3.016545
16.529325 -3.016545
16.526478 -2.005136
16.526478 -2.005136
16.526478 -2.005136
16.526478 -2.005136
16.526478 -2.005136
16.462381 -1.004907
16.462381 -1.004907
16.462381 -1.004907
16.462381 -1.004907
16.462381 -1.004907
16.493011 -0.019716
16.493011 -0.019716
16.493011 -0.019716
16.493011 -0.019716
16.493011 -0.019716
16.462381 1.004907
16.462381 1.004907
16.462381 1.004907
16.462381 1.004907
16.462381 1.004907
16.526478 2.005136
16.526478 2.005136
16.526478 2.005136
16.526478 2.005136
16.526478 2.005136
16.529325 3.016545
16.529325 3.016545
16.529325 3.016545
16.529325 3.016545
16.529325 3.016545
16.479420 3.995968
16.479420 3.995968
16.479420 3.995968
16.479420 3.995968
16.479420 3.995968
16.519049 5.024480
16.519049 5.024480
16.519049 5.024480
16.519049 5.024480
16.519049 5.024480
16.522818 5.991455
16.522818 5.991455
16.522818 5.991455
16.522818 5.991455
16.522818 5.991455
16.469797 6.972433
16.469797 6.972433
16.469797 6.972433
16.469797 6.972433
16.469797 6.972433
16.516747 7.992303
16.516747 7.992303
16.516747 7.992303
16.516747 7.992303
16.516747 7.992303
16.523335 8.994471
16.523335 8.994471
16.523335 8.994471
16.523335 8.994471
16.523335 8.994471
16.494843 9.975622
16.494843 9.975622
16.494843 9.975622
16.494843 9.975622
16.494843 9.975622
16.501081 10.975807
16.501081 10.975807
16.501081 10.975807
16.501081 10.975807
16.501081 10.975807
16.740705 11.721969
16.740705 11.721969
16.740705 11.721969
16.740705 11.721969
16.740705 11.721969
17.489668 -11.998779
17.489668 -11.998779
17.489668 -11.998779
17.489668 -11.998779
17.489668 -11.998779
17.504362 -10.990382
17.504362 -10.990382
17.504362 -10.990382
17.504362 -10.990382
17.504362 -10.990382
17.466755 -10.001086
17.466755 -10.001086
17.466755 -10.001086
17.466755 -10.001086
17.466755 -10.001086
17.490213 -8.985578
17.490213 -8.985578
17.490213 -8.985578
17.490213 -8.985578
17.490213 -8.985578
17.528646 -8.021186
17.528646 -8.021186
17.528646 -8.021186
17.528646 -8.021186
17.528646 -8.021186
17.461390 -7.001497
17.461390 -7.001497
17.461390 -7.001497
17.461390 -7.001497
17.461390 -7.001497
17.498270 -6.015780
17.498270 -6.015780
17.498270 -6.015780
17.498270 -6.015780
17.498270 -6.015780
17.492968 -5.002451
17.492968 -5.002451
17.492968 -5.002451
17.492968 -5.002451
17.492968 -5.002451
17.515266 -3.982013
17.515266 -3.982013
17.515266 -3.982013
17.515266 -3.982013
17.515266 -3.982013
17.471800 -3.016183
17.471800 -3.016183
17.471800 -3.016183
17.471800 -3.016183
17.471800 -3.016183
17.462364 -1.991700
17.462364 -1.991700
17.462364 -1.991700
17.462364 -1.991700
17.462364 -1.991700
17.470644 -0.982627
17.470644 -0.982627
17.470644 -0.982627
17.470644 -0.982627
17.470644 -0.982627
17.498243 -0.020918
17.498243 -0.020918
17.498243 -0.020918
17.498243 -0.020918
17.498243 -0.020918
17.470644 0.982627
17.470644 0.982627
17.470644 0.982627
17.470644 0.982627
17.470644 0.982627
17.462364 1.991700
17.462364 1.991700
17.462364 1.991700
17.462364 1.991700
17.462364 1.991700
17.471800 3.016183
17.471800 3.016183
17.471800 3.016183
17.471800 3.016183
17.471800 3.016183
17.515266 3.982013
17.515266 3.982013
17.515266 3.982013
17.515266 3.982013
17.515266 3.982013
17.492968 5.002451
17.492968 5.002451
17.492968 5.002451
17.492968 5.002451
17.492968 5.002451
17.498270 6.015780
17.498270 6.015780
17.498270 6.015780
17.498270 6.015780
17.498270 6.015780
17.461390 7.001497
17.461390 7.001497
17.461390 7.001497
17.461390 7.001497
17.461390 7.001497
17.528646 8.021186
17.528646 8.021186
17.528646 8.021186
17.528646 8.021186
17.528646 8.021186
17.490213 8.985578
17.490213 8.985578
17.490213 8.985578
17.490213 8.985578
17.490213 8.985578
17.466755 10.001086
17.466755 10.001086
17.466755 10.001086
17.466755 10.001086
17.466755 10.001086
17.504362 10.990382
17.504362 10.990382
17.504362 10.990382
17.504362 10.990382
17.504362 10.990382
17.489668 11.998779
17.489668 11.998779
17.489668 11.998779
17.489668 11.998779
17.489668 11.998779
18.514265 -12.963828
18.514265 -12.963828
18.514265 -12.963828
18.514265 -12.963828
18.514265 -12.963828
18.512945 -11.997292
18.512945 -11.997292
18.512945 -11.997292
18.512945 -11.997292
18.512945 -11.997292
18.493069 -11.003716
18.493069 -11.003716
18.493069 -11.003716
18.493069 -11.003716
18.493069 -11.003716
18.516893 -10.022348
18.516893 -10.022348
18.516893 -10.022348
18.516893 -10.022348
18.516893 -10.022348
18.513788 -9.013346
18.513788 -9.013346
18.513788 -9.013346
18.513788 -9.013346
18.513788 -9.013346
18.478056 -7.979390
18.478056 -7.979390
18.478056 -7.979390
18.478056 -7.979390
18.478056 -7.979390
18.532112 -7.022456
18.532112 -7.022456
18.532112 -7.022456
18.532112 -7.022456
18.532112 -7.022456
18.478918 -6.009049
18.478918 -6.009049
18.478918 -6.009049
18.478918 -6.009049
18.478918 -6.009049
18.533281 -5.013500
18.533281 -5.013500
18.533281 -5.013500
18.533281 -5.013500
18.533281 -5.013500
18.459290 -4.011371
18.459290 -4.011371
18.459290 -4.011371
18.459290 -4.011371
18.459290 -4.011371
18.492016 -3.010481
18.492016 -3.010481
18.492016 -3.010481
18.492016 -3.010481
18.492016 -3.010481
18.470980 -2.017315
18.470980 -2.017315
18.470980 -2.017315
18.470980 -2.017315
18.470980 -2.017315
18.476723 -0.994904
18.476723 -0.994904
18.476723 -0.994904
18.476723 -0.994904
18.476723 -0.994904
18.503475 -0.022120
18.503475 -0.022120
18.503475 -0.022120
18.503475 -0.022120
18.503475 -0.022120
18.476723 0.994904
18.476723 0.994904
18.476723 0.994904
18.476723 0.994904
18.476723 0.994904
18.470980 2.017315
18.470980 2.017315
18.470980 2.017315
18.470980 2.017315
18.470980 2.017315
18.492016 3.010481
18.492016 3.010481
18.492016 3.010481
18.492016 3.010481
18.492016 3.010481
18.459290 4.011371
18.459290 4.011371
18.459290 4.011371
18.459290 4.011371
18.459290 4.011371
18.533281 5.013500
18.533281 5.013500
18.533281 5.013500
18.533281 5.013500
18.533281 5.013500
18.478918 6.009049
18.478918 6.009049
18.478918 6.009049
18.478918 6.009049
18.478918 6.009049
18.532112 7.022456
18.532112 7.022456
18.532112 7.022456
18.532112 7.022456
18.532112 7.022456
18.478056 7.979390
18.478056 7.979390
18.478056 7.979390
18.478056 7.979390
18.478056 7.979390
18.513788 9.013346
18.513788 9.013346
18.513788 9.013346
18.513788 9.013346
18.513788 9.013346
18.516893 10.022348
18.516893 10.022348
18.516893 10.022348
18.516893 10.022348
18.516893 10.022348
18.493069 11.003716
18.493069 11.003716
18.493069 11.003716
18.493069 11.003716
18.493069 11.003716
18.512945 11.997292
18.512945 11.997292
18.512945 11.997292
18.512945 11.997292
18.512945 11.997292
18.514265 12.963828
18.514265 12.963828
18.514265 12.963828
18.514265 12.963828
18.514265 12.963828
19.654409 -13.762166
19.654409 -13.762166
19.654409 -13.762166
19.654409 -13.762166
19.654409 -13.762166
19.527111 -12.988591
19.527111 -12.988591
19.527111 -12.988591
19.527111 -12.988591
19.527111 -12.988591
19.519119 -11.996666
19.519119 -11.996666
19.519119 -11.996666
19.519119 -11.996666
19.519119 -11.996666
19.492001 -10.975811
19.492001 -10.975811
19.492001 -10.975811
19.492001 -10.975811
19.492001 -10.975811
19.484825 -10.010307
19.484825 -10.010307
19.484825 -10.010307
19.484825 -10.010307
19.484825 -10.010307
19.476034 -8.968696
19.476034 -8.968696
19.476034 -8.968696
19.476034 -8.968696
19.476034 -8.968696
19.486040 -7.976029
19.486040 -7.976029
19.486040 -7.976029
19.486040 -7.976029
19.486040 -7.976029
19.520119 -7.025567
19.520119 -7.025567
19.520119 -7.025567
19.520119 -7.025567
19.520119 -7.025567
19.537922 -5.993780
19.537922 -5.993780
19.537922 -5.993780
19.537922 -5.993780
19.537922 -5.993780
19.502386 -4.976559
19.502386 -4.976559
19.502386 -4.976559
19.502386 -4.976559
19.502386 -4.976559
19.490711 -3.992128
19.490711 -3.992128
19.490711 -3.992128
19.490711 -3.992128
19.490711 -3.992128
19.513630 -2.985528
19.513630 -2.985528
19.513630 -2.985528
19.513630 -2.985528
19.513630 -2.985528
19.485022 -1.986747
19.485022 -1.986747
19.485022 -1.986747
19.485022 -1.986747
19.485022 -1.986747
19.482952 -1.002376
19.482952 -1.002376
19.482952 -1.002376
19.482952 -1.002376
19.482952 -1.002376
19.508707 0.023321
19.508707 0.023321
19.508707 0.023321
19.508707 0.023321
19.508707 0.023321
19.482952 1.002376
19.482952 1.002376
19.482952 1.002376
19.482952 1.002376
19.482952 1.002376
19.485022 1.986747
19.485022 1.986747
19.485022 1.986747
19.485022 1.986747
19.485022 1.986747
19.513630 2.985528
19.513630 2.985528
19.513630 2.985528
19.513630 2.985528
19.513630 2.985528
19.490711 3.992128
19.490711 3.992128
19.490711 3.992128
19.490711 3.992128
19.490711 3.992128
19.502386 4.976559
19.502386 4.976559
19.502386 4.976559
19.502386 4.976559
19.502386 4.976559
19.537922 5.993780
19.537922 5.993780
19.537922 5.993780
19.537922 5.993780
19.537922 5.993780
19.520119 7.025567
19.520119 7.025567
19.520119 7.025567
19.520119 7.025567
19.520119 7.025567
19.486040 7.976029
19.486040 7.976029
19.486040 7.976029
19.486040 7.976029
19.486040 7.976029
19.476034 8.968696
19.476034 8.968696
19.476034 8.968696
19.476034 8.968696
19.476034 8.968696
19.484825 10.010307
19.484825 10.010307
19.484825 10.010307
19.484825 10.010307
19.484825 10.010307
19.492001 10.975811
19.492001 10.975811
19.492001 10.975811
19.492001 10.975811
19.492001 10.975811
19.519119 11.996666
19.519119 11.996666
19.519119 11.996666
19.519119 11.996666
19.519119 11.996666
19.527111 12.988591
19.527111 12.988591
19.527111 12.988591
19.527111 12.988591
19.527111 12.988591
19.654409 13.762166
19.654409 13.762166
19.654409 13.762166
19.654409 13.762166
19.654409 13.762166
20.520058 -14.005743
20.520058 -14.005743
20.520058 -14.005743
20.520058 -14.005743
20.520058 -14.005743
20.520247 -13.021168
20.520247 -13.021168
20.520247 -13.021168
20.520247 -13.021168
20.520247 -13.021168
20.506792 -12.003600
20.506792 -12.003600
20.506792 -12.003600
20.506792 -12.003600
20.506792 -12.003600
20.541790 -10.991657
20.541790 -10.991657
20.541790 -10.991657
20.541790 -10.991657
20.541790 -10.991657
20.529987 -9.994922
20.529987 -9.994922
20.529987 -9.994922
20.529987 -9.994922
20.529987 -9.994922
20.472612 -9.015469
20.472612 -9.015469
20.472612 -9.015469
20.472612 -9.015469
20.472612 -9.015469
20.481308 -7.985892
20.481308 -7.985892
20.481308 -7.985892
20.481308 -7.985892
20.481308 -7.985892
20.513176 -6.997487
20.513176 -6.997487
20.513176 -6.997487
20.513176 -6.997487
20.513176 -6.997487
20.498466 -6.021313
20.498466 -6.021313
20.498466 -6.021313
20.498466 -6.021313
20.498466 -6.021313
20.525440 -5.029046
20.525440 -5.029046
20.525440 -5.029046
20.525440 -5.029046
20.525440 -5.029046
20.514669 -3.997829
20.514669 -3.997829
20.514669 -3.997829
20.514669 -3.997829
20.514669 -3.997829
20.529278 -2.990386
20.529278 -2.990386
20.529278 -2.990386
20.529278 -2.990386
20.529278 -2.990386
20.494822 -1.990737
20.494822 -1.990737
20.494822 -1.990737
20.494822 -1.990737
20.494822 -1.990737
20.489319 -1.005041
20.489319 -1.005041
20.489319 -1.005041
20.489319 -1.005041
20.489319 -1.005041
20.513939 0.024523
20.513939 0.024523
20.513939 0.024523
20.513939 0.024523
20.513939 0.024523
20.489319 1.005041
20.489319 1.005041
20.489319 1.005041
20.489319 1.005041
20.489319 1.005041
20.494822 1.990737
20.494822 1.990737
20.494822 1.990737
20.494822 1.990737
20.494822 1.990737
20.529278 2.990386
20.529278 2.990386
20.529278 2.990386
20.529278 2.990386
20.529278 2.990386
20.514669 3.997829
20.514669 3.997829
20.514669 3.997829
20.514669 3.997829
20.514669 3.997829
20.525440 5.029046
20.525440 5.029046
20.525440 5.029046
20.525440 5.029046
20.525440 5.029046
20.498466 6.021313
20.498466 6.021313
20.498466 6.021313
20.498466 6.021313
20.498466 6.021313
20.513176 6.997487
20.513176 6.997487
20.513176 6.997487
20.513176 6.997487
20.513176 6.997487
20.481308 7.985892
20.481308 7.985892
20.481308 7.985892
20.481308 7.985892
20.481308 7.985892
20.472612 9.015469
20.472612 9.015469
20.472612 9.015469
20.472612 9.015469
20.472612 9.015469
20.529987 9.994922
20.529987 9.994922
20.529987 9.994922
20.529987 9.994922
20.529987 9.994922
20.541790 10.991657
20.541790 10.991657
20.541790 10.991657
20.541790 10.991657
20.541790 10.991657
20.506792 12.003600
20.506792 12.003600
20.506792 12.003600
20.506792 12.003600
20.506792 12.003600
20.520247 13.021168
20.520247 13.021168
20.520247 13.021168
20.520247 13.021168
20.520247 13.021168
20.520058 14.005743
20.520058 14.005743
20.520058 14.005743
20.520058 14.005743
20.520058 14.005743
21.527227 -14.996952
21.527227 -14.996952
21.527227 -14.996952
21.527227 -14.996952
21.527227 -14.996952
21.529348 -14.025272
21.529348 -14.025272
21.529348 -14.025272
21.529348 -14.025272
21.529348 -14.025272
21.523491 -13.016809
21.523491 -13.016809
21.523491 -13.016809
21.523491 -13.016809
21.523491 -13.016809
21.503462 -11.973387
21.503462 -11.973387
21.503462 -11.973387
21.503462 -11.973387
21.503462 -11.973387
21.505758 -10.983650
21.505758 -10.983650
21.505758 -10.983650
21.505758 -10.983650
21.505758 -10.983650
21.465267 -10.009418
21.465267 -10.009418
21.465267 -10.009418
21.465267 -10.009418
21.465267 -10.009418
21.497503 -8.979921
21.497503 -8.979921
21.497503 -8.979921
21.497503 -8.979921
21.497503 -8.979921
21.482121 -7.964583
21.482121 -7.964583
21.482121 -7.964583
21.482121 -7.964583
21.482121 -7.964583
21.493866 -6.989462
21.493866 -6.989462
21.493866 -6.989462
21.493866 -6.989462
21.493866 -6.989462
21.476683 -5.975370
21.476683 -5.975370
21.476683 -5.975370
21.476683 -5.975370
21.476683 -5.975370
21.487915 -4.993355
21.487915 -4.993355
21.487915 -4.993355
21.487915 -4.993355
21.487915 -4.993355
21.540430 -3.984293
21.540430 -3.984293
21.540430 -3.984293
21.540430 -3.984293
21.540430 -3.984293
21.469351 -2.970225
21.469351 -2.970225
21.469351 -2.970225
21.469351 -2.970225
21.469351 -2.970225
21.505083 -1.985114
21.505083 -1.985114
21.505083 -1.985114
21.505083 -1.985114
21.505083 -1.985114
21.495804 -1.002900
21.495804 -1.002900
21.495804 -1.002900
21.495804 -1.002900
21.495804 -1.002900
21.519171 -0.025725
21.519171 -0.025725
21.519171 -0.025725
21.519171 -0.025725
21.519171 -0.025725
21.495804 1.002900
21.495804 1.002900
21.495804 1.002900
21.495804 1.002900
21.495804 1.002900
21.505083 1.985114
21.505083 1.985114
21.505083 1.985114
21.505083 1.985114
21.505083 1.985114
21.469351 2.970225
21.469351 2.970225
21.469351 2.970225
21.469351 2.970225
21.469351 2.970225
21.540430 3.984293
21.540430 3.984293
21.540430 3.984293
21.540430 3.984293
21.540430 3.984293
21.487915 4.993355
21.487915 4.993355
21.487915 4.993355
21.487915 4.993355
21.487915 4.993355
21.476683 5.975370
21.476683 5.975370
21.476683 5.975370
21.476683 5.975370
21.476683 5.975370
21.493866 6.989462
21.493866 6.989462
21.493866 6.989462
21.493866 6.989462
21.493866 6.989462
21.482121 7.964583
21.482121 7.964583
21.482121 7.964583
21.482121 7.964583
21.482121 7.964583
21.497503 8.979921
21.497503 8.979921
21.497503 8.979921
21.497503 8.979921
21.497503 8.979921
21.465267 10.009418
21.465267 10.009418
21.465267 10.009418
21.465267 10.009418
21.465267 10.009418
21.505758 10.983650
21.505758 10.983650
21.505758 10.983650
21.505758 10.983650
21.505758 10.983650
21.503462 11.973387
21.503462 11.973387
21.503462 11.973387
21.503462 11.973387
21.503462 11.973387
21.523491 13.016809
21.523491 13.016809
21.523491 13.016809
21.523491 13.016809
21.523491 13.016809
21.529348 14.025272
21.529348 14.025272
21.529348 14.025272
21.529348 14.025272
21.529348 14.025272
21.527227 14.996952
21.527227 14.996952
21.527227 14.996952
21.527227 14.996952
21.527227 14.996952
22.631456 -15.846717
22.631456 -15.846717
22.631456 -15.846717
22.631456 -15.846717
22.631456 -15.846717
22.488756 -14.958550
22.488756 -14.958550
22.488756 -14.958550
22.488756 -14.958550
22.488756 -14.958550
22.482967 -13.966835
22.482967 -13.966835
22.482967 -13.966835
22.482967 -13.966835
22.482967 -13.966835
22.504625 -13.028947
22.504625 -13.028947
22.504625 -13.028947
22.504625 -13.028947
22.504625 -13.028947
22.479450 -11.959431
22.479450 -11.959431
22.479450 -11.959431
22.479450 -11.959431
22.479450 -11.959431
22.519876 -11.030371
22.519876 -11.030371
22.519876 -11.030371
22.519876 -11.030371
22.519876 -11.030371
22.501095 -9.973043
22.501095 -9.973043
22.501095 -9.973043
22.501095 -9.973043
22.501095 -9.973043
22.485357 -9.015959
22.485357 -9.015959
22.485357 -9.015959
22.485357 -9.015959
22.485357 -9.015959
22.541613 -7.991503
22.541613 -7.991503
22.541613 -7.991503
22.541613 -7.991503
22.541613 -7.991503
22.461672 -7.008406
22.461672 -7.008406
22.461672 -7.008406
22.461672 -7.008406
22.461672 -7.008406
22.518177 -5.976061
22.518177 -5.976061
22.518177 -5.976061
22.518177 -5.976061
22.518177 -5.976061
22.515961 -5.005790
22.515961 -5.005790
22.515961 -5.005790
22.515961 -5.005790
22.515961 -5.005790
22.482069 -3.991913
22.482069 -3.991913
22.482069 -3.991913
22.482069 -3.991913
22.482069 -3.991913
22.479702 -3.000527
22.479702 -3.000527
22.479702 -3.000527
22.479702 -3.000527
22.479702 -3.000527
22.510963 -2.023698
22.510963 -2.023698
22.510963 -2.023698
22.510963 -2.023698
22.510963 -2.023698
22.502390 -0.995952
22.502390 -0.995952
22.502390 -0.995952
22.502390 -0.995952
22.502390 -0.995952
22.524403 -0.026926
22.524403 -0.026926
22.524403 -0.026926
22.524403 -0.026926
22.524403 -0.026926
22.502390 0.995952
22.502390 0.995952
22.502390 0.995952
22.502390 0.995952
22.502390 0.995952
22.510963 2.023698
22.510963 2.023698
22.510963 2.023698
22.510963 2.023698
22.510963 2.023698
22.479702 3.000527
22.479702 3.000527
22.479702 3.000527
22.479702 3.000527
22.479702 3.000527
22.482069 3.991913
22.482069 3.991913
22.482069 3.991913
22.482069 3.991913
22.482069 3.991913
22.515961 5.005790
22.515961 5.005790
22.515961 5.005790
22.515961 5.005790
22.515961 5.005790
22.518177 5.976061
22.518177 5.976061
22.518177 5.976061
22.518177 5.976061
22.518177 5.976061
22.461672 7.008406
22.461672 7.008406
22.461672 7.008406
22.461672 7.008406
22.461672 7.008406
22.541613 7.991503
22.541613 7.991503
22.541613 7.991503
22.541613 7.991503
22.541613 7.991503
22.485357 9.015959
22.485357 9.015959
22.485357 9.015959
22.485357 9.015959
22.485357 9.015959
22.501095 9.973043
22.501095 9.973043
22.501095 9.973043
22.501095 9.973043
22.501095 9.973043
22.519876 11.030371
22.519876 11.030371
22.519876 11.030371
22.519876 11.030371
22.519876 11.030371
22.479450 11.959431
22.479450 11.959431
22.479450 11.959431
22.479450 11.959431
22.479450 11.959431
22.504625 13.028947
22.504625 13.028947
22.504625 13.028947
22.504625 13.028947
22.504625 13.028947
22.482967 13.966835
22.482967 13.966835
22.482967 13.966835
22.482967 13.966835
22.482967 13.966835
22.488756 14.958550
22.488756 14.958550
22.488756 14.958550
22.488756 14.958550
22.488756 14.958550
22.631456 15.846717
22.631456 15.846717
22.631456 15.846717
22.631456 15.846717
22.631456 15.846717
23.457943 -16.010965
23.457943 -16.010965
23.457943 -16.010965
23.457943 -16.010965
23.457943 -16.010965
23.487837 -14.983147
23.487837 -14.983147
23.487837 -14.983147
23.487837 -14.983147
23.487837 -14.983147
23.476950 -13.969217
23.476950 -13.969217
23.476950 -13.969217
23.476950 -13.969217
23.476950 -13.969217
23.493830 -13.008161
23.493830 -13.008161
23.493830 -13.008161
23.493830 -13.008161
23.493830 -13.008161
23.502815 -12.003609
23.502815 -12.003609
23.502815 -12.003609
23.502815 -12.003609
23.502815 -12.003609
23.471346 -11.013264
23.471346 -11.013264
23.471346 -11.013264
23.471346 -11.013264
23.471346 -11.013264
23.495461 -10.013033
23.495461 -10.013033
23.495461 -10.013033
23.495461 -10.013033
23.495461 -10.013033
23.500002 -8.969273
23.500002 -8.969273
23.500002 -8.969273
23.500002 -8.969273
23.500002 -8.969273
23.513748 -8.021048
23.513748 -8.021048
23.513748 -8.021048
23.513748 -8.021048
23.513748 -8.021048
23.506964 -7.027318
23.506964 -7.027318
23.506964 -7.027318
23.506964 -7.027318
23.506964 -7.027318
23.473394 -5.989868
23.473394 -5.989868
23.473394 -5.989868
23.473394 -5.989868
23.473394 -5.989868
23.470478 -4.982940
23.470478 -4.982940
23.470478 -4.982940
23.470478 -4.982940
23.470478 -4.982940
23.501110 -3.999193
23.501110 -3.999193
23.501110 -3.999193
23.501110 -3.999193
23.501110 -3.999193
23.490814 -3.021231
23.490814 -3.021231
23.490814 -3.021231
23.490814 -3.021231
23.490814 -3.021231
23.521997 -2.001251
23.521997 -2.001251
23.521997 -2.001251
23.521997 -2.001251
23.521997 -2.001251
23.509058 -0.984195
23.509058 -0.984195
23.509058 -0.984195
23.509058 -0.984195
23.509058 -0.984195
23.529634 0.028128
23.529634 0.028128
23.529634 0.028128
23.529634 0.028128
23.529634 0.028128
23.509058 0.984195
23.509058 0.984195
23.509058 0.984195
23.509058 0.984195
23.509058 0.984195
23.521997 2.001251
23.521997 2.001251
23.521997 2.001251
23.521997 2.001251
23.521997 2.001251
23.490814 3.021231
23.490814 3.021231
23.490814 3.021231
23.490814 3.021231
23.490814 3.021231
23.501110 3.999193
23.501110 3.999193
23.501110 3.999193
23.501110 3.999193
23.501110 3.999193
23.470478 4.982940
23.470478 4.982940
23.470478 4.982940
23.470478 4.982940
23.470478 4.982940
23.473394 5.989868
23.473394 5.989868
23.473394 5.989868
23.473394 5.989868
23.473394 5.989868
23.506964 7.027318
23.506964 7.027318
23.506964 7.027318
23.506964 7.027318
23.506964 7.027318
23.513748 8.021048
23.513748 8.021048
23.513748 8.021048
23.513748 8.021048
23.513748 8.021048
23.500002 8.969273
23.500002 8.969273
23.500002 8.969273
23.500002 8.969273
23.500002 8.969273
23.495461 10.013033
23.495461 10.013033
23.495461 10.013033
23.495461 10.013033
23.495461 10.013033
23.471346 11.013264
23.471346 11.013264
23.471346 11.013264
23.471346 11.013264
23.471346 11.013264
23.502815 12.003609
23.502815 12.003609
23.502815 12.003609
23.502815 12.003609
23.502815 12.003609
23.493830 13.008161
23.493830 13.008161
23.493830 13.008161
23.493830 13.008161
23.493830 13.008161
23.476950 13.969217
23.476950 13.969217
23.476950 13.969217
23.476950 13.969217
23.476950 13.969217
23.487837 14.983147
23.487837 14.983147
23.487837 14.983147
23.487837 14.983147
23.487837 14.983147
23.457943 16.010965
23.457943 16.010965
23.457943 16.010965
23.457943 16.010965
23.457943 16.010965
24.486450 -16.971684
24.486450 -16.971684
24.486450 -16.971684
24.486450 -16.971684
24.486450 -16.971684
24.486450 -16.971684
24.486450 -16.971684
24.509697 -15.966818
24.509697 -15.966818
24.509697 -15.966818
24.509697 -15.966818
24.509697 -15.966818
24.509697 -15.966818
24.509697 -15.966818
24.495821 -14.974831
24.495821 -14.974831
24.495821 -14.974831
24.495821 -14.974831
24.495821 -14.974831
24.495821 -14.974831
24.495821 -14.974831
24.512690 -14.035437
24.512690 -14.035437
24.512690 -14.035437
24.512690 -14.035437
24.512690 -14.035437
24.512690 -14.035437
24.512690 -14.035437
24.459158 -13.012667
24.459158 -13.012667
24.459158 -13.012667
24.459158 -13.012667
24.459158 -13.012667
24.459158 -13.012667
24.459158 -13.012667
24.533722 -12.016765
24.533722 -12.016765
24.533722 -12.016765
24.533722 -12.016765
24.533722 -12.016765
24.533722 -12.016765
24.533722 -12.016765
24.498877 -10.998969
24.498877 -10.998969
24.498877 -10.998969
24.498877 -10.998969
24.498877 -10.998969
24.498877 -10.998969
24.498877 -10.998969
24.495430 -10.026473
24.495430 -10.026473
24.495430 -10.026473
24.495430 -10.026473
24.495430 -10.026473
24.495430 -10.026473
24.495430 -10.026473
24.476347 -9.008200
24.476347 -9.008200
24.476347 -9.008200
24.476347 -9.008200
24.476347 -9.008200
24.476347 -9.008200
24.476347 -9.008200
24.489687 -8.028449
24.489687 -8.028449
24.489687 -8.028449
24.489687 -8.028449
24.489687 -8.028449
24.489687 -8.028449
24.489687 -8.028449
24.481434 -7.000938
24.481434 -7.000938
24.481434 -7.000938
24.481434 -7.000938
24.481434 -7.000938
24.481434 -7.000938
24.481434 -7.000938
24.505959 -6.004333
24.505959 -6.004333
24.505959 -6.004333
24.505959 -6.004333
24.505959 -6.004333
24.505959 -6.004333
24.505959 -6.004333
24.490404 -5.016175
24.490404 -5.016175
24.490404 -5.016175
24.490404 -5.016175
24.490404 -5.016175
24.490404 -5.016175
24.490404 -5.016175
24.521360 -3.992053
24.521360 -3.992053
24.521360 -3.992053
24.521360 -3.992053
24.521360 -3.992053
24.521360 -3.992053
24.521360 -3.992053
24.509794 -2.973741
24.509794 -2.973741
24.509794 -2.973741
24.509794 -2.973741
24.509794 -2.973741
24.509794 -2.973741
24.509794 -2.973741
24.528530 -2.027830
24.528530 -2.027830
24.528530 -2.027830
24.528530 -2.027830
24.528530 -2.027830
24.528530 -2.027830
24.528530 -2.027830
24.513412 -1.026242
24.513412 -1.026242
24.513412 -1.026242
24.513412 -1.026242
24.513412 -1.026242
24.513412 -1.026242
24.513412 -1.026242
24.534866 -0.029330
24.534866 -0.029330
24.534866 -0.029330
24.534866 -0.029330
24.534866 -0.029330
24.534866 -0.029330
24.534866 -0.029330
24.513412 1.026242
24.513412 1.026242
24.513412 1.026242
24.513412 1.026242
24.513412 1.026242
24.513412 1.026242
24.513412 1.026242
24.528530 2.027830
24.528530 2.027830
24.528530 2.027830
24.528530 2.027830
24.528530 2.027830
24.528530 2.027830
24.528530 2.027830
24.509794 2.973741
24.509794 2.973741
24.509794 2.973741
24.509794 2.973741
24.509794 2.973741
24.509794 2.973741
24.509794 2.973741
24.521360 3.992053
24.521360 3.992053
24.521360 3.992053
24.521360 3.992053
24.521360 3.992053
24.521360 3.992053
24.521360 3.992053
24.490404 5.016175
24.490404 5.016175
24.490404 5.016175
24.490404 5.016175
24.490404 5.016175
24.490404 5.016175
24.490404 5.016175
24.505959 6.004333
24.505959 6.004333
24.505959 6.004333
24.505959 6.004333
24.505959 6.004333
24.505959 6.004333
24.505959 6.004333
24.481434 7.000938
24.481434 7.000938
24.481434 7.000938
24.481434 7.000938
24.481434 7.000938
24.481434 7.000938
24.481434 7.000938
24.489687 8.028449
24.489687 8.028449
24.489687 8.028449
24.489687 8.028449
24.489687 8.028449
24.489687 8.028449
24.489687 8.028449
24.476347 9.008200
24.476347 9.008200
24.476347 9.008200
24.476347 9.008200
24.476347 9.008200
24.476347 9.008200
24.476347 9.008200
24.495430 10.026473
24.495430 10.026473
24.495430 10.026473
24.495430 10.026473
24.495430 10.026473
24.495430 10.026473
24.495430 10.026473
24.498877 10.998969
24.498877 10.998969
24.498877 10.998969
24.498877 10.998969
24.498877 10.998969
24.498877 10.998969
24.498877 10.998969
24.533722 12.016765
24.533722 12.016765
24.533722 12.016765
24.533722 12.016765
24.533722 12.016765
24.533722 12.016765
24.533722 12.016765
24.459158 13.012667
24.459158 13.012667
24.459158 13.012667
24.459158 13.012667
24.459158 13.012667
24.459158 13.012667
24.459158 13.012667
24.512690 14.035437
24.512690 14.035437
24.512690 14.035437
24.512690 14.035437
24.512690 14.035437
24.512690 14.035437
24.512690 14.035437
24.495821 14.974831
24.495821 14.974831
24.495821 14.974831
24.495821 14.974831
24.495821 14.974831
24.495821 14.974831
24.495821 14.974831
24.509697 15.966818
24.509697 15.966818
24.509697 15.966818
24.509697 15.966818
24.509697 15.966818
24.509697 15.966818
24.509697 15.966818
24.486450 16.971684
24.486450 16.971684
24.486450 16.971684
24.486450 16.971684
24.486450 16.971684
24.486450 16.971684
24.486450 16.971684
25.545162 -17.886915
25.545162 -17.886915
25.545162 -17.886915
25.545162 -17.886915
25.545162 -17.886915
25.545162 -17.886915
25.545162 -17.886915
25.514786 -16.971334
25.514786 -16.971334
25.514786 -16.971334
25.514786 -16.971334
25.514786 -16.971334
25.514786 -16.971334
25.514786 -16.971334
25.493835 -16.006697
25.493835 -16.006697
25.493835 -16.006697
25.493835 -16.006697
25.493835 -16.006697
25.493835 -16.006697
25.493835 -16.006697
25.476038 -14.994229
25.476038 -14.994229
25.476038 -14.994229
25.476038 -14.994229
25.476038 -14.994229
25.476038 -14.994229
25.476038 -14.994229
25.489258 -14.033479
25.489258 -14.033479
25.489258 -14.033479
25.489258 -14.033479
25.489258 -14.033479
25.489258 -14.033479
25.489258 -14.033479
25.499870 -13.023566
25.499870 -13.023566
25.499870 -13.023566
25.499870 -13.023566
25.499870 -13.023566
25.499870 -13.023566
25.499870 -13.023566
25.501417 -11.965816
25.501417 -11.965816
25.501417 -11.965816
25.501417 -11.965816
25.501417 -11.965816
25.501417 -11.965816
25.501417 -11.965816
25.506006 -11.014274
25.506006 -11.014274
25.506006 -11.014274
25.506006 -11.014274
25.506006 -11.014274
25.506006 -11.014274
25.506006 -11.014274
25.500443 -10.013212
25.500443 -10.013212
25.500443 -10.013212
25.500443 -10.013212
25.500443 -10.013212
25.500443 -10.013212
25.500443 -10.013212
25.478359 -8.964131
25.478359 -8.964131
25.478359 -8.964131
25.478359 -8.964131
25.478359 -8.964131
25.478359 -8.964131
25.478359 -8.964131
25.469036 -8.013623
25.469036 -8.013623
25.469036 -8.013623
25.469036 -8.013623
25.469036 -8.013623
25.469036 -8.013623
25.469036 -8.013623
25.516356 -7.033626
25.516356 -7.033626
25.516356 -7.033626
25.516356 -7.033626
25.516356 -7.033626
25.516356 -7.033626
25.516356 -7.033626
25.465578 -5.981891
25.465578 -5.981891
25.465578 -5.981891
25.465578 -5.981891
25.465578 -5.981891
25.465578 -5.981891
25.465578 -5.981891
25.523926 -4.974016
25.523926 -4.974016
25.523926 -4.974016
25.523926 -4.974016
25.523926 -4.974016
25.523926 -4.974016
25.523926 -4.974016
25.533100 -4.031531
25.533100 -4.031531
25.533100 -4.031531
25.533100 -4.031531
25.533100 -4.031531
25.533100 -4.031531
25.533100 -4.031531
25.522215 -2.972811
25.522215 -2.972811
25.522215 -2.972811
25.522215 -2.972811
25.522215 -2.972811
25.522215 -2.972811
25.522215 -2.972811
25.463053 -1.982548
25.463053 -1.982548
25.463053 -1.982548
25.463053 -1.982548
25.463053 -1.982548
25.463053 -1.982548
25.463053 -1.982548
25.520247 -1.007276
25.520247 -1.007276
25.520247 -1.007276
25.520247 -1.007276
25.520247 -1.007276
25.520247 -1.007276
25.520247 -1.007276
25.462772 -0.030439
25.462772 -0.030439
25.462772 -0.030439
25.462772 -0.030439
25.462772 -0.030439
25.462772 -0.030439
25.462772 -0.030439
25.520247 1.007276
25.520247 1.007276
25.520247 1.007276
25.520247 1.007276
25.520247 1.007276
25.520247 1.007276
25.520247 1.007276
25.463053 1.982548
25.463053 1.982548
25.463053 1.982548
25.463053 1.982548
25.463053 1.982548
25.463053 1.982548
25.463053 1.982548
25.522215 2.972811
25.522215 2.972811
25.522215 2.972811
25.522215 2.972811
25.522215 2.972811
25.522215 2.972811
25.522215 2.972811
25.533100 4.031531
25.533100 4.031531
25.533100 4.031531
25.533100 4.031531
25.533100 4.031531
25.533100 4.031531
25.533100 4.031531
25.523926 4.974016
25.523926 4.974016
25.523926 4.974016
25.523926 4.974016
25.523926 4.974016
25.523926 4.974016
25.523926 4.974016
25.465578 5.981891
25.465578 5.981891
25.465578 5.981891
25.465578 5.981891
25.465578 5.981891
25.465578 5.981891
25.465578 5.981891
25.516356 7.033626
25.516356 7.033626
25.516356 7.033626
25.516356 7.033626
25.516356 7.033626
25.516356 7.033626
25.516356 7.033626
25.469036 8.013623
25.469036 8.013623
25.469036 8.013623
25.469036 8.013623
25.469036 8.013623
25.469036 8.013623
25.469036 8.013623
25.478359 8.964131
25.478359 8.964131
25.478359 8.964131
25.478359 8.964131
25.478359 8.964131
25.478359 8.964131
25.478359 8.964131
25.500443 10.013212
25.500443 10.013212
25.500443 10.013212
25.500443 10.013212
25.500443 10.013212
25.500443 10.013212
25.500443 10.013212
25.506006 11.014274
25.506006 11.014274
25.506006 11.014274
25.506006 11.014274
25.506006 11.014274
25.506006 11.014274
25.506006 11.014274
25.501417 11.965816
25.501417 11.965816
25.501417 11.965816
25.501417 11.965816
25.501417 11.965816
25.501417 11.965816
25.501417 11.965816
25.499870 13.023566
25.499870 13.023566
25.499870 13.023566
25.499870 13.023566
25.499870 13.023566
25.499870 13.023566
25.499870 13.023566
25.489258 14.033479
25.489258 14.033479
25.489258 14.033479
25.489258 14.033479
25.489258 14.033479
25.489258 14.033479
25.489258 14.033479
25.476038 14.994229
25.476038 14.994229
25.476038 14.994229
25.476038 14.994229
25.476038 14.994229
25.476038 14.994229
25.476038 14.994229
25.493835 16.006697
25.493835 16.006697
25.493835 16.006697
25.493835 16.006697
25.493835 16.006697
25.493835 16.006697
25.493835 16.006697
25.514786 16.971334
25.514786 16.971334
25.514786 16.971334
25.514786 16.971334
25.514786 16.971334
25.514786 16.971334
25.514786 16.971334
25.545162 17.886915
25.545162 17.886915
25.545162 17.886915
25.545162 17.886915
25.545162 17.886915
25.545162 17.886915
25.545162 17.886915
26.685307 -18.685253
26.685307 -18.685253
26.685307 -18.685253
26.685307 -18.685253
26.685307 -18.685253
26.685307 -18.685253
26.685307 -18.685253
26.502798 -17.996466
26.502798 -17.996466
26.502798 -17.996466
26.502798 -17.996466
26.502798 -17.996466
26.502798 -17.996466
26.502798 -17.996466
26.511236 -17.001120
26.511236 -17.001120
26.511236 -17.001120
26.511236 -17.001120
26.511236 -17.001120
26.511236 -17.001120
26.511236 -17.001120
26.485973 -16.017981
26.485973 -16.017981
26.485973 -16.017981
26.485973 -16.017981
26.485973 -16.017981
26.485973 -16.017981
26.485973 -16.017981
26.530848 -15.022995
26.530848 -15.022995
26.530848 -15.022995
26.530848 -15.022995
26.530848 -15.022995
26.530848 -15.022995
26.530848 -15.022995
26.472420 -14.002651
26.472420 -14.002651
26.472420 -14.002651
26.472420 -14.002651
26.472420 -14.002651
26.472420 -14.002651
26.472420 -14.002651
26.478125 -12.969145
26.478125 -12.969145
26.478125 -12.969145
26.478125 -12.969145
26.478125 -12.969145
26.478125 -12.969145
26.478125 -12.969145
26.516035 -11.980845
26.516035 -11.980845
26.516035 -11.980845
26.516035 -11.980845
26.516035 -11.980845
26.516035 -11.980845
26.516035 -11.980845
26.518438 -11.002872
26.518438 -11.002872
26.518438 -11.002872
26.518438 -11.002872
26.518438 -11.002872
26.518438 -11.002872
26.518438 -11.002872
26.509937 -9.973112
26.509937 -9.973112
26.509937 -9.973112
26.509937 -9.973112
26.509937 -9.973112
26.509937 -9.973112
26.509937 -9.973112
26.535870 -8.981190
26.535870 -8.981190
26.535870 -8.981190
26.535870 -8.981190
26.535870 -8.981190
26.535870 -8.981190
26.535870 -8.981190
26.525438 -7.998815
26.525438 -7.998815
26.525438 -7.998815
26.525438 -7.998815
26.525438 -7.998815
26.525438 -7.998815
26.525438 -7.998815
26.479313 -7.027300
26.479313 -7.027300
26.479313 -7.027300
26.479313 -7.027300
26.479313 -7.027300
26.479313 -7.027300
26.479313 -7.027300
26.488049 -6.021933
26.488049 -6.021933
26.488049 -6.021933
26.488049 -6.021933
26.488049 -6.021933
26.488049 -6.021933
26.488049 -6.021933
26.470970 -4.961768
26.470970 -4.961768
26.470970 -4.961768
26.470970 -4.961768
26.470970 -4.961768
26.470970 -4.961768
26.470970 -4.961768
26.478926 -3.986431
26.478926 -3.986431
26.478926 -3.986431
26.478926 -3.986431
26.478926 -3.986431
26.478926 -3.986431
26.478926 -3.986431
26.528008 -3.025697
26.528008 -3.025697
26.528008 -3.025697
26.528008 -3.025697
26.528008 -3.025697
26.528008 -3.025697
26.528008 -3.025697
26.470102 -1.997298
26.470102 -1.997298
26.470102 -1.997298
26.470102 -1.997298
26.470102 -1.997298
26.470102 -1.997298
26.470102 -1.997298
26.527122 -0.983502
26.527122 -0.983502
26.527122 -0.983502
26.527122 -0.983502
26.527122 -0.983502
26.527122 -0.983502
26.527122 -0.983502
26.468004 -0.031641
26.468004 -0.031641
26.468004 -0.031641
26.468004 -0.031641
26.468004 -0.031641
26.468004 -0.031641
26.468004 -0.031641
26.527122 0.983502
26.527122 0.983502
26.527122 0.983502
26.527122 0.983502
26.527122 0.983502
26.527122 0.983502
26.527122 0.983502
26.470102 1.997298
26.470102 1.997298
26.470102 1.997298
26.470102 1.997298
26.470102 1.997298
26.470102 1.997298
26.470102 1.997298
26.528008 3.025697
26.528008 3.025697
26.528008 3.025697
26.528008 3.025697
26.528008 3.025697
26.528008 3.025697
26.528008 3.025697
26.478926 3.986431
26.478926 3.986431
26.478926 3.986431
26.478926 3.986431
26.478926 3.986431
26.478926 3.986431
26.478926 3.986431
26.470970 4.961768
26.470970 4.961768
26.470970 4.961768
26.470970 4.961768
26.470970 4.961768
26.470970 4.961768
26.470970 4.961768
26.488049 6.021933
26.488049 6.021933
26.488049 6.021933
26.488049 6.021933
26.488049 6.021933
26.488049 6.021933
26.488049 6.021933
26.479313 7.027300
26.479313 7.027300
26.479313 7.027300
26.479313 7.027300
26.479313 7.027300
26.479313 7.027300
26.479313 7.027300
26.525438 7.998815
26.525438 7.998815
26.525438 7.998815
26.525438 7.998815
26.525438 7.998815
26.525438 7.998815
26.525438 7.998815
26.535870 8.981190
26.535870 8.981190
26.535870 8.981190
26.535870 8.981190
26.535870 8.981190
26.535870 8.981190
26.535870 8.981190
26.509937 9.973112
26.509937 9.973112
26.509937 9.973112
26.509937 9.973112
26.509937 9.973112
26.509937 9.973112
26.509937 9.973112
26.518438 11.002872
26.518438 11.002872
26.518438 11.002872
26.518438 11.002872
26.518438 11.002872
26.518438 11.002872
26.518438 11.002872
26.516035 11.980845
26.516035 11.980845
26.516035 11.980845
26.516035 11.980845
26.516035 11.980845
26.516035 11.980845
26.516035 11.980845
26.478125 12.969145
26.478125 12.969145
26.478125 12.969145
26.478125 12.969145
26.478125 12.969145
26.478125 12.969145
26.478125 12.969145
26.472420 14.002651
26.472420 14.002651
26.472420 14.002651
26.472420 14.002651
26.472420 14.002651
26.472420 14.002651
26.472420 14.002651
26.530848 15.022995
26.530848 15.022995
26.530848 15.022995
26.530848 15.022995
26.530848 15.022995
26.530848 15.022995
26.530848 15.022995
26.485973 16.017981
26.485973 16.017981
26.485973 16.017981
26.485973 16.017981
26.485973 16.017981
26.485973 16.017981
26.485973 16.017981
26.511236 17.001120
26.511236 17.001120
26.511236 17.001120
26.511236 17.001120
26.511236 17.001120
26.511236 17.001120
26.511236 17.001120
26.502798 17.996466
26.502798 17.996466
26.502798 17.996466
26.502798 17.996466
26.502798 17.996466
26.502798 17.996466
26.502798 17.996466
26.685307 18.685253
26.685307 18.685253
26.685307 18.685253
26.685307 18.685253
26.685307 18.685253
26.685307 18.685253
26.685307 18.685253
27.518877 -18.976234
27.518877 -18.976234
27.518877 -18.976234
27.518877 -18.976234
27.518877 -18.976234
27.518877 -18.976234
27.518877 -18.976234
27.511841 -18.016399
27.511841 -18.016399
27.511841 -18.016399
27.511841 -18.016399
27.511841 -18.016399
27.511841 -18.016399
27.511841 -18.016399
27.515629 -17.002180
27.515629 -17.002180
27.515629 -17.002180
27.515629 -17.002180
27.515629 -17.002180
27.515629 -17.002180
27.515629 -17.002180
27.485424 -16.000418
27.485424 -16.000418
27.485424 -16.000418
27.485424 -16.000418
27.485424 -16.000418
27.485424 -16.000418
27.485424 -16.000418
27.525616 -14.983557
27.525616 -14.983557
27.525616 -14.983557
27.525616 -14.983557
27.525616 -14.983557
27.525616 -14.983557
27.525616 -14.983557
27.530424 -13.977742
27.530424 -13.977742
27.530424 -13.977742
27.530424 -13.977742
27.530424 -13.977742
27.530424 -13.977742
27.530424 -13.977742
27.500523 -12.984158
27.500523 -12.984158
27.500523 -12.984158
27.500523 -12.984158
27.500523 -12.984158
27.500523 -12.984158
27.500523 -12.984158
27.507465 -12.034950
27.507465 -12.034950
27.507465 -12.034950
27.507465 -12.034950
27.507465 -12.034950
27.507465 -12.034950
27.507465 -12.034950
27.509325 -11.030419
27.509325 -11.030419
27.509325 -11.030419
27.509325 -11.030419
27.509325 -11.030419
27.509325 -11.030419
27.509325 -11.030419
27.499588 -9.971819
27.499588 -9.971819
27.499588 -9.971819
27.499588 -9.971819
27.499588 -9.971819
27.499588 -9.971819
27.499588 -9.971819
27.502281 -9.016068
27.502281 -9.016068
27.502281 -9.016068
27.502281 -9.016068
27.502281 -9.016068
27.502281 -9.016068
27.502281 -9.016068
27.491634 -8.004168
27.491634 -8.004168
27.491634 -8.004168
27.491634 -8.004168
27.491634 -8.004168
27.491634 -8.004168
27.491634 -8.004168
27.519327 -7.022297
27.519327 -7.022297
27.519327 -7.022297
27.519327 -7.022297
27.519327 -7.022297
27.519327 -7.022297
27.519327 -7.022297
27.526733 -5.981808
27.526733 -5.981808
27.526733 -5.981808
27.526733 -5.981808
27.526733 -5.981808
27.526733 -5.981808
27.526733 -5.981808
27.483292 -5.015606
27.483292 -5.015606
27.483292 -5.015606
27.483292 -5.015606
27.483292 -5.015606
27.483292 -5.015606
27.483292 -5.015606
27.492420 -4.004669
27.492420 -4.004669
27.492420 -4.004669
27.492420 -4.004669
27.492420 -4.004669
27.492420 -4.004669
27.492420 -4.004669
27.464594 -2.999556
27.464594 -2.999556
27.464594 -2.999556
27.464594 -2.999556
27.464594 -2.999556
27.464594 -2.999556
27.464594 -2.999556
27.477364 -2.007244
27.477364 -2.007244
27.477364 -2.007244
27.477364 -2.007244
27.477364 -2.007244
27.477364 -2.007244
27.477364 -2.007244
27.531666 -1.020746
27.531666 -1.020746
27.531666 -1.020746
27.531666 -1.020746
27.531666 -1.020746
27.531666 -1.020746
27.531666 -1.020746
27.473236 -0.032842
27.473236 -0.032842
27.473236 -0.032842
27.473236 -0.032842
27.473236 -0.032842
27.473236 -0.032842
27.473236 -0.032842
27.531666 1.020746
27.531666 1.020746
27.531666 1.020746
27.531666 1.020746
27.531666 1.020746
27.531666 1.020746
27.531666 1.020746
27.477364 2.007244
27.477364 2.007244
27.477364 2.007244
27.477364 2.007244
27.477364 2.007244
27.477364 2.007244
27.477364 2.007244
27.464594 2.999556
27.464594 2.999556
27.464594 2.999556
27.464594 2.999556
27.464594 2.999556
27.464594 2.999556
27.464594 2.999556
27.492420 4.004669
27.492420 4.004669
27.492420 4.004669
27.492420 4.004669
27.492420 4.004669
27.492420 4.004669
27.492420 4.004669
27.483292 5.015606
27.483292 5.015606
27.483292 5.015606
27.483292 5.015606
27.483292 5.015606
27.483292 5.015606
27.483292 5.015606
27.526733 5.981808
27.526733 5.981808
27.526733 5.981808
27.526733 5.981808
27.526733 5.981808
27.526733 5.981808
27.526733 5.981808
27.519327 7.022297
27.519327 7.022297
27.519327 7.022297
27.519327 7.022297
27.519327 7.022297
27.519327 7.022297
27.519327 7.022297
27.491634 8.004168
27.491634 8.004168
27.491634 8.004168
27.491634 8.004168
27.491634 8.004168
27.491634 8.004168
27.491634 8.004168
27.502281 9.016068
27.502281 9.016068
27.502281 9.016068
27.502281 9.016068
27.502281 9.016068
27.502281 9.016068
27.502281 9.016068
27.499588 9.971819
27.499588 9.971819
27.499588 9.971819
27.499588 9.971819
27.499588 9.971819
27.499588 9.971819
27.499588 9.971819
27.509325 11.030419
27.509325 11.030419
27.509325 11.030419
27.509325 11.030419
27.509325 11.030419
27.509325 11.030419
27.509325 11.030419
27.507465 12.034950
27.507465 12.034950
27.507465 12.034950
27.507465 12.034950
27.507465 12.034950
27.507465 12.034950
27.507465 12.034950
27.500523 12.984158
27.500523 12.984158
27.500523 12.984158
27.500523 12.984158
27.500523 12.984158
27.500523 12.984158
27.500523 12.984158
27.530424 13.977742
27.530424 13.977742
27.530424 13.977742
27.530424 13.977742
27.530424 13.977742
27.530424 13.977742
27.530424 13.977742
27.525616 14.983557
27.525616 14.983557
27.525616 14.983557
27.525616 14.983557
27.525616 14.983557
27.525616 14.983557
27.525616 14.983557
27.485424 16.000418
27.485424 16.000418
27.485424 16.000418
27.485424 16.000418
27.485424 16.000418
27.485424 16.000418
27.485424 16.000418
27.515629 17.002180
27.515629 17.002180
27.515629 17.002180
27.515629 17.002180
27.515629 17.002180
27.515629 17.002180
27.515629 17.002180
27.511841 18.016399
27.511841 18.016399
27.511841 18.016399
27.511841 18.016399
27.511841 18.016399
27.511841 18.016399
27.511841 18.016399
27.518877 18.976234
27.518877 18.976234
27.518877 18.976234
27.518877 18.976234
27.518877 18.976234
27.518877 18.976234
27.518877 18.976234
28.522207 -19.971464
28.522207 -19.971464
28.522207 -19.971464
28.522207 -19.971464
28.522207 -19.971464
28.522207 -19.971464
28.522207 -19.971464
28.540815 -18.984119
28.540815 -18.984119
28.540815 -18.984119
28.540815 -18.984119
28.540815 -18.984119
28.540815 -18.984119
28.540815 -18.984119
28.528776 -18.007471
28.528776 -18.007471
28.528776 -18.007471
28.528776 -18.007471
28.528776 -18.007471
28.528776 -18.007471
28.528776 -18.007471
28.527281 -16.974258
28.527281 -16.974258
28.527281 -16.974258
28.527281 -16.974258
28.527281 -16.974258
28.527281 -16.974258
28.527281 -16.974258
28.491499 -15.953769
28.491499 -15.953769
28.491499 -15.953769
28.491499 -15.953769
28.491499 -15.953769
28.491499 -15.953769
28.491499 -15.953769
28.490541 -14.983077
28.490541 -14.983077
28.490541 -14.983077
28.490541 -14.983077
28.490541 -14.983077
28.490541 -14.983077
28.490541 -14.983077
28.491970 -13.955538
28.491970 -13.955538
28.491970 -13.955538
28.491970 -13.955538
28.491970 -13.955538
28.491970 -13.955538
28.491970 -13.955538
28.528627 -12.972425
28.528627 -12.972425
28.528627 -12.972425
28.528627 -12.972425
28.528627 -12.972425
28.528627 -12.972425
28.528627 -12.972425
28.532623 -11.998827
28.532623 -11.998827
28.532623 -11.998827
28.532623 -11.998827
28.532623 -11.998827
28.532623 -11.998827
28.532623 -11.998827
28.504536 -11.035801
28.504536 -11.035801
28.504536 -11.035801
28.504536 -11.035801
28.504536 -11.035801
28.504536 -11.035801
28.504536 -11.035801
28.469006 -10.016339
28.469006 -10.016339
28.469006 -10.016339
28.469006 -10.016339
28.469006 -10.016339
28.469006 -10.016339
28.469006 -10.016339
28.493221 -8.965158
28.493221 -8.965158
28.493221 -8.965158
28.493221 -8.965158
28.493221 -8.965158
28.493221 -8.965158
28.493221 -8.965158
28.534725 -8.012652
28.534725 -8.012652
28.534725 -8.012652
28.534725 -8.012652
28.534725 -8.012652
28.534725 -8.012652
28.534725 -8.012652
28.486475 -6.979620
28.486475 -6.979620
28.486475 -6.979620
28.486475 -6.979620
28.486475 -6.979620
28.486475 -6.979620
28.486475 -6.979620
28.477064 -5.974753
28.477064 -5.974753
28.477064 -5.974753
28.477064 -5.974753
28.477064 -5.974753
28.477064 -5.974753
28.477064 -5.974753
28.508728 -4.991725
28.508728 -4.991725
28.508728 -4.991725
28.508728 -4.991725
28.508728 -4.991725
28.508728 -4.991725
28.508728 -4.991725
28.506672 -4.013302
28.506672 -4.013302
28.506672 -4.013302
28.506672 -4.013302
28.506672 -4.013302
28.506672 -4.013302
28.506672 -4.013302
28.478424 -2.972553
28.478424 -2.972553
28.478424 -2.972553
28.478424 -2.972553
28.478424 -2.972553
28.478424 -2.972553
28.478424 -2.972553
28.484818 -2.012384
28.484818 -2.012384
28.484818 -2.012384
28.484818 -2.012384
28.484818 -2.012384
28.484818 -2.012384
28.484818 -2.012384
28.538656 -0.989760
28.538656 -0.989760
28.538656 -0.989760
28.538656 -0.989760
28.538656 -0.989760
28.538656 -0.989760
28.538656 -0.989760
28.478468 -0.034044
28.478468 -0.034044
28.478468 -0.034044
28.478468 -0.034044
28.478468 -0.034044
28.478468 -0.034044
28.478468 -0.034044
28.538656 0.989760
28.538656 0.989760
28.538656 0.989760
28.538656 0.989760
28.538656 0.989760
28.538656 0.989760
28.538656 0.989760
28.484818 2.012384
28.484818 2.012384
28.484818 2.012384
28.484818 2.012384
28.484818 2.012384
28.484818 2.012384
28.484818 2.012384
28.478424 2.972553
28.478424 2.972553
28.478424 2.972553
28.478424 2.972553
28.478424 2.972553
28.478424 2.972553
28.478424 2.972553
28.506672 4.013302
28.506672 4.013302
28.506672 4.013302
28.506672 4.013302
28.506672 4.013302
28.506672 4.013302
28.506672 4.013302
28.508728 4.991725
28.508728 4.991725
28.508728 4.991725
28.508728 4.991725
28.508728 4.991725
28.508728 4.991725
28.508728 4.991725
28.477064 5.974753
28.477064 5.974753
28.477064 5.974753
28.477064 5.974753
28.477064 5.974753
28.477064 5.974753
28.477064 5.974753
28.486475 6.979620
28.486475 6.979620
28.486475 6.979620
28.486475 6.979620
28.486475 6.979620
28.486475 6.979620
28.486475 6.979620
28.534725 8.012652
28.534725 8.012652
28.534725 8.012652
28.534725 8.012652
28.534725 8.012652
28.534725 8.012652
28.534725 8.012652
28.493221 8.965158
28.493221 8.965158
28.493221 8.965158
28.493221 8.965158
28.493221 8.965158
28.493221 8.965158
28.493221 8.965158
28.469006 10.016339
28.469006 10.016339
28.469006 10.016339
28.469006 10.016339
28.469006 10.016339
28.469006 10.016339
28.469006 10.016339
28.504536 11.035801
28.504536 11.035801
28.504536 11.035801
28.504536 11.035801
28.504536 11.035801
28.504536 11.035801
28.504536 11.035801
28.532623 11.998827
28.532623 11.998827
28.532623 11.998827
28.532623 11.998827
28.532623 11.998827
28.532623 11.998827
28.532623 11.998827
28.528627 12.972425
28.528627 12.972425
28.528627 12.972425
28.528627 12.972425
28.528627 12.972425
28.528627 12.972425
28.528627 12.972425
28.491970 13.955538
28.491970 13.955538
28.491970 13.955538
28.491970 13.955538
28.491970 13.955538
28.491970 13.955538
28.491970 13.955538
28.490541 14.983077
28.490541 14.983077
28.490541 14.983077
28.490541 14.983077
28.490541 14.983077
28.490541 14.983077
28.490541 14.983077
28.491499 15.953769
28.491499 15.953769
28.491499 15.953769
28.491499 15.953769
28.491499 15.953769
28.491499 15.953769
28.491499 15.953769
28.527281 16.974258
28.527281 16.974258
28.527281 16.974258
28.527281 16.974258
28.527281 16.974258
28.527281 16.974258
28.527281 16.974258
28.528776 18.007471
28.528776 18.007471
28.528776 18.007471
28.528776 18.007471
28.528776 18.007471
28.528776 18.007471
28.528776 18.007471
28.540815 18.984119
28.540815 18.984119
28.540815 18.984119
28.540815 18.984119
28.540815 18.984119
28.540815 18.984119
28.540815 18.984119
28.522207 19.971464
28.522207 19.971464
28.522207 19.971464
28.522207 19.971464
28.522207 19.971464
28.522207 19.971464
28.522207 19.971464
29.662354 -20.769802
29.662354 -20.769802
29.662354 -20.769802
29.662354 -20.769802
29.662354 -20.769802
29.662354 -20.769802
29.662354 -20.769802
29.509439 -20.038095
29.509439 -20.038095
29.509439 -20.038095
29.509439 -20.038095
29.509439 -20.038095
29.509439 -20.038095
29.509439 -20.038095
29.460114 -18.991730
29.460114 -18.991730
29.460114 -18.991730
29.460114 -18.991730
29.460114 -18.991730
29.460114 -18.991730
29.460114 -18.991730
29.509871 -18.040028
29.509871 -18.040028
29.509871 -18.040028
29.509871 -18.040028
29.509871 -18.040028
29.509871 -18.040028
29.509871 -18.040028
29.504969 -16.987705
29.504969 -16.987705
29.504969 -16.987705
29.504969 -16.987705
29.504969 -16.987705
29.504969 -16.987705
29.504969 -16.987705
29.533461 -15.985112
29.533461 -15.985112
29.533461 -15.985112
29.533461 -15.985112
29.533461 -15.985112
29.533461 -15.985112
29.533461 -15.985112
29.529913 -14.992922
29.529913 -14.992922
29.529913 -14.992922
29.529913 -14.992922
29.529913 -14.992922
29.529913 -14.992922
29.529913 -14.992922
29.494894 -14.012119
29.494894 -14.012119
29.494894 -14.012119
29.494894 -14.012119
29.494894 -14.012119
29.494894 -14.012119
29.494894 -14.012119
29.530874 -13.004432
29.530874 -13.004432
29.530874 -13.004432
29.530874 -13.004432
29.530874 -13.004432
29.530874 -13.004432
29.530874 -13.004432
29.533609 -12.006341
29.533609 -12.006341
29.533609 -12.006341
29.533609 -12.006341
29.533609 -12.006341
29.533609 -12.006341
29.533609 -12.006341
29.503681 -11.018916
29.503681 -11.018916
29.503681 -11.018916
29.503681 -11.018916
29.503681 -11.018916
29.503681 -11.018916
29.503681 -11.018916
29.538881 -9.997573
29.538881 -9.997573
29.538881 -9.997573
29.538881 -9.997573
29.538881 -9.997573
29.538881 -9.997573
29.538881 -9.997573
29.539385 -8.984781
29.539385 -8.984781
29.539385 -8.984781
29.539385 -8.984781
29.539385 -8.984781
29.539385 -8.984781
29.539385 -8.984781
29.505760 -7.981702
29.505760 -7.981702
29.505760 -7.981702
29.505760 -7.981702
29.505760 -7.981702
29.505760 -7.981702
29.505760 -7.981702
29.513847 -7.007333
29.513847 -7.007333
29.513847 -7.007333
29.513847 -7.007333
29.513847 -7.007333
29.513847 -7.007333
29.513847 -7.007333
29.504452 -5.969698
29.504452 -5.969698
29.504452 -5.969698
29.504452 -5.969698
29.504452 -5.969698
29.504452 -5.969698
29.504452 -5.969698
29.523258 -5.023985
29.523258 -5.023985
29.523258 -5.023985
29.523258 -5.023985
29.523258 -5.023985
29.523258 -5.023985
29.523258 -5.023985
29.521610 -4.012323
29.521610 -4.012323
29.521610 -4.012323
29.521610 -4.012323
29.521610 -4.012323
29.521610 -4.012323
29.521610 -4.012323
29.485497 -3.006424
29.485497 -3.006424
29.485497 -3.006424
29.485497 -3.006424
29.485497 -3.006424
29.485497 -3.006424
29.485497 -3.006424
29.492447 -2.012718
29.492447 -2.012718
29.492447 -2.012718
29.492447 -2.012718
29.492447 -2.012718
29.492447 -2.012718
29.492447 -2.012718
29.466005 -1.021922
29.466005 -1.021922
29.466005 -1.021922
29.466005 -1.021922
29.466005 -1.021922
29.466005 -1.021922
29.466005 -1.021922
29.483700 -0.035246
29.483700 -0.035246
29.483700 -0.035246
29.483700 -0.035246
29.483700 -0.035246
29.483700 -0.035246
29.483700 -0.035246
29.466005 1.021922
29.466005 1.021922
29.466005 1.021922
29.466005 1.021922
29.466005 1.021922
29.466005 1.021922
29.466005 1.021922
29.492447 2.012718
29.492447 2.012718
29.492447 2.012718
29.492447 2.012718
29.492447 2.012718
29.492447 2.012718
29.492447 2.012718
29.485497 3.006424
29.485497 3.006424
29.485497 3.006424
29.485497 3.006424
29.485497 3.006424
29.485497 3.006424
29.485497 3.006424
29.521610 4.012323
29.521610 4.012323
29.521610 4.012323
29.521610 4.012323
29.521610 4.012323
29.521610 4.012323
29.521610 4.012323
29.523258 5.023985
29.523258 5.023985
29.523258 5.023985
29.523258 5.023985
29.523258 5.023985
29.523258 5.023985
29.523258 5.023985
29.504452 5.969698
29.504452 5.969698
29.504452 5.969698
29.504452 5.969698
29.504452 5.969698
29.504452 5.969698
29.504452 5.969698
29.513847 7.007333
29.513847 7.007333
29.513847 7.007333
29.513847 7.007333
29.513847 7.007333
29.513847 7.007333
29.513847 7.007333
29.505760 7.981702
29.505760 7.981702
29.505760 7.981702
29.505760 7.981702
29.505760 7.981702
29.505760 7.981702
29.505760 7.981702
29.539385 8.984781
29.539385 8.984781
29.539385 8.984781
29.539385 8.984781
29.539385 8.984781
29.539385 8.984781
29.539385 8.984781
29.538881 9.997573
29.538881 9.997573
29.538881 9.997573
29.538881 9.997573
29.538881 9.997573
29.538881 9.997573
29.538881 9.997573
29.503681 11.018916
29.503681 11.018916
29.503681 11.018916
29.503681 11.018916
29.503681 11.018916
29.503681 11.018916
29.503681 11.018916
29.533609 12.006341
29.533609 12.006341
29.533609 12.006341
29.533609 12.006341
29.533609 12.006341
29.533609 12.006341
29.533609 12.006341
29.530874 13.004432
29.530874 13.004432
29.530874 13.004432
29.530874 13.004432
29.530874 13.004432
29.530874 13.004432
29.530874 13.004432
29.494894 14.012119
29.494894 14.012119
29.494894 14.012119
29.494894 14.012119
29.494894 14.012119
29.494894 14.012119
29.494894 14.012119
29.529913 14.992922
29.529913 14.992922
29.529913 14.992922
29.529913 14.992922
29.529913 14.992922
29.529913 14.992922
29.529913 14.992922
29.533461 15.985112
29.533461 15.985112
29.533461 15.985112
29.533461 15.985112
29.533461 15.985112
29.533461 15.985112
29.533461 15.985112
29.504969 16.987705
29.504969 16.987705
29.504969 16.987705
29.504969 16.987705
29.504969 16.987705
29.504969 16.987705
29.504969 16.987705
29.509871 18.040028
29.509871 18.040028
29.509871 18.040028
29.509871 18.040028
29.509871 18.040028
29.509871 18.040028
29.509871 18.040028
29.460114 18.991730
29.460114 18.991730
29.460114 18.991730
29.460114 18.991730
29.460114 18.991730
29.460114 18.991730
29.460114 18.991730
29.509439 20.038095
29.509439 20.038095
29.509439 20.038095
29.509439 20.038095
29.509439 20.038095
29.509439 20.038095
29.509439 20.038095
29.662354 20.769802
29.662354 20.769802
29.662354 20.769802
29.662354 20.769802
29.662354 20.769802
29.662354 20.769802
29.662354 20.769802
30.510799 -21.039379
30.510799 -21.039379
30.510799 -21.039379
30.510799 -21.039379
30.510799 -21.039379
30.510799 -21.039379
30.510799 -21.039379
30.487541 -19.965065
30.487541 -19.965065
30.487541 -19.965065
30.487541 -19.965065
30.487541 -19.965065
30.487541 -19.965065
30.487541 -19.965065
30.450954 -19.017746
30.450954 -19.017746
30.450954 -19.017746
30.450954 -19.017746
30.450954 -19.017746
30.450954 -19.017746
30.450954 -19.017746
30.540682 -17.975086
30.540682 -17.975086
30.540682 -17.975086
30.540682 -17.975086
30.540682 -17.975086
30.540682 -17.975086
30.540682 -17.975086
30.488762 -16.976511
30.488762 -16.976511
30.488762 -16.976511
30.488762 -16.976511
30.488762 -16.976511
30.488762 -16.976511
30.488762 -16.976511
30.475262 -16.026834
30.475262 -16.026834
30.475262 -16.026834
30.475262 -16.026834
30.475262 -16.026834
30.475262 -16.026834
30.475262 -16.026834
30.470005 -15.014824
30.470005 -15.014824
30.470005 -15.014824
30.470005 -15.014824
30.470005 -15.014824
30.470005 -15.014824
30.470005 -15.014824
30.536619 -13.973691
30.536619 -13.973691
30.536619 -13.973691
30.536619 -13.973691
30.536619 -13.973691
30.536619 -13.973691
30.536619 -13.973691
30.466707 -12.983961
30.466707 -12.983961
30.466707 -12.983961
30.466707 -12.983961
30.466707 -12.983961
30.466707 -12.983961
30.466707 -12.983961
30.538729 -11.991588
30.538729 -11.991588
30.538729 -11.991588
30.538729 -11.991588
30.538729 -11.991588
30.538729 -11.991588
30.538729 -11.991588
30.506374 -10.979675
30.506374 -10.979675
30.506374 -10.979675
30.506374 -10.979675
30.506374 -10.979675
30.506374 -10.979675
30.506374 -10.979675
30.514875 -10.003685
30.514875 -10.003685
30.514875 -10.003685
30.514875 -10.003685
30.514875 -10.003685
30.514875 -10.003685
30.514875 -10.003685
30.492733 -9.036324
30.492733 -9.036324
30.492733 -9.036324
30.492733 -9.036324
30.492733 -9.036324
30.492733 -9.036324
30.492733 -9.036324
30.459677 -8.005737
30.459677 -8.005737
30.459677 -8.005737
30.459677 -8.005737
30.459677 -8.005737
30.459677 -8.005737
30.459677 -8.005737
30.467672 -7.003333
30.467672 -7.003333
30.467672 -7.003333
30.467672 -7.003333
30.467672 -7.003333
30.467672 -7.003333
30.467672 -7.003333
30.518869 -6.023186
30.518869 -6.023186
30.518869 -6.023186
30.518869 -6.023186
30.518869 -6.023186
30.518869 -6.023186
30.518869 -6.023186
30.474382 -4.961199
30.474382 -4.961199
30.474382 -4.961199
30.474382 -4.961199
30.474382 -4.961199
30.474382 -4.961199
30.474382 -4.961199
30.537170 -4.001727
30.537170 -4.001727
30.537170 -4.001727
30.537170 -4.001727
30.537170 -4.001727
30.537170 -4.001727
30.537170 -4.001727
30.492889 -3.035496
30.492889 -3.035496
30.492889 -3.035496
30.492889 -3.035496
30.492889 -3.035496
30.492889 -3.035496
30.492889 -3.035496
30.500235 -2.008246
30.500235 -2.008246
30.500235 -2.008246
30.500235 -2.008246
30.500235 -2.008246
30.500235 -2.008246
30.500235 -2.008246
30.473074 -0.983910
30.473074 -0.983910
30.473074 -0.983910
30.473074 -0.983910
30.473074 -0.983910
30.473074 -0.983910
30.473074 -0.983910
30.488932 -0.036447
30.488932 -0.036447
30.488932 -0.036447
30.488932 -0.036447
30.488932 -0.036447
30.488932 -0.036447
30.488932 -0.036447
30.473074 0.983910
30.473074 0.983910
30.473074 0.983910
30.473074 0.983910
30.473074 0.983910
30.473074 0.983910
30.473074 0.983910
30.500235 2.008246
30.500235 2.008246
30.500235 2.008246
30.500235 2.008246
30.500235 2.008246
30.500235 2.008246
30.500235 2.008246
30.492889 3.035496
30.492889 3.035496
30.492889 3.035496
30.492889 3.035496
30.492889 3.035496
30.492889 3.035496
30.492889 3.035496
30.537170 4.001727
30.537170 4.001727
30.537170 4.001727
30.537170 4.001727
30.537170 4.001727
30.537170 4.001727
30.537170 4.001727
30.474382 4.961199
30.474382 4.961199
30.474382 4.961199
30.474382 4.961199
30.474382 4.961199
30.474382 4.961199
30.474382 4.961199
30.518869 6.023186
30.518869 6.023186
30.518869 6.023186
30.518869 6.023186
30.518869 6.023186
30.518869 6.023186
30.518869 6.023186
30.467672 7.003333
30.467672 7.003333
30.467672 7.003333
30.467672 7.003333
30.467672 7.003333
30.467672 7.003333
30.467672 7.003333
30.459677 8.005737
30.459677 8.005737
30.459677 8.005737
30.459677 8.005737
30.459677 8.005737
30.459677 8.005737
30.459677 8.005737
30.492733 9.036324
30.492733 9.036324
30.492733 9.036324
30.492733 9.036324
30.492733 9.036324
30.492733 9.036324
30.492733 9.036324
30.514875 10.003685
30.514875 10.003685
30.514875 10.003685
30.514875 10.003685
30.514875 10.003685
30.514875 10.003685
30.514875 10.003685
30.506374 10.979675
30.506374 10.979675
30.506374 10.979675
30.506374 10.979675
30.506374 10.979675
30.506374 10.979675
30.506374 10.979675
30.538729 11.991588
30.538729 11.991588
30.538729 11.991588
30.538729 11.991588
30.538729 11.991588
30.538729 11.991588
30.538729 11.991588
30.466707 12.983961
30.466707 12.983961
30.466707 12.983961
30.466707 12.983961
30.466707 12.983961
30.466707 12.983961
30.466707 12.983961
30.536619 13.973691
30.536619 13.973691
30.536619 13.973691
30.536619 13.973691
30.536619 13.973691
30.536619 13.973691
30.536619 13.973691
30.470005 15.014824
30.470005 15.014824
30.470005 15.014824
30.470005 15.014824
30.470005 15.014824
30.470005 15.014824
30.470005 15.014824
30.475262 16.026834
30.475262 16.026834
30.475262 16.026834
30.475262 16.026834
30.475262 16.026834
30.475262 16.026834
30.475262 16.026834
30.488762 16.976511
30.488762 16.976511
30.488762 16.976511
30.488762 16.976511
30.488762 16.976511
30.488762 16.976511
30.488762 16.976511
30.540682 17.975086
30.540682 17.975086
30.540682 17.975086
30.540682 17.975086
30.540682 17.975086
30.540682 17.975086
30.540682 17.975086
30.450954 19.017746
30.450954 19.017746
30.450954 19.017746
30.450954 19.017746
30.450954 19.017746
30.450954 19.017746
30.450954 19.017746
30.487541 19.965065
30.487541 19.965065
30.487541 19.965065
30.487541 19.965065
30.487541 19.965065
30.487541 19.965065
30.487541 19.965065
30.510799 21.039379
30.510799 21.039379
30.510799 21.039379
30.510799 21.039379
30.510799 21.039379
30.510799 21.039379
30.510799 21.039379
31.551897 -21.980642
31.551897 -21.980642
31.551897 -21.980642
31.551897 -21.980642
31.551897 -21.980642
31.551897 -21.980642
31.551897 -21.980642
31.502460 -20.954079
31.502460 -20.954079
31.502460 -20.954079
31.502460 -20.954079
31.502460 -20.954079
31.502460 -20.954079
31.502460 -20.954079
31.488987 -19.981407
31.488987 -19.981407
31.488987 -19.981407
31.488987 -19.981407
31.488987 -19.981407
31.488987 -19.981407
31.488987 -19.981407
31.448454 -19.019152
31.448454 -19.019152
31.448454 -19.019152
31.448454 -19.019152
31.448454 -19.019152
31.448454 -19.019152
31.448454 -19.019152
31.491520 -18.031364
31.491520 -18.031364
31.491520 -18.031364
31.491520 -18.031364
31.491520 -18.031364
31.491520 -18.031364
31.491520 -18.031364
31.546244 -16.977146
31.546244 -16.977146
31.546244 -16.977146
31.546244 -16.977146
31.546244 -16.977146
31.546244 -16.977146
31.546244 -16.977146
31.529402 -16.008102
31.529402 -16.008102
31.529402 -16.008102
31.529402 -16.008102
31.529402 -16.008102
31.529402 -16.008102
31.529402 -16.008102
31.520388 -14.974369
31.520388 -14.974369
31.520388 -14.974369
31.520388 -14.974369
31.520388 -14.974369
31.520388 -14.974369
31.520388 -14.974369
31.479101 -13.952319
31.479101 -13.952319
31.479101 -13.952319
31.479101 -13.952319
31.479101 -13.952319
31.479101 -13.952319
31.479101 -13.952319
31.477650 -12.972390
31.477650 -12.972390
31.477650 -12.972390
31.477650 -12.972390
31.477650 -12.972390
31.477650 -12.972390
31.477650 -12.972390
31.518923 -12.029862
31.518923 -12.029862
31.518923 -12.029862
31.518923 -12.029862
31.518923 -12.029862
31.518923 -12.029862
31.518923 -12.029862
31.486027 -10.993301
31.486027 -10.993301
31.486027 -10.993301
31.486027 -10.993301
31.486027 -10.993301
31.486027 -10.993301
31.486027 -10.993301
31.493607 -9.992018
31.493607 -9.992018
31.493607 -9.992018
31.493607 -9.992018
31.493607 -9.992018
31.493607 -9.992018
31.493607 -9.992018
31.469900 -8.999426
31.469900 -8.999426
31.469900 -8.999426
31.469900 -8.999426
31.469900 -8.999426
31.469900 -8.999426
31.469900 -8.999426
31.490335 -8.035606
31.490335 -8.035606
31.490335 -8.035606
31.490335 -8.035606
31.490335 -8.035606
31.490335 -8.035606
31.490335 -8.035606
31.498394 -7.002781
31.498394 -7.002781
31.498394 -7.002781
31.498394 -7.002781
31.498394 -7.002781
31.498394 -7.002781
31.498394 -7.002781
31.472898 -5.977265
31.472898 -5.977265
31.472898 -5.977265
31.472898 -5.977265
31.472898 -5.977265
31.472898 -5.977265
31.472898 -5.977265
31.490690 -4.972201
31.490690 -4.972201
31.490690 -4.972201
31.490690 -4.972201
31.490690 -4.972201
31.490690 -4.972201
31.490690 -4.972201
31.476562 -3.971827
31.476562 -3.971827
31.476562 -3.971827
31.476562 -3.971827
31.476562 -3.971827
31.476562 -3.971827
31.476562 -3.971827
31.507809 -2.984445
31.507809 -2.984445
31.507809 -2.984445
31.507809 -2.984445
31.507809 -2.984445
31.507809 -2.984445
31.507809 -2.984445
31.508165 -1.998965
31.508165 -1.998965
31.508165 -1.998965
31.508165 -1.998965
31.508165 -1.998965
31.508165 -1.998965
31.508165 -1.998965
31.477783 -1.016350
31.477783 -1.016350
31.477783 -1.016350
31.477783 -1.016350
31.477783 -1.016350
31.477783 -1.016350
31.477783 -1.016350
31.494164 -0.037649
31.494164 -0.037649
31.494164 -0.037649
31.494164 -0.037649
31.494164 -0.037649
31.494164 -0.037649
31.494164 -0.037649
31.477783 1.016350
31.477783 1.016350
31.477783 1.016350
31.477783 1.016350
31.477783 1.016350
31.477783 1.016350
31.477783 1.016350
31.508165 1.998965
31.508165 1.998965
31.508165 1.998965
31.508165 1.998965
31.508165 1.998965
31.508165 1.998965
31.508165 1.998965
31.507809 2.984445
31.507809 2.984445
31.507809 2.984445
31.507809 2.984445
31.507809 2.984445
31.507809 2.984445
31.507809 2.984445
31.476562 3.971827
31.476562 3.971827
31.476562 3.971827
31.476562 3.971827
31.476562 3.971827
31.476562 3.971827
31.476562 3.971827
31.490690 4.972201
31.490690 4.972201
31.490690 4.972201
31.490690 4.972201
31.490690 4.972201
31.490690 4.972201
31.490690 4.972201
31.472898 5.977265
31.472898 5.977265
31.472898 5.977265
31.472898 5.977265
31.472898 5.977265
31.472898 5.977265
31.472898 5.977265
31.498394 7.002781
31.498394 7.002781
31.498394 7.002781
31.498394 7.002781
31.498394 7.002781
31.498394 7.002781
31.498394 7.002781
31.490335 8.035606
31.490335 8.035606
31.490335 8.035606
31.490335 8.035606
31.490335 8.035606
31.490335 8.035606
31.490335 8.035606
31.469900 8.999426
31.469900 8.999426
31.469900 8.999426
31.469900 8.999426
31.469900 8.999426
31.469900 8.999426
31.469900 8.999426
31.493607 9.992018
31.493607 9.992018
31.493607 9.992018
31.493607 9.992018
31.493607 9.992018
31.493607 9.992018
31.493607 9.992018
31.486027 10.993301
31.486027 10.993301
31.486027 10.993301
31.486027 10.993301
31.486027 10.993301
31.486027 10.993301
31.486027 10.993301
31.518923 12.029862
31.518923 12.029862
31.518923 12.029862
31.518923 12.029862
31.518923 12.029862
31.518923 12.029862
31.518923 12.029862
31.477650 12.972390
31.477650 12.972390
31.477650 12.972390
31.477650 12.972390
31.477650 12.972390
31.477650 12.972390
31.477650 12.972390
31.479101 13.952319
31.479101 13.952319
31.479101 13.952319
31.479101 13.952319
31.479101 13.952319
31.479101 13.952319
31.479101 13.952319
31.520388 14.974369
31.520388 14.974369
31.520388 14.974369
31.520388 14.974369
31.520388 14.974369
31.520388 14.974369
31.520388 14.974369
31.529402 16.008102
31.529402 16.008102
31.529402 16.008102
31.529402 16.008102
31.529402 16.008102
31.529402 16.008102
31.529402 16.008102
31.546244 16.977146
31.546244 16.977146
31.546244 16.977146
31.546244 16.977146
31.546244 16.977146
31.546244 16.977146
31.546244 16.977146
31.491520 18.031364
31.491520 18.031364
31.491520 18.031364
31.491520 18.031364
31.491520 18.031364
31.491520 18.031364
31.491520 18.031364
31.448454 19.019152
31.448454 19.019152
31.448454 19.019152
31.448454 19.019152
31.448454 19.019152
31.448454 19.019152
31.448454 19.019152
31.488987 19.981407
31.488987 19.981407
31.488987 19.981407
31.488987 19.981407
31.488987 19.981407
31.488987 19.981407
31.488987 19.981407
31.502460 20.954079
31.502460 20.954079
31.502460 20.954079
31.502460 20.954079
31.502460 20.954079
31.502460 20.954079
31.502460 20.954079
31.551897 21.980642
31.551897 21.980642
31.551897 21.980642
31.551897 21.980642
31.551897 21.980642
31.551897 21.980642
31.551897 21.980642
32.639400 -22.854353
32.639400 -22.854353
32.639400 -22.854353
32.639400 -22.854353
32.639400 -22.854353
32.639400 -22.854353
32.639400 -22.854353
32.504704 -21.958637
32.504704 -21.958637
32.504704 -21.958637
32.504704 -21.958637
32.504704 -21.958637
32.504704 -21.958637
32.504704 -21.958637
32.514702 -20.960899
32.514702 -20.960899
32.514702 -20.960899
32.514702 -20.960899
32.514702 -20.960899
32.514702 -20.960899
32.514702 -20.960899
32.497028 -19.973032
32.497028 -19.973032
32.497028 -19.973032
32.497028 -19.973032
32.497028 -19.973032
32.497028 -19.973032
32.497028 -19.973032
32.518845 -19.034826
32.518845 -19.034826
32.518845 -19.034826
32.518845 -19.034826
32.518845 -19.034826
32.518845 -19.034826
32.518845 -19.034826
32.491066 -17.989788
32.491066 -17.989788
32.491066 -17.989788
32.491066 -17.989788
32.491066 -17.989788
32.491066 -17.989788
32.491066 -17.989788
32.500702 -16.992937
32.500702 -16.992937
32.500702 -16.992937
32.500702 -16.992937
32.500702 -16.992937
32.500702 -16.992937
32.500702 -16.992937
32.481487 -16.006029
32.481487 -16.006029
32.481487 -16.006029
32.481487 -16.006029
32.481487 -16.006029
32.481487 -16.006029
32.481487 -16.006029
32.539974 -14.984629
32.539974 -14.984629
32.539974 -14.984629
32.539974 -14.984629
32.539974 -14.984629
32.539974 -14.984629
32.539974 -14.984629
32.462967 -14.018501
32.462967 -14.018501
32.462967 -14.018501
32.462967 -14.018501
32.462967 -14.018501
32.462967 -14.018501
32.462967 -14.018501
32.461521 -13.016103
32.461521 -13.016103
32.461521 -13.016103
32.461521 -13.016103
32.461521 -13.016103
32.461521 -13.016103
32.461521 -13.016103
32.531281 -11.972713
32.531281 -11.972713
32.531281 -11.972713
32.531281 -11.972713
32.531281 -11.972713
32.531281 -11.972713
32.531281 -11.972713
32.468647 -10.989166
32.468647 -10.989166
32.468647 -10.989166
32.468647 -10.989166
32.468647 -10.989166
32.468647 -10.989166
32.468647 -10.989166
32.474827 -9.962521
32.474827 -9.962521
32.474827 -9.962521
32.474827 -9.962521
32.474827 -9.962521
32.474827 -9.962521
32.474827 -9.962521
32.523613 -8.965189
32.523613 -8.965189
32.523613 -8.965189
32.523613 -8.965189
32.523613 -8.965189
32.523613 -8.965189
32.523613 -8.965189
32.542095 -7.973309
32.542095 -7.973309
32.542095 -7.973309
32.542095 -7.973309
32.542095 -7.973309
32.542095 -7.973309
32.542095 -7.973309
32.530624 -6.987793
32.530624 -6.987793
32.530624 -6.987793
32.530624 -6.987793
32.530624 -6.987793
32.530624 -6.987793
32.530624 -6.987793
32.489586 -6.009538
32.489586 -6.009538
32.489586 -6.009538
32.489586 -6.009538
32.489586 -6.009538
32.489586 -6.009538
32.489586 -6.009538
32.507774 -4.973593
32.507774 -4.973593
32.507774 -4.973593
32.507774 -4.973593
32.507774 -4.973593
32.507774 -4.973593
32.507774 -4.973593
32.483589 -4.020021
32.483589 -4.020021
32.483589 -4.020021
32.483589 -4.020021
32.483589 -4.020021
32.483589 -4.020021
32.483589 -4.020021
32.515831 -3.001505
32.515831 -3.001505
32.515831 -3.001505
32.515831 -3.001505
32.515831 -3.001505
32.515831 -3.001505
32.515831 -3.001505
32.516220 -1.984876
32.516220 -1.984876
32.516220 -1.984876
32.516220 -1.984876
32.516220 -1.984876
32.516220 -1.984876
32.516220 -1.984876
32.484905 -0.971126
32.484905 -0.971126
32.484905 -0.971126
32.484905 -0.971126
32.484905 -0.971126
32.484905 -0.971126
32.484905 -0.971126
32.499397 -0.038851
32.499397 -0.038851
32.499397 -0.038851
32.499397 -0.038851
32.499397 -0.038851
32.499397 -0.038851
32.499397 -0.038851
32.484905 0.971126
32.484905 0.971126
32.484905 0.971126
32.484905 0.971126
32.484905 0.971126
32.484905 0.971126
32.484905 0.971126
32.516220 1.984876
32.516220 1.984876
32.516220 1.984876
32.516220 1.984876
32.516220 1.984876
32.516220 1.984876
32.516220 1.984876
32.515831 3.001505
32.515831 3.001505
32.515831 3.001505
32.515831 3.001505
32.515831 3.001505
32.515831 3.001505
32.515831 3.001505
32.483589 4.020021
32.483589 4.020021
32.483589 4.020021
32.483589 4.020021
32.483589 4.020021
32.483589 4.020021
32.483589 4.020021
32.507774 4.973593
32.507774 4.973593
32.507774 4.973593
32.507774 4.973593
32.507774 4.973593
32.507774 4.973593
32.507774 4.973593
32.489586 6.009538
32.489586 6.009538
32.489586 6.009538
32.489586 6.009538
32.489586 6.009538
32.489586 6.009538
32.489586 6.009538
32.530624 6.987793
32.530624 6.987793
32.530624 6.987793
32.530624 6.987793
32.530624 6.987793
32.530624 6.987793
32.530624 6.987793
32.542095 7.973309
32.542095 7.973309
32.542095 7.973309
32.542095 7.973309
32.542095 7.973309
32.542095 7.973309
32.542095 7.973309
32.523613 8.965189
32.523613 8.965189
32.523613 8.965189
32.523613 8.965189
32.523613 8.965189
32.523613 8.965189
32.523613 8.965189
32.474827 9.962521
32.474827 9.962521
32.474827 9.962521
32.474827 9.962521
32.474827 9.962521
32.474827 9.962521
32.474827 9.962521
32.468647 10.989166
32.468647 10.989166
32.468647 10.989166
32.468647 10.989166
32.468647 10.989166
32.468647 10.989166
32.468647 10.989166
32.531281 11.972713
32.531281 11.972713
32.531281 11.972713
32.531281 11.972713
32.531281 11.972713
32.531281 11.972713
32.531281 11.972713
32.461521 13.016103
32.461521 13.016103
32.461521 13.016103
32.461521 13.016103
32.461521 13.016103
32.461521 13.016103
32.461521 13.016103
32.462967 14.018501
32.462967 14.018501
32.462967 14.018501
32.462967 14.018501
32.462967 14.018501
32.462967 14.018501
32.462967 14.018501
32.539974 14.984629
32.539974 14.984629
32.539974 14.984629
32.539974 14.984629
32.539974 14.984629
32.539974 14.984629
32.539974 14.984629
32.481487 16.006029
32.481487 16.006029
32.481487 16.006029
32.481487 16.006029
32.481487 16.006029
32.481487 16.006029
32.481487 16.006029
32.500702 16.992937
32.500702 16.992937
32.500702 16.992937
32.500702 16.992937
32.500702 16.992937
32.500702 16.992937
32.500702 16.992937
32.491066 17.989788
32.491066 17.989788
32.491066 17.989788
32.491066 17.989788
32.491066 17.989788
32.491066 17.989788
32.491066 17.989788
32.518845 19.034826
32.518845 19.034826
32.518845 19.034826
32.518845 19.034826
32.518845 19.034826
32.518845 19.034826
32.518845 19.034826
32.497028 19.973032
32.497028 19.973032
32.497028 19.973032
32.497028 19.973032
32.497028 19.973032
32.497028 19.973032
32.497028 19.973032
32.514702 20.960899
32.514702 20.960899
32.514702 20.960899
32.514702 20.960899
32.514702 20.960899
32.514702 20.960899
32.514702 20.960899
32.504704 21.958637
32.504704 21.958637
32.504704 21.958637
32.504704 21.958637
32.504704 21.958637
32.504704 21.958637
32.504704 21.958637
32.639400 22.854353
32.639400 22.854353
32.639400 22.854353
32.639400 22.854353
32.639400 22.854353
32.639400 22.854353
32.639400 22.854353
32.983994 -22.628656
32.983994 -22.628656
32.983994 -22.628656
32.983994 -22.628656
32.983994 -22.628656
32.983994 -22.628656
32.983994 -22.628656
32.983994 -22.628656
32.983994 -22.628656
33.410751 -21.993675
33.410751 -21.993675
33.410751 -21.993675
33.410751 -21.993675
33.410751 -21.993675
33.410751 -21.993675
33.410751 -21.993675
33.410751 -21.993675
33.410751 -21.993675
33.483311 -21.023010
33.483311 -21.023010
33.483311 -21.023010
33.483311 -21.023010
33.483311 -21.023010
33.483311 -21.023010
33.483311 -21.023010
33.483311 -21.023010
33.483311 -21.023010
33.463394 -20.019821
33.463394 -20.019821
33.463394 -20.019821
33.463394 -20.019821
33.463394 -20.019821
33.463394 -20.019821
33.463394 -20.019821
33.463394 -20.019821
33.463394 -20.019821
33.528706 -18.985506
33.528706 -18.985506
33.528706 -18.985506
33.528706 -18.985506
33.528706 -18.985506
33.528706 -18.985506
33.528706 -18.985506
33.528706 -18.985506
33.528706 -18.985506
33.520889 -18.039837
33.520889 -18.039837
33.520889 -18.039837
33.520889 -18.039837
33.520889 -18.039837
33.520889 -18.039837
33.520889 -18.039837
33.520889 -18.039837
33.520889 -18.039837
33.528889 -17.023283
33.528889 -17.023283
33.528889 -17.023283
33.528889 -17.023283
33.528889 -17.023283
33.528889 -17.023283
33.528889 -17.023283
33.528889 -17.023283
33.528889 -17.023283
33.507683 -16.016777
33.507683 -16.016777
33.507683 -16.016777
33.507683 -16.016777
33.507683 -16.016777
33.507683 -16.016777
33.507683 -16.016777
33.507683 -16.016777
33.507683 -16.016777
33.457752 -15.021130
33.457752 -15.021130
33.457752 -15.021130
33.457752 -15.021130
33.457752 -15.021130
33.457752 -15.021130
33.457752 -15.021130
33.457752 -15.021130
33.457752 -15.021130
33.484432 -13.987092
33.484432 -13.987092
33.484432 -13.987092
33.484432 -13.987092
33.484432 -13.987092
33.484432 -13.987092
33.484432 -13.987092
33.484432 -13.987092
33.484432 -13.987092
33.480114 -12.962143
33.480114 -12.962143
33.480114 -12.962143
33.480114 -12.962143
33.480114 -12.962143
33.480114 -12.962143
33.480114 -12.962143
33.480114 -12.962143
33.480114 -12.962143
33.518120 -11.973205
33.518120 -11.973205
33.518120 -11.973205
33.518120 -11.973205
33.518120 -11.973205
33.518120 -11.973205
33.518120 -11.973205
33.518120 -11.973205
33.518120 -11.973205
33.527470 -10.991303
33.527470 -10.991303
33.527470 -10.991303
33.527470 -10.991303
33.527470 -10.991303
33.527470 -10.991303
33.527470 -10.991303
33.527470 -10.991303
33.527470 -10.991303
33.508564 -10.017258
33.508564 -10.017258
33.508564 -10.017258
33.508564 -10.017258
33.508564 -10.017258
33.508564 -10.017258
33.508564 -10.017258
33.508564 -10.017258
33.508564 -10.017258
33.483368 -8.971842
33.483368 -8.971842
33.483368 -8.971842
33.483368 -8.971842
33.483368 -8.971842
33.483368 -8.971842
33.483368 -8.971842
33.483368 -8.971842
33.483368 -8.971842
33.482143 -8.034119
33.482143 -8.034119
33.482143 -8.034119
33.482143 -8.034119
33.482143 -8.034119
33.482143 -8.034119
33.482143 -8.034119
33.482143 -8.034119
33.482143 -8.034119
33.471802 -7.022696
33.471802 -7.022696
33.471802 -7.022696
33.471802 -7.022696
33.471802 -7.022696
33.471802 -7.022696
33.471802 -7.022696
33.471802 -7.022696
33.471802 -7.022696
33.507278 -6.032219
33.507278 -6.032219
33.507278 -6.032219
33.507278 -6.032219
33.507278 -6.032219
33.507278 -6.032219
33.507278 -6.032219
33.507278 -6.032219
33.507278 -6.032219
33.525570 -4.965369
33.525570 -4.965369
33.525570 -4.965369
33.525570 -4.965369
33.525570 -4.965369
33.525570 -4.965369
33.525570 -4.965369
33.525570 -4.965369
33.525570 -4.965369
33.500645 -3.983337
33.500645 -3.983337
33.500645 -3.983337
33.500645 -3.983337
33.500645 -3.983337
33.500645 -3.983337
33.500645 -3.983337
33.500645 -3.983337
33.500645 -3.983337
33.524109 -3.013762
33.524109 -3.013762
33.524109 -3.013762
33.524109 -3.013762
33.524109 -3.013762
33.524109 -3.013762
33.524109 -3.013762
33.524109 -3.013762
33.524109 -3.013762
33.524380 -1.965977
33.524380 -1.965977
33.524380 -1.965977
33.524380 -1.965977
33.524380 -1.965977
33.524380 -1.965977
33.524380 -1.965977
33.524380 -1.965977
33.524380 -1.965977
33.489689 -1.001163
33.489689 -1.001163
33.489689 -1.001163
33.489689 -1.001163
33.489689 -1.001163
33.489689 -1.001163
33.489689 -1.001163
33.489689 -1.001163
33.489689 -1.001163
33.504627 0.040052
33.504627 0.040052
33.504627 0.040052
33.504627 0.040052
33.504627 0.040052
33.504627 0.040052
33.504627 0.040052
33.504627 0.040052
33.504627 0.040052
33.489689 1.001163
33.489689 1.001163
33.489689 1.001163
33.489689 1.001163
33.489689 1.001163
33.489689 1.001163
33.489689 1.001163
33.489689 1.001163
33.489689 1.001163
33.524380 1.965977
33.524380 1.965977
33.524380 1.965977
33.524380 1.965977
33.524380 1.965977
33.524380 1.965977
33.524380 1.965977
33.524380 1.965977
33.524380 1.965977
33.524109 3.013762
33.524109 3.013762
33.524109 3.013762
33.524109 3.013762
33.524109 3.013762
33.524109 3.013762
33.524109 3.013762
33.524109 3.013762
33.524109 3.013762
33.500645 3.983337
33.500645 3.983337
33.500645 3.983337
33.500645 3.983337
33.500645 3.983337
33.500645 3.983337
33.500645 3.983337
33.500645 3.983337
33.500645 3.983337
33.525570 4.965369
33.525570 4.965369
33.525570 4.965369
33.525570 4.965369
33.525570 4.965369
33.525570 4.965369
33.525570 4.965369
33.525570 4.965369
33.525570 4.965369
33.507278 6.032219
33.507278 6.032219
33.507278 6.032219
33.507278 6.032219
33.507278 6.032219
33.507278 6.032219
33.507278 6.032219
33.507278 6.032219
33.507278 6.032219
33.471802 7.022696
33.471802 7.022696
33.471802 7.022696
33.471802 7.022696
33.471802 7.022696
33.471802 7.022696
33.471802 7.022696
33.471802 7.022696
33.471802 7.022696
33.482143 8.034119
33.482143 8.034119
33.482143 8.034119
33.482143 8.034119
33.482143 8.034119
33.482143 8.034119
33.482143 8.034119
33.482143 8.034119
33.482143 8.034119
33.483368 8.971842
33.483368 8.971842
33.483368 8.971842
33.483368 8.971842
33.483368 8.971842
33.483368 8.971842
33.483368 8.971842
33.483368 8.971842
33.483368 8.971842
33.508564 10.017258
33.508564 10.017258
33.508564 10.017258
33.508564 10.017258
33.508564 10.017258
33.508564 10.017258
33.508564 10.017258
33.508564 10.017258
33.508564 10.017258
33.527470 10.991303
33.527470 10.991303
33.527470 10.991303
33.527470 10.991303
33.527470 10.991303
33.527470 10.991303
33.527470 10.991303
33.527470 10.991303
33.527470 10.991303
33.518120 11.973205
33.518120 11.973205
33.518120 11.973205
33.518120 11.973205
33.518120 11.973205
33.518120 11.973205
33.518120 11.973205
33.518120 11.973205
33.518120 11.973205
33.480114 12.962143
33.480114 12.962143
33.480114 12.962143
33.480114 12.962143
33.480114 12.962143
33.480114 12.962143
33.480114 12.962143
33.480114 12.962143
33.480114 12.962143
33.484432 13.987092
33.484432 13.987092
33.484432 13.987092
33.484432 13.987092
33.484432 13.987092
33.484432 13.987092
33.484432 13.987092
33.484432 13.987092
33.484432 13.987092
33.457752 15.021130
33.457752 15.021130
33.457752 15.021130
33.457752 15.021130
33.457752 15.021130
33.457752 15.021130
33.457752 15.021130
33.457752 15.021130
33.457752 15.021130
33.507683 16.016777
33.507683 16.016777
33.507683 16.016777
33.507683 16.016777
33.507683 16.016777
33.507683 16.016777
33.507683 16.016777
33.507683 16.016777
33.507683 16.016777
33.528889 17.023283
33.528889 17.023283
33.528889 17.023283
33.528889 17.023283
33.528889 17.023283
33.528889 17.023283
33.528889 17.023283
33.528889 17.023283
33.528889 17.023283
33.520889 18.039837
33.520889 18.039837
33.520889 18.039837
33.520889 18.039837
33.520889 18.039837
33.520889 18.039837
33.520889 18.039837
33.520889 18.039837
33.520889 18.039837
33.528706 18.985506
33.528706 18.985506
33.528706 18.985506
33.528706 18.985506
33.528706 18.985506
33.528706 18.985506
33.528706 18.985506
33.528706 18.985506
33.528706 18.985506
33.463394 20.019821
33.463394 20.019821
33.463394 20.019821
33.463394 20.019821
33.463394 20.019821
33.463394 20.019821
33.463394 20.019821
33.463394 20.019821
33.463394 20.019821
33.483311 21.023010
33.483311 21.023010
33.483311 21.023010
33.483311 21.023010
33.483311 21.023010
33.483311 21.023010
33.483311 21.023010
33.483311 21.023010
33.483311 21.023010
33.410751 21.993675
33.410751 21.993675
33.410751 21.993675
33.410751 21.993675
33.410751 21.993675
33.410751 21.993675
33.410751 21.993675
33.410751 21.993675
33.410751 21.993675
32.983994 22.628656
32.983994 22.628656
32.983994 22.628656
32.983994 22.628656
32.983994 22.628656
32.983994 22.628656
32.983994 22.628656
32.983994 22.628656
32.983994 22.628656
32.820843 -22.864653
32.820843 -22.864653
32.820843 -22.864653
32.820843 -22.864653
32.820843 -22.864653
32.820843 -22.864653
32.820843 -22.864653
32.820843 -22.864653
32.820843 -22.864653
33.305202 -22.153183
33.305202 -22.153183
33.305202 -22.153183
33.305202 -22.153183
33.305202 -22.153183
33.305202 -22.153183
33.305202 -22.153183
33.305202 -22.153183
33.305202 -22.153183
33.722805 -21.512144
33.722805 -21.512144
33.722805 -21.512144
33.722805 -21.512144
33.722805 -21.512144
33.722805 -21.512144
33.722805 -21.512144
33.722805 -21.512144
33.722805 -21.512144
34.177856 -20.781582
34.177856 -20.781582
34.177856 -20.781582
34.177856 -20.781582
34.177856 -20.781582
34.177856 -20.781582
34.177856 -20.781582
34.177856 -20.781582
34.177856 -20.781582
34.483242 -19.963911
34.483242 -19.963911
34.483242 -19.963911
34.483242 -19.963911
34.483242 -19.963911
34.483242 -19.963911
34.483242 -19.963911
34.483242 -19.963911
34.483242 -19.963911
34.498379 -18.993580
34.498379 -18.993580
34.498379 -18.993580
34.498379 -18.993580
34.498379 -18.993580
34.498379 -18.993580
34.498379 -18.993580
34.498379 -18.993580
34.498379 -18.993580
34.487915 -18.031946
34.487915 -18.031946
34.487915 -18.031946
34.487915 -18.031946
34.487915 -18.031946
34.487915 -18.031946
34.487915 -18.031946
34.487915 -18.031946
34.487915 -18.031946
34.492966 -16.997234
34.492966 -16.997234
34.492966 -16.997234
34.492966 -16.997234
34.492966 -16.997234
34.492966 -16.997234
34.492966 -16.997234
34.492966 -16.997234
34.492966 -16.997234
34.538658 -16.005219
34.538658 -16.005219
34.538658 -16.005219
34.538658 -16.005219
34.538658 -16.005219
34.538658 -16.005219
34.538658 -16.005219
34.538658 -16.005219
34.538658 -16.005219
34.485916 -14.990002
34.485916 -14.990002
34.485916 -14.990002
34.485916 -14.990002
34.485916 -14.990002
34.485916 -14.990002
34.485916 -14.990002
34.485916 -14.990002
34.485916 -14.990002
34.476254 -14.015681
34.476254 -14.015681
34.476254 -14.015681
34.476254 -14.015681
34.476254 -14.015681
34.476254 -14.015681
34.476254 -14.015681
34.476254 -14.015681
34.476254 -14.015681
34.471027 -12.968096
34.471027 -12.968096
34.471027 -12.968096
34.471027 -12.968096
34.471027 -12.968096
34.471027 -12.968096
34.471027 -12.968096
34.471027 -12.968096
34.471027 -12.968096
34.479179 -12.038357
34.479179 -12.038357
34.479179 -12.038357
34.479179 -12.038357
34.479179 -12.038357
34.479179 -12.038357
34.479179 -12.038357
34.479179 -12.038357
34.479179 -12.038357
34.489227 -11.033271
34.489227 -11.033271
34.489227 -11.033271
34.489227 -11.033271
34.489227 -11.033271
34.489227 -11.033271
34.489227 -11.033271
34.489227 -11.033271
34.489227 -11.033271
34.470467 -10.036048
34.470467 -10.036048
34.470467 -10.036048
34.470467 -10.036048
34.470467 -10.036048
34.470467 -10.036048
34.470467 -10.036048
34.470467 -10.036048
34.470467 -10.036048
34.519680 -8.984653
34.519680 -8.984653
34.519680 -8.984653
34.519680 -8.984653
34.519680 -8.984653
34.519680 -8.984653
34.519680 -8.984653
34.519680 -8.984653
34.519680 -8.984653
34.518051 -8.021294
34.518051 -8.021294
34.518051 -8.021294
34.518051 -8.021294
34.518051 -8.021294
34.518051 -8.021294
34.518051 -8.021294
34.518051 -8.021294
34.518051 -8.021294
34.506577 -6.981789
34.506577 -6.981789
34.506577 -6.981789
34.506577 -6.981789
34.506577 -6.981789
34.506577 -6.981789
34.506577 -6.981789
34.506577 -6.981789
34.506577 -6.981789
34.525909 -6.045301
34.525909 -6.045301
34.525909 -6.045301
34.525909 -6.045301
34.525909 -6.045301
34.525909 -6.045301
34.525909 -6.045301
34.525909 -6.045301
34.525909 -6.045301
34.532082 -5.030097
34.532082 -5.030097
34.532082 -5.030097
34.532082 -5.030097
34.532082 -5.030097
34.532082 -5.030097
34.532082 -5.030097
34.532082 -5.030097
34.532082 -5.030097
34.508553 -4.019533
34.508553 -4.019533
34.508553 -4.019533
34.508553 -4.019533
34.508553 -4.019533
34.508553 -4.019533
34.508553 -4.019533
34.508553 -4.019533
34.508553 -4.019533
34.532627 -3.021213
34.532627 -3.021213
34.532627 -3.021213
34.532627 -3.021213
34.532627 -3.021213
34.532627 -3.021213
34.532627 -3.021213
34.532627 -3.021213
34.532627 -3.021213
34.527889 -2.024826
34.527889 -2.024826
34.527889 -2.024826
34.527889 -2.024826
34.527889 -2.024826
34.527889 -2.024826
34.527889 -2.024826
34.527889 -2.024826
34.527889 -2.024826
34.494473 -1.031201
34.494473 -1.031201
34.494473 -1.031201
34.494473 -1.031201
34.494473 -1.031201
34.494473 -1.031201
34.494473 -1.031201
34.494473 -1.031201
34.494473 -1.031201
34.509857 -0.041254
34.509857 -0.041254
34.509857 -0.041254
34.509857 -0.041254
34.509857 -0.041254
34.509857 -0.041254
34.509857 -0.041254
34.509857 -0.041254
34.509857 -0.041254
34.494473 1.031201
34.494473 1.031201
34.494473 1.031201
34.494473 1.031201
34.494473 1.031201
34.494473 1.031201
34.494473 1.031201
34.494473 1.031201
34.494473 1.031201
34.527889 2.024826
34.527889 2.024826
34.527889 2.024826
34.527889 2.024826
34.527889 2.024826
34.527889 2.024826
34.527889 2.024826
34.527889 2.024826
34.527889 2.024826
34.532627 3.021213
34.532627 3.021213
34.532627 3.021213
34.532627 3.021213
34.532627 3.021213
34.532627 3.021213
34.532627 3.021213
34.532627 3.021213
34.532627 3.021213
34.508553 4.019533
34.508553 4.019533
34.508553 4.019533
34.508553 4.019533
34.508553 4.019533
34.508553 4.019533
34.508553 4.019533
34.508553 4.019533
34.508553 4.019533
34.532082 5.030097
34.532082 5.030097
34.532082 5.030097
34.532082 5.030097
34.532082 5.030097
34.532082 5.030097
34.532082 5.030097
34.532082 5.030097
34.532082 5.030097
34.525909 6.045301
34.525909 6.045301
34.525909 6.045301
34.525909 6.045301
34.525909 6.045301
34.525909 6.045301
34.525909 6.045301
34.525909 6.045301
34.525909 6.045301
34.506577 6.981789
34.506577 6.981789
34.506577 6.981789
34.506577 6.981789
34.506577 6.981789
34.506577 6.981789
34.506577 6.981789
34.506577 6.981789
34.506577 6.981789
34.518051 8.021294
34.518051 8.021294
34.518051 8.021294
34.518051 8.021294
34.518051 8.021294
34.518051 8.021294
34.518051 8.021294
34.518051 8.021294
34.518051 8.021294
34.519680 8.984653
34.519680 8.984653
34.519680 8.984653
34.519680 8.984653
34.519680 8.984653
34.519680 8.984653
34.519680 8.984653
34.519680 8.984653
34.519680 8.984653
34.470467 10.036048
34.470467 10.036048
34.470467 10.036048
34.470467 10.036048
34.470467 10.036048
34.470467 10.036048
34.470467 10.036048
34.470467 10.036048
34.470467 10.036048
34.489227 11.033271
34.489227 11.033271
34.489227 11.033271
34.489227 11.033271
34.489227 11.033271
34.489227 11.033271
34.489227 11.033271
34.489227 11.033271
34.489227 11.033271
34.479179 12.038357
34.479179 12.038357
34.479179 12.038357
34.479179 12.038357
34.479179 12.038357
34.479179 12.038357
34.479179 12.038357
34.479179 12.038357
34.479179 12.038357
34.471027 12.968096
34.471027 12.968096
34.471027 12.968096
34.471027 12.968096
34.471027 12.968096
34.471027 12.968096
34.471027 12.968096
34.471027 12.968096
34.471027 12.968096
34.476254 14.015681
34.476254 14.015681
34.476254 14.015681
34.476254 14.015681
34.476254 14.015681
34.476254 14.015681
34.476254 14.015681
34.476254 14.015681
34.476254 14.015681
34.485916 14.990002
34.485916 14.990002
34.485916 14.990002
34.485916 14.990002
34.485916 14.990002
34.485916 14.990002
34.485916 14.990002
34.485916 14.990002
34.485916 14.990002
34.538658 16.005219
34.538658 16.005219
34.538658 16.005219
34.538658 16.005219
34.538658 16.005219
34.538658 16.005219
34.538658 16.005219
34.538658 16.005219
34.538658 16.005219
34.492966 16.997234
34.492966 16.997234
34.492966 16.997234
34.492966 16.997234
34.492966 16.997234
34.492966 16.997234
34.492966 16.997234
34.492966 16.997234
34.492966 16.997234
34.487915 18.031946
34.487915 18.031946
34.487915 18.031946
34.487915 18.031946
34.487915 18.031946
34.487915 18.031946
34.487915 18.031946
34.487915 18.031946
34.487915 18.031946
34.498379 18.993580
34.498379 18.993580
34.498379 18.993580
34.498379 18.993580
34.498379 18.993580
34.498379 18.993580
34.498379 18.993580
34.498379 18.993580
34.498379 18.993580
34.483242 19.963911
34.483242 19.963911
34.483242 19.963911
34.483242 19.963911
34.483242 19.963911
34.483242 19.963911
34.483242 19.963911
34.483242 19.963911
34.483242 19.963911
34.177856 20.781582
34.177856 20.781582
34.177856 20.781582
34.177856 20.781582
34.177856 20.781582
34.177856 20.781582
34.177856 20.781582
34.177856 20.781582
34.177856 20.781582
33.722805 21.512144
33.722805 21.512144
33.722805 21.512144
33.722805 21.512144
33.722805 21.512144
33.722805 21.512144
33.722805 21.512144
33.722805 21.512144
33.722805 21.512144
33.305202 22.153183
33.305202 22.153183
33.305202 22.153183
33.305202 22.153183
33.305202 22.153183
33.305202 22.153183
33.305202 22.153183
33.305202 22.153183
33.305202 22.153183
32.820843 22.864653
32.820843 22.864653
32.820843 22.864653
32.820843 22.864653
32.820843 22.864653
32.820843 22.864653
32.820843 22.864653
32.820843 22.864653
32.820843 22.864653
32.766083 -22.943058
32.766083 -22.943058
32.766083 -22.943058
32.766083 -22.943058
32.766083 -22.943058
32.766083 -22.943058
32.766083 -22.943058
32.766083 -22.943058
32.766083 -22.943058
33.145451 -22.391497
33.145451 -22.391497
33.145451 -22.391497
33.145451 -22.391497
33.145451 -22.391497
33.145451 -22.391497
33.145451 -22.391497
33.145451 -22.391497
33.145451 -22.391497
33.567642 -21.753469
33.567642 -21.753469
33.567642 -21.753469
33.567642 -21.753469
33.567642 -21.753469
33.567642 -21.753469
33.567642 -21.753469
33.567642 -21.753469
33.567642 -21.753469
33.977554 -21.107485
33.977554 -21.107485
33.977554 -21.107485
33.977554 -21.107485
33.977554 -21.107485
33.977554 -21.107485
33.977554 -21.107485
33.977554 -21.107485
33.977554 -21.107485
34.423840 -20.371534
34.423840 -20.371534
34.423840 -20.371534
34.423840 -20.371534
34.423840 -20.371534
34.423840 -20.371534
34.423840 -20.371534
34.423840 -20.371534
34.423840 -20.371534
34.854183 -19.626152
34.854183 -19.626152
34.854183 -19.626152
34.854183 -19.626152
34.854183 -19.626152
34.854183 -19.626152
34.854183 -19.626152
34.854183 -19.626152
34.854183 -19.626152
35.268394 -18.871681
35.268394 -18.871681
35.268394 -18.871681
35.268394 -18.871681
35.268394 -18.871681
35.268394 -18.871681
35.268394 -18.871681
35.268394 -18.871681
35.268394 -18.871681
35.459431 -18.003456
35.459431 -18.003456
35.459431 -18.003456
35.459431 -18.003456
35.459431 -18.003456
35.459431 -18.003456
35.459431 -18.003456
35.459431 -18.003456
35.459431 -18.003456
35.530869 -16.983866
35.530869 -16.983866
35.530869 -16.983866
35.530869 -16.983866
35.530869 -16.983866
35.530869 -16.983866
35.530869 -16.983866
35.530869 -16.983866
35.530869 -16.983866
35.465271 -16.024414
35.465271 -16.024414
35.465271 -16.024414
35.465271 -16.024414
35.465271 -16.024414
35.465271 -16.024414
35.465271 -16.024414
35.465271 -16.024414
35.465271 -16.024414
35.482182 -15.021262
35.482182 -15.021262
35.482182 -15.021262
35.482182 -15.021262
35.482182 -15.021262
35.482182 -15.021262
35.482182 -15.021262
35.482182 -15.021262
35.482182 -15.021262
35.471607 -14.026547
35.471607 -14.026547
35.471607 -14.026547
35.471607 -14.026547
35.471607 -14.026547
35.471607 -14.026547
35.471607 -14.026547
35.471607 -14.026547
35.471607 -14.026547
35.537666 -12.982784
35.537666 -12.982784
35.537666 -12.982784
35.537666 -12.982784
35.537666 -12.982784
35.537666 -12.982784
35.537666 -12.982784
35.537666 -12.982784
35.537666 -12.982784
35.471661 -12.005549
35.471661 -12.005549
35.471661 -12.005549
35.471661 -12.005549
35.471661 -12.005549
35.471661 -12.005549
35.471661 -12.005549
35.471661 -12.005549
35.471661 -12.005549
35.479614 -10.977198
35.479614 -10.977198
35.479614 -10.977198
35.479614 -10.977198
35.479614 -10.977198
35.479614 -10.977198
35.479614 -10.977198
35.479614 -10.977198
35.479614 -10.977198
35.532669 -9.977700
35.532669 -9.977700
35.532669 -9.977700
35.532669 -9.977700
35.532669 -9.977700
35.532669 -9.977700
35.532669 -9.977700
35.532669 -9.977700
35.532669 -9.977700
35.482876 -8.964107
35.482876 -8.964107
35.482876 -8.964107
35.482876 -8.964107
35.482876 -8.964107
35.482876 -8.964107
35.482876 -8.964107
35.482876 -8.964107
35.482876 -8.964107
35.480003 -7.977048
35.480003 -7.977048
35.480003 -7.977048
35.480003 -7.977048
35.480003 -7.977048
35.480003 -7.977048
35.480003 -7.977048
35.480003 -7.977048
35.480003 -7.977048
35.525780 -7.011347
35.525780 -7.011347
35.525780 -7.011347
35.525780 -7.011347
35.525780 -7.011347
35.525780 -7.011347
35.525780 -7.011347
35.525780 -7.011347
35.525780 -7.011347
35.469177 -6.035804
35.469177 -6.035804
35.469177 -6.035804
35.469177 -6.035804
35.469177 -6.035804
35.469177 -6.035804
35.469177 -6.035804
35.469177 -6.035804
35.469177 -6.035804
35.474586 -4.994277
35.474586 -4.994277
35.474586 -4.994277
35.474586 -4.994277
35.474586 -4.994277
35.474586 -4.994277
35.474586 -4.994277
35.474586 -4.994277
35.474586 -4.994277
35.526405 -3.966004
35.526405 -3.966004
35.526405 -3.966004
35.526405 -3.966004
35.526405 -3.966004
35.526405 -3.966004
35.526405 -3.966004
35.526405 -3.966004
35.526405 -3.966004
35.464317 -3.017304
35.464317 -3.017304
35.464317 -3.017304
35.464317 -3.017304
35.464317 -3.017304
35.464317 -3.017304
35.464317 -3.017304
35.464317 -3.017304
35.464317 -3.017304
35.536278 -1.998719
35.536278 -1.998719
35.536278 -1.998719
35.536278 -1.998719
35.536278 -1.998719
35.536278 -1.998719
35.536278 -1.998719
35.536278 -1.998719
35.536278 -1.998719
35.501694 -0.976362
35.501694 -0.976362
35.501694 -0.976362
35.501694 -0.976362
35.501694 -0.976362
35.501694 -0.976362
35.501694 -0.976362
35.501694 -0.976362
35.501694 -0.976362
35.515091 -0.042456
35.515091 -0.042456
35.515091 -0.042456
35.515091 -0.042456
35.515091 -0.042456
35.515091 -0.042456
35.515091 -0.042456
35.515091 -0.042456
35.515091 -0.042456
35.501694 0.976362
35.501694 0.976362
35.501694 0.976362
35.501694 0.976362
35.501694 0.976362
35.501694 0.976362
35.501694 0.976362
35.501694 0.976362
35.501694 0.976362
35.536278 1.998719
35.536278 1.998719
35.536278 1.998719
35.536278 1.998719
35.536278 1.998719
35.536278 1.998719
35.536278 1.998719
35.536278 1.998719
35.536278 1.998719
35.464317 3.017304
35.464317 3.017304
35.464317 3.017304
35.464317 3.017304
35.464317 3.017304
35.464317 3.017304
35.464317 3.017304
35.464317 3.017304
35.464317 3.017304
35.526405 3.966004
35.526405 3.966004
35.526405 3.966004
35.526405 3.966004
35.526405 3.966004
35.526405 3.966004
35.526405 3.966004
35.526405 3.966004
35.526405 3.966004
35.474586 4.994277
35.474586 4.994277
35.474586 4.994277
35.474586 4.994277
35.474586 4.994277
35.474586 4.994277
35.474586 4.994277
35.474586 4.994277
35.474586 4.994277
35.469177 6.035804
35.469177 6.035804
35.469177 6.035804
35.469177 6.035804
35.469177 6.035804
35.469177 6.035804
35.469177 6.035804
35.469177 6.035804
35.469177 6.035804
35.525780 7.011347
35.525780 7.011347
35.525780 7.011347
35.525780 7.011347
35.525780 7.011347
35.525780 7.011347
35.525780 7.011347
35.525780 7.011347
35.525780 7.011347
35.480003 7.977048
35.480003 7.977048
35.480003 7.977048
35.480003 7.977048
35.480003 7.977048
35.480003 7.977048
35.480003 7.977048
35.480003 7.977048
35.480003 7.977048
35.482876 8.964107
35.482876 8.964107
35.482876 8.964107
35.482876 8.964107
35.482876 8.964107
35.482876 8.964107
35.482876 8.964107
35.482876 8.964107
35.482876 8.964107
35.532669 9.977700
35.532669 9.977700
35.532669 9.977700
35.532669 9.977700
35.532669 9.977700
35.532669 9.977700
35.532669 9.977700
35.532669 9.977700
35.532669 9.977700
35.479614 10.977198
35.479614 10.977198
35.479614 10.977198
35.479614 10.977198
35.479614 10.977198
35.479614 10.977198
35.479614 10.977198
35.479614 10.977198
35.479614 10.977198
35.471661 12.005549
35.471661 12.005549
35.471661 12.005549
35.471661 12.005549
35.471661 12.005549
35.471661 12.005549
35.471661 12.005549
35.471661 12.005549
35.471661 12.005549
35.537666 12.982784
35.537666 12.982784
35.537666 12.982784
35.537666 12.982784
35.537666 12.982784
35.537666 12.982784
35.537666 12.982784
35.537666 12.982784
35.537666 12.982784
35.471607 14.026547
35.471607 14.026547
35.471607 14.026547
35.471607 14.026547
35.471607 14.026547
35.471607 14.026547
35.471607 14.026547
35.471607 14.026547
35.471607 14.026547
35.482182 15.021262
35.482182 15.021262
35.482182 15.021262
35.482182 15.021262
35.482182 15.021262
35.482182 15.021262
35.482182 15.021262
35.482182 15.021262
35.482182 15.021262
35.465271 16.024414
35.465271 16.024414
35.465271 16.024414
35.465271 16.024414
35.465271 16.024414
35.465271 16.024414
35.465271 16.024414
35.465271 16.024414
35.465271 16.024414
35.530869 16.983866
35.530869 16.983866
35.530869 16.983866
35.530869 16.983866
35.530869 16.983866
35.530869 16.983866
35.530869 16.983866
35.530869 16.983866
35.530869 16.983866
35.459431 18.003456
35.459431 18.003456
35.459431 18.003456
35.459431 18.003456
35.459431 18.003456
35.459431 18.003456
35.459431 18.003456
35.459431 18.003456
35.459431 18.003456
35.268394 18.871681
35.268394 18.871681
35.268394 18.871681
35.268394 18.871681
35.268394 18.871681
35.268394 18.871681
35.268394 18.871681
35.268394 18.871681
35.268394 18.871681
34.854183 19.626152
34.854183 19.626152
34.854183 19.626152
34.854183 19.626152
34.854183 19.626152
34.854183 19.626152
34.854183 19.626152
34.854183 19.626152
34.854183 19.626152
34.423840 20.371534
34.423840 20.371534
34.423840 20.371534
34.423840 20.371534
34.423840 20.371534
34.423840 20.371534
34.423840 20.371534
34.423840 20.371534
34.423840 20.371534
33.977554 21.107485
33.977554 21.107485
33.977554 21.107485
33.977554 21.107485
33.977554 21.107485
33.977554 21.107485
33.977554 21.107485
33.977554 21.107485
33.977554 21.107485
33.567642 21.753469
33.567642 21.753469
33.567642 21.753469
33.567642 21.753469
33.567642 21.753469
33.567642 21.753469
33.567642 21.753469
33.567642 21.753469
33.567642 21.753469
33.145451 22.391497
33.145451 22.391497
33.145451 22.391497
33.145451 22.391497
33.145451 22.391497
33.145451 22.391497
33.145451 22.391497
33.145451 22.391497
33.145451 22.391497
32.766083 22.943058
32.766083 22.943058
32.766083 22.943058
32.766083 22.943058
32.766083 22.943058
32.766083 22.943058
32.766083 22.943058
32.766083 22.943058
32.766083 22.943058
32.766083 -22.943058
32.766083 -22.943058
32.766083 -22.943058
32.766083 -22.943058
32.766083 -22.943058
32.766083 -22.943058
32.766083 -22.943058
32.766083 -22.943058
32.766083 -22.943058
32.983994 -22.628656
32.983994 -22.628656
32.983994 -22.628656
32.983994 -22.628656
32.983994 -22.628656
32.983994 -22.628656
32.983994 -22.628656
32.983994 -22.628656
32.983994 -22.628656
33.410751 -21.993675
33.410751 -21.993675
33.410751 -21.993675
33.410751 -21.993675
33.410751 -21.993675
33.410751 -21.993675
33.410751 -21.993675
33.410751 -21.993675
33.410751 -21.993675
33.825283 -21.350647
33.825283 -21.350647
33.825283 -21.350647
33.825283 -21.350647
33.825283 -21.350647
33.825283 -21.350647
33.825283 -21.350647
33.825283 -21.350647
33.825283 -21.350647
34.276836 -20.617916
34.276836 -20.617916
34.276836 -20.617916
34.276836 -20.617916
34.276836 -20.617916
34.276836 -20.617916
34.276836 -20.617916
34.276836 -20.617916
34.276836 -20.617916
34.664902 -19.958574
34.664902 -19.958574
34.664902 -19.958574
34.664902 -19.958574
34.664902 -19.958574
34.664902 -19.958574
34.664902 -19.958574
34.664902 -19.958574
34.664902 -19.958574
35.086308 -19.208101
35.086308 -19.208101
35.086308 -19.208101
35.086308 -19.208101
35.086308 -19.208101
35.086308 -19.208101
35.086308 -19.208101
35.086308 -19.208101
35.086308 -19.208101
35.491467 -18.448734
35.491467 -18.448734
35.491467 -18.448734
35.491467 -18.448734
35.491467 -18.448734
35.491467 -18.448734
35.491467 -18.448734
35.491467 -18.448734
35.491467 -18.448734
35.880196 -17.680826
35.880196 -17.680826
35.880196 -17.680826
35.880196 -17.680826
35.880196 -17.680826
35.880196 -17.680826
35.880196 -17.680826
35.880196 -17.680826
35.880196 -17.680826
36.252312 -16.904730
36.252312 -16.904730
36.252312 -16.904730
36.252312 -16.904730
36.252312 -16.904730
36.252312 -16.904730
36.252312 -16.904730
36.252312 -16.904730
36.252312 -16.904730
36.504398 -15.971250
36.504398 -15.971250
36.504398 -15.971250
36.504398 -15.971250
36.504398 -15.971250
36.504398 -15.971250
36.504398 -15.971250
36.504398 -15.971250
36.504398 -15.971250
36.482124 -15.034805
36.482124 -15.034805
36.482124 -15.034805
36.482124 -15.034805
36.482124 -15.034805
36.482124 -15.034805
36.482124 -15.034805
36.482124 -15.034805
36.482124 -15.034805
36.470242 -14.019627
36.470242 -14.019627
36.470242 -14.019627
36.470242 -14.019627
36.470242 -14.019627
36.470242 -14.019627
36.470242 -14.019627
36.470242 -14.019627
36.470242 -14.019627
36.503700 -13.039701
36.503700 -13.039701
36.503700 -13.039701
36.503700 -13.039701
36.503700 -13.039701
36.503700 -13.039701
36.503700 -13.039701
36.503700 -13.039701
36.503700 -13.039701
36.540062 -11.978921
36.540062 -11.978921
36.540062 -11.978921
36.540062 -11.978921
36.540062 -11.978921
36.540062 -11.978921
36.540062 -11.978921
36.540062 -11.978921
36.540062 -11.978921
36.519863 -11.012659
36.519863 -11.012659
36.519863 -11.012659
36.519863 -11.012659
36.519863 -11.012659
36.519863 -11.012659
36.519863 -11.012659
36.519863 -11.012659
36.519863 -11.012659
36.498447 -9.967028
36.498447 -9.967028
36.498447 -9.967028
36.498447 -9.967028
36.498447 -9.967028
36.498447 -9.967028
36.498447 -9.967028
36.498447 -9.967028
36.498447 -9.967028
36.501114 -9.035891
36.501114 -9.035891
36.501114 -9.035891
36.501114 -9.035891
36.501114 -9.035891
36.501114 -9.035891
36.501114 -9.035891
36.501114 -9.035891
36.501114 -9.035891
36.499535 -8.023113
36.499535 -8.023113
36.499535 -8.023113
36.499535 -8.023113
36.499535 -8.023113
36.499535 -8.023113
36.499535 -8.023113
36.499535 -8.023113
36.499535 -8.023113
36.470093 -7.016703
36.470093 -7.016703
36.470093 -7.016703
36.470093 -7.016703
36.470093 -7.016703
36.470093 -7.016703
36.470093 -7.016703
36.470093 -7.016703
36.470093 -7.016703
36.489414 -6.030028
36.489414 -6.030028
36.489414 -6.030028
36.489414 -6.030028
36.489414 -6.030028
36.489414 -6.030028
36.489414 -6.030028
36.489414 -6.030028
36.489414 -6.030028
36.494137 -4.959969
36.494137 -4.959969
36.494137 -4.959969
36.494137 -4.959969
36.494137 -4.959969
36.494137 -4.959969
36.494137 -4.959969
36.494137 -4.959969
36.494137 -4.959969
36.535076 -3.990192
36.535076 -3.990192
36.535076 -3.990192
36.535076 -3.990192
36.535076 -3.990192
36.535076 -3.990192
36.535076 -3.990192
36.535076 -3.990192
36.535076 -3.990192
36.473244 -3.015328
36.473244 -3.015328
36.473244 -3.015328
36.473244 -3.015328
36.473244 -3.015328
36.473244 -3.015328
36.473244 -3.015328
36.473244 -3.015328
36.473244 -3.015328
36.467518 -1.963643
36.467518 -1.963643
36.467518 -1.963643
36.467518 -1.963643
36.467518 -1.963643
36.467518 -1.963643
36.467518 -1.963643
36.467518 -1.963643
36.467518 -1.963643
36.506546 -1.003997
36.506546 -1.003997
36.506546 -1.003997
36.506546 -1.003997
36.506546 -1.003997
36.506546 -1.003997
36.506546 -1.003997
36.506546 -1.003997
36.506546 -1.003997
36.520321 -0.043658
36.520321 -0.043658
36.520321 -0.043658
36.520321 -0.043658
36.520321 -0.043658
36.520321 -0.043658
36.520321 -0.043658
36.520321 -0.043658
36.520321 -0.043658
36.506546 1.003997
36.506546 1.003997
36.506546 1.003997
36.506546 1.003997
36.506546 1.003997
36.506546 1.003997
36.506546 1.003997
36.506546 1.003997
36.506546 1.003997
36.467518 1.963643
36.467518 1.963643
36.467518 1.963643
36.467518 1.963643
36.467518 1.963643
36.467518 1.963643
36.467518 1.963643
36.467518 1.963643
36.467518 1.963643
36.473244 3.015328
36.473244 3.015328
36.473244 3.015328
36.473244 3.015328
36.473244 3.015328
36.473244 3.015328
36.473244 3.015328
36.473244 3.015328
36.473244 3.015328
36.535076 3.990192
36.535076 3.990192
36.535076 3.990192
36.535076 3.990192
36.535076 3.990192
36.535076 3.990192
36.535076 3.990192
36.535076 3.990192
36.535076 3.990192
36.494137 4.959969
36.494137 4.959969
36.494137 4.959969
36.494137 4.959969
36.494137 4.959969
36.494137 4.959969
36.494137 4.959969
36.494137 4.959969
36.494137 4.959969
36.489414 6.030028
36.489414 6.030028
36.489414 6.030028
36.489414 6.030028
36.489414 6.030028
36.489414 6.030028
36.489414 6.030028
36.489414 6.030028
36.489414 6.030028
36.470093 7.016703
36.470093 7.016703
36.470093 7.016703
36.470093 7.016703
36.470093 7.016703
36.470093 7.016703
36.470093 7.016703
36.470093 7.016703
36.470093 7.016703
36.499535 8.023113
36.499535 8.023113
36.499535 8.023113
36.499535 8.023113
36.499535 8.023113
36.499535 8.023113
36.499535 8.023113
36.499535 8.023113
36.499535 8.023113
36.501114 9.035891
36.501114 9.035891
36.501114 9.035891
36.501114 9.035891
36.501114 9.035891
36.501114 9.035891
36.501114 9.035891
36.501114 9.035891
36.501114 9.035891
36.498447 9.967028
36.498447 9.967028
36.498447 9.967028
36.498447 9.967028
36.498447 9.967028
36.498447 9.967028
36.498447 9.967028
36.498447 9.967028
36.498447 9.967028
36.519863 11.012659
36.519863 11.012659
36.519863 11.012659
36.519863 11.012659
36.519863 11.012659
36.519863 11.012659
36.519863 11.012659
36.519863 11.012659
36.519863 11.012659
36.540062 11.978921
36.540062 11.978921
36.540062 11.978921
36.540062 11.978921
36.540062 11.978921
36.540062 11.978921
36.540062 11.978921
36.540062 11.978921
36.540062 11.978921
36.503700 13.039701
36.503700 13.039701
36.503700 13.039701
36.503700 13.039701
36.503700 13.039701
36.503700 13.039701
36.503700 13.039701
36.503700 13.039701
36.503700 13.039701
36.470242 14.019627
36.470242 14.019627
36.470242 14.019627
36.470242 14.019627
36.470242 14.019627
36.470242 14.019627
36.470242 14.019627
36.470242 14.019627
36.470242 14.019627
36.482124 15.034805
36.482124 15.034805
36.482124 15.034805
36.482124 15.034805
36.482124 15.034805
36.482124 15.034805
36.482124 15.034805
36.482124 15.034805
36.482124 15.034805
36.504398 15.971250
36.504398 15.971250
36.504398 15.971250
36.504398 15.971250
36.504398 15.971250
36.504398 15.971250
36.504398 15.971250
36.504398 15.971250
36.504398 15.971250
36.252312 16.904730
36.252312 16.904730
36.252312 16.904730
36.252312 16.904730
36.252312 16.904730
36.252312 16.904730
36.252312 16.904730
36.252312 16.904730
36.252312 16.904730
35.880196 17.680826
35.880196 17.680826
35.880196 17.680826
35.880196 17.680826
35.880196 17.680826
35.880196 17.680826
35.880196 17.680826
35.880196 17.680826
35.880196 17.680826
35.491467 18.448734
35.491467 18.448734
35.491467 18.448734
35.491467 18.448734
35.491467 18.448734
35.491467 18.448734
35.491467 18.448734
35.491467 18.448734
35.491467 18.448734
35.086308 19.208101
35.086308 19.208101
35.086308 19.208101
35.086308 19.208101
35.086308 19.208101
35.086308 19.208101
35.086308 19.208101
35.086308 19.208101
35.086308 19.208101
34.664902 19.958574
34.664902 19.958574
34.664902 19.958574
34.664902 19.958574
34.664902 19.958574
34.664902 19.958574
34.664902 19.958574
34.664902 19.958574
34.664902 19.958574
34.276836 20.617916
34.276836 20.617916
34.276836 20.617916
34.276836 20.617916
34.276836 20.617916
34.276836 20.617916
34.276836 20.617916
34.276836 20.617916
34.276836 20.617916
33.825283 21.350647
33.825283 21.350647
33.825283 21.350647
33.825283 21.350647
33.825283 21.350647
33.825283 21.350647
33.825283 21.350647
33.825283 21.350647
33.825283 21.350647
33.410751 21.993675
33.410751 21.993675
33.410751 21.993675
33.410751 21.993675
33.410751 21.993675
33.410751 21.993675
33.410751 21.993675
33.410751 21.993675
33.410751 21.993675
32.983994 22.628656
32.983994 22.628656
32.983994 22.628656
32.983994 22.628656
32.983994 22.628656
32.983994 22.628656
32.983994 22.628656
32.983994 22.628656
32.983994 22.628656
32.766083 22.943058
32.766083 22.943058
32.766083 22.943058
32.766083 22.943058
32.766083 22.943058
32.766083 22.943058
32.766083 22.943058
32.766083 22.943058
32.766083 22.943058
32.875416 -22.786118
32.875416 -22.786118
32.875416 -22.786118
32.875416 -22.786118
32.875416 -22.786118
32.875416 -22.786118
32.875416 -22.786118
32.875416 -22.786118
32.875416 -22.786118
33.305202 -22.153183
33.305202 -22.153183
33.305202 -22.153183
33.305202 -22.153183
33.305202 -22.153183
33.305202 -22.153183
33.305202 -22.153183
33.305202 -22.153183
33.305202 -22.153183
33.671276 -21.592710
33.671276 -21.592710
33.671276 -21.592710
33.671276 -21.592710
33.671276 -21.592710
33.671276 -21.592710
33.671276 -21.592710
33.671276 -21.592710
33.671276 -21.592710
34.078094 -20.944773
34.078094 -20.944773
34.078094 -20.944773
34.078094 -20.944773
34.078094 -20.944773
34.078094 -20.944773
34.078094 -20.944773
34.078094 -20.944773
34.078094 -20.944773
34.520855 -20.206696
34.520855 -20.206696
34.520855 -20.206696
34.520855 -20.206696
34.520855 -20.206696
34.520855 -20.206696
34.520855 -20.206696
34.520855 -20.206696
34.520855 -20.206696
34.901009 -19.542763
34.901009 -19.542763
34.901009 -19.542763
34.901009 -19.542763
34.901009 -19.542763
34.901009 -19.542763
34.901009 -19.542763
34.901009 -19.542763
34.901009 -19.542763
35.313412 -18.787306
35.313412 -18.787306
35.313412 -18.787306
35.313412 -18.787306
35.313412 -18.787306
35.313412 -18.787306
35.313412 -18.787306
35.313412 -18.787306
35.313412 -18.787306
35.666275 -18.108475
35.666275 -18.108475
35.666275 -18.108475
35.666275 -18.108475
35.666275 -18.108475
35.666275 -18.108475
35.666275 -18.108475
35.666275 -18.108475
35.666275 -18.108475
36.047642 -17.336884
36.047642 -17.336884
36.047642 -17.336884
36.047642 -17.336884
36.047642 -17.336884
36.047642 -17.336884
36.047642 -17.336884
36.047642 -17.336884
36.047642 -17.336884
36.412319 -16.557266
36.412319 -16.557266
36.412319 -16.557266
36.412319 -16.557266
36.412319 -16.557266
36.412319 -16.557266
36.412319 -16.557266
36.412319 -16.557266
36.412319 -16.557266
36.797737 -15.682048
36.797737 -15.682048
36.797737 -15.682048
36.797737 -15.682048
36.797737 -15.682048
36.797737 -15.682048
36.797737 -15.682048
36.797737 -15.682048
36.797737 -15.682048
37.126633 -14.886674
37.126633 -14.886674
37.126633 -14.886674
37.126633 -14.886674
37.126633 -14.886674
37.126633 -14.886674
37.126633 -14.886674
37.126633 -14.886674
37.126633 -14.886674
37.471909 -13.994858
37.471909 -13.994858
37.471909 -13.994858
37.471909 -13.994858
37.471909 -13.994858
37.471909 -13.994858
37.471909 -13.994858
37.471909 -13.994858
37.471909 -13.994858
37.503506 -12.993784
37.503506 -12.993784
37.503506 -12.993784
37.503506 -12.993784
37.503506 -12.993784
37.503506 -12.993784
37.503506 -12.993784
37.503506 -12.993784
37.503506 -12.993784
37.508827 -11.999256
37.508827 -11.999256
37.508827 -11.999256
37.508827 -11.999256
37.508827 -11.999256
37.508827 -11.999256
37.508827 -11.999256
37.508827 -11.999256
37.508827 -11.999256
37.488201 -11.011955
37.488201 -11.011955
37.488201 -11.011955
37.488201 -11.011955
37.488201 -11.011955
37.488201 -11.011955
37.488201 -11.011955
37.488201 -11.011955
37.488201 -11.011955
37.540600 -9.962836
37.540600 -9.962836
37.540600 -9.962836
37.540600 -9.962836
37.540600 -9.962836
37.540600 -9.962836
37.540600 -9.962836
37.540600 -9.962836
37.540600 -9.962836
37.467281 -8.990361
37.467281 -8.990361
37.467281 -8.990361
37.467281 -8.990361
37.467281 -8.990361
37.467281 -8.990361
37.467281 -8.990361
37.467281 -8.990361
37.467281 -8.990361
37.539459 -7.969878
37.539459 -7.969878
37.539459 -7.969878
37.539459 -7.969878
37.539459 -7.969878
37.539459 -7.969878
37.539459 -7.969878
37.539459 -7.969878
37.539459 -7.969878
37.491253 -7.027431
37.491253 -7.027431
37.491253 -7.027431
37.491253 -7.027431
37.491253 -7.027431
37.491253 -7.027431
37.491253 -7.027431
37.491253 -7.027431
37.491253 -7.027431
37.510384 -6.014629
37.510384 -6.014629
37.510384 -6.014629
37.510384 -6.014629
37.510384 -6.014629
37.510384 -6.014629
37.510384 -6.014629
37.510384 -6.014629
37.510384 -6.014629
37.502285 -5.005698
37.502285 -5.005698
37.502285 -5.005698
37.502285 -5.005698
37.502285 -5.005698
37.502285 -5.005698
37.502285 -5.005698
37.502285 -5.005698
37.502285 -5.005698
37.467171 -4.001368
37.467171 -4.001368
37.467171 -4.001368
37.467171 -4.001368
37.467171 -4.001368
37.467171 -4.001368
37.467171 -4.001368
37.467171 -4.001368
37.467171 -4.001368
37.482361 -3.008543
37.482361 -3.008543
37.482361 -3.008543
37.482361 -3.008543
37.482361 -3.008543
37.482361 -3.008543
37.482361 -3.008543
37.482361 -3.008543
37.482361 -3.008543
37.471298 -2.017693
37.471298 -2.017693
37.471298 -2.017693
37.471298 -2.017693
37.471298 -2.017693
37.471298 -2.017693
37.471298 -2.017693
37.471298 -2.017693
37.471298 -2.017693
37.511398 -1.031633
37.511398 -1.031633
37.511398 -1.031633
37.511398 -1.031633
37.511398 -1.031633
37.511398 -1.031633
37.511398 -1.031633
37.511398 -1.031633
37.511398 -1.031633
37.525555 -0.044859
37.525555 -0.044859
37.525555 -0.044859
37.525555 -0.044859
37.525555 -0.044859
37.525555 -0.044859
37.525555 -0.044859
37.525555 -0.044859
37.525555 -0.044859
37.511398 1.031633
37.511398 1.031633
37.511398 1.031633
37.511398 1.031633
37.511398 1.031633
37.511398 1.031633
37.511398 1.031633
37.511398 1.031633
37.511398 1.031633
37.471298 2.017693
37.471298 2.017693
37.471298 2.017693
37.471298 2.017693
37.471298 2.017693
37.471298 2.017693
37.471298 2.017693
37.471298 2.017693
37.471298 2.017693
37.482361 3.008543
37.482361 3.008543
37.482361 3.008543
37.482361 3.008543
37.482361 3.008543
37.482361 3.008543
37.482361 3.008543
37.482361 3.008543
37.482361 3.008543
37.467171 4.001368
37.467171 4.001368
37.467171 4.001368
37.467171 4.001368
37.467171 4.001368
37.467171 4.001368
37.467171 4.001368
37.467171 4.001368
37.467171 4.001368
37.502285 5.005698
37.502285 5.005698
37.502285 5.005698
37.502285 5.005698
37.502285 5.005698
37.502285 5.005698
37.502285 5.005698
37.502285 5.005698
37.502285 5.005698
37.510384 6.014629
37.510384 6.014629
37.510384 6.014629
37.510384 6.014629
37.510384 6.014629
37.510384 6.014629
37.510384 6.014629
37.510384 6.014629
37.510384 6.014629
37.491253 7.027431
37.491253 7.027431
37.491253 7.027431
37.491253 7.027431
37.491253 7.027431
37.491253 7.027431
37.491253 7.027431
37.491253 7.027431
37.491253 7.027431
37.539459 7.969878
37.539459 7.969878
37.539459 7.969878
37.539459 7.969878
37.539459 7.969878
37.539459 7.969878
37.539459 7.969878
37.539459 7.969878
37.539459 7.969878
37.467281 8.990361
37.467281 8.990361
37.467281 8.990361
37.467281 8.990361
37.467281 8.990361
37.467281 8.990361
37.467281 8.990361
37.467281 8.990361
37.467281 8.990361
37.540600 9.962836
37.540600 9.962836
37.540600 9.962836
37.540600 9.962836
37.540600 9.962836
37.540600 9.962836
37.540600 9.962836
37.540600 9.962836
37.540600 9.962836
37.488201 11.011955
37.488201 11.011955
37.488201 11.011955
37.488201 11.011955
37.488201 11.011955
37.488201 11.011955
37.488201 11.011955
37.488201 11.011955
37.488201 11.011955
37.508827 11.999256
37.508827 11.999256
37.508827 11.999256
37.508827 11.999256
37.508827 11.999256
37.508827 11.999256
37.508827 11.999256
37.508827 11.999256
37.508827 11.999256
37.503506 12.993784
37.503506 12.993784
37.503506 12.993784
37.503506 12.993784
37.503506 12.993784
37.503506 12.993784
37.503506 12.993784
37.503506 12.993784
37.503506 12.993784
37.471909 13.994858
37.471909 13.994858
37.471909 13.994858
37.471909 13.994858
37.471909 13.994858
37.471909 13.994858
37.471909 13.994858
37.471909 13.994858
37.471909 13.994858
37.126633 14.886674
37.126633 14.886674
37.126633 14.886674
37.126633 14.886674
37.126633 14.886674
37.126633 14.886674
37.126633 14.886674
37.126633 14.886674
37.126633 14.886674
36.797737 15.682048
36.797737 15.682048
36.797737 15.682048
36.797737 15.682048
36.797737 15.682048
36.797737 15.682048
36.797737 15.682048
36.797737 15.682048
36.797737 15.682048
36.412319 16.557266
36.412319 16.557266
36.412319 16.557266
36.412319 16.557266
36.412319 16.557266
36.412319 16.557266
36.412319 16.557266
36.412319 16.557266
36.412319 16.557266
36.047642 17.336884
36.047642 17.336884
36.047642 17.336884
36.047642 17.336884
36.047642 17.336884
36.047642 17.336884
36.047642 17.336884
36.047642 17.336884
36.047642 17.336884
35.666275 18.108475
35.666275 18.108475
35.666275 18.108475
35.666275 18.108475
35.666275 18.108475
35.666275 18.108475
35.666275 18.108475
35.666275 18.108475
35.666275 18.108475
35.313412 18.787306
35.313412 18.787306
35.313412 18.787306
35.313412 18.787306
35.313412 18.787306
35.313412 18.787306
35.313412 18.787306
35.313412 18.787306
35.313412 18.787306
34.901009 19.542763
34.901009 19.542763
34.901009 19.542763
34.901009 19.542763
34.901009 19.542763
34.901009 19.542763
34.901009 19.542763
34.901009 19.542763
34.901009 19.542763
34.520855 20.206696
34.520855 20.206696
34.520855 20.206696
34.520855 20.206696
34.520855 20.206696
34.520855 20.206696
34.520855 20.206696
34.520855 20.206696
34.520855 20.206696
34.078094 20.944773
34.078094 20.944773
34.078094 20.944773
34.078094 20.944773
34.078094 20.944773
34.078094 20.944773
34.078094 20.944773
34.078094 20.944773
34.078094 20.944773
33.671276 21.592710
33.671276 21.592710
33.671276 21.592710
33.671276 21.592710
33.671276 21.592710
33.671276 21.592710
33.671276 21.592710
33.671276 21.592710
33.671276 21.592710
33.305202 22.153183
33.305202 22.153183
33.305202 22.153183
33.305202 22.153183
33.305202 22.153183
33.305202 22.153183
33.305202 22.153183
33.305202 22.153183
33.305202 22.153183
32.875416 22.786118
32.875416 22.786118
32.875416 22.786118
32.875416 22.786118
32.875416 22.786118
32.875416 22.786118
32.875416 22.786118
32.875416 22.786118
32.875416 22.786118
32.766083 -22.943058
32.766083 -22.943058
32.766083 -22.943058
32.766083 -22.943058
32.766083 -22.943058
32.766083 -22.943058
32.766083 -22.943058
32.766083 -22.943058
32.766083 -22.943058
33.145451 -22.391497
33.145451 -22.391497
33.145451 -22.391497
33.145451 -22.391497
33.145451 -22.391497
33.145451 -22.391497
33.145451 -22.391497
33.145451 -22.391497
33.145451 -22.391497
33.567642 -21.753469
33.567642 -21.753469
33.567642 -21.753469
33.567642 -21.753469
33.567642 -21.753469
33.567642 -21.753469
33.567642 -21.753469
33.567642 -21.753469
33.567642 -21.753469
33.926991 -21.188660
33.926991 -21.188660
33.926991 -21.188660
33.926991 -21.188660
33.926991 -21.188660
33.926991 -21.188660
33.926991 -21.188660
33.926991 -21.188660
33.926991 -21.188660
34.326035 -20.535906
34.326035 -20.535906
34.326035 -20.535906
34.326035 -20.535906
34.326035 -20.535906
34.326035 -20.535906
34.326035 -20.535906
34.326035 -20.535906
34.326035 -20.535906
34.712521 -19.875639
34.712521 -19.875639
34.712521 -19.875639
34.712521 -19.875639
34.712521 -19.875639
34.712521 -19.875639
34.712521 -19.875639
34.712521 -19.875639
34.712521 -19.875639
35.132130 -19.124159
35.132130 -19.124159
35.132130 -19.124159
35.132130 -19.124159
35.132130 -19.124159
35.132130 -19.124159
35.132130 -19.124159
35.132130 -19.124159
35.132130 -19.124159
35.491467 -18.448734
35.491467 -18.448734
35.491467 -18.448734
35.491467 -18.448734
35.491467 -18.448734
35.491467 -18.448734
35.491467 -18.448734
35.491467 -18.448734
35.491467 -18.448734
35.880196 -17.680826
35.880196 -17.680826
35.880196 -17.680826
35.880196 -17.680826
35.880196 -17.680826
35.880196 -17.680826
35.880196 -17.680826
35.880196 -17.680826
35.880196 -17.680826
36.252312 -16.904730
36.252312 -16.904730
36.252312 -16.904730
36.252312 -16.904730
36.252312 -16.904730
36.252312 -16.904730
36.252312 -16.904730
36.252312 -16.904730
36.252312 -16.904730
36.607643 -16.120810
36.607643 -16.120810
36.607643 -16.120810
36.607643 -16.120810
36.607643 -16.120810
36.607643 -16.120810
36.607643 -16.120810
36.607643 -16.120810
36.607643 -16.120810
36.946026 -15.329423
36.946026 -15.329423
36.946026 -15.329423
36.946026 -15.329423
36.946026 -15.329423
36.946026 -15.329423
36.946026 -15.329423
36.946026 -15.329423
36.946026 -15.329423
37.267303 -14.530940
37.267303 -14.530940
37.267303 -14.530940
37.267303 -14.530940
37.267303 -14.530940
37.267303 -14.530940
37.267303 -14.530940
37.267303 -14.530940
37.267303 -14.530940
37.604031 -13.635862
37.604031 -13.635862
37.604031 -13.635862
37.604031 -13.635862
37.604031 -13.635862
37.604031 -13.635862
37.604031 -13.635862
37.604031 -13.635862
37.604031 -13.635862
37.888718 -12.823614
37.888718 -12.823614
37.888718 -12.823614
37.888718 -12.823614
37.888718 -12.823614
37.888718 -12.823614
37.888718 -12.823614
37.888718 -12.823614
37.888718 -12.823614
38.184456 -11.914168
38.184456 -11.914168
38.184456 -11.914168
38.184456 -11.914168
38.184456 -11.914168
38.184456 -11.914168
38.184456 -11.914168
38.184456 -11.914168
38.184456 -11.914168
38.458366 -10.997912
38.458366 -10.997912
38.458366 -10.997912
38.458366 -10.997912
38.458366 -10.997912
38.458366 -10.997912
38.458366 -10.997912
38.458366 -10.997912
38.458366 -10.997912
38.485798 -10.016939
38.485798 -10.016939
38.485798 -10.016939
38.485798 -10.016939
38.485798 -10.016939
38.485798 -10.016939
38.485798 -10.016939
38.485798 -10.016939
38.485798 -10.016939
38.488438 -9.040974
38.488438 -9.040974
38.488438 -9.040974
38.488438 -9.040974
38.488438 -9.040974
38.488438 -9.040974
38.488438 -9.040974
38.488438 -9.040974
38.488438 -9.040974
38.485725 -7.978647
38.485725 -7.978647
38.485725 -7.978647
38.485725 -7.978647
38.485725 -7.978647
38.485725 -7.978647
38.485725 -7.978647
38.485725 -7.978647
38.485725 -7.978647
38.513329 -7.028550
38.513329 -7.028550
38.513329 -7.028550
38.513329 -7.028550
38.513329 -7.028550
38.513329 -7.028550
38.513329 -7.028550
38.513329 -7.028550
38.513329 -7.028550
38.532021 -5.989601
38.532021 -5.989601
38.532021 -5.989601
38.532021 -5.989601
38.532021 -5.989601
38.532021 -5.989601
38.532021 -5.989601
38.532021 -5.989601
38.532021 -5.989601
38.510857 -5.046635
38.510857 -5.046635
38.510857 -5.046635
38.510857 -5.046635
38.510857 -5.046635
38.510857 -5.046635
38.510857 -5.046635
38.510857 -5.046635
38.510857 -5.046635
38.476433 -4.016136
38.476433 -4.016136
38.476433 -4.016136
38.476433 -4.016136
38.476433 -4.016136
38.476433 -4.016136
38.476433 -4.016136
38.476433 -4.016136
38.476433 -4.016136
38.491646 -2.996951
38.491646 -2.996951
38.491646 -2.996951
38.491646 -2.996951
38.491646 -2.996951
38.491646 -2.996951
38.491646 -2.996951
38.491646 -2.996951
38.491646 -2.996951
38.479919 -1.979748
38.479919 -1.979748
38.479919 -1.979748
38.479919 -1.979748
38.479919 -1.979748
38.479919 -1.979748
38.479919 -1.979748
38.479919 -1.979748
38.479919 -1.979748
38.518673 -0.967178
38.518673 -0.967178
38.518673 -0.967178
38.518673 -0.967178
38.518673 -0.967178
38.518673 -0.967178
38.518673 -0.967178
38.518673 -0.967178
38.518673 -0.967178
38.530785 -0.046061
38.530785 -0.046061
38.530785 -0.046061
38.530785 -0.046061
38.530785 -0.046061
38.530785 -0.046061
38.530785 -0.046061
38.530785 -0.046061
38.530785 -0.046061
38.518673 0.967178
38.518673 0.967178
38.518673 0.967178
38.518673 0.967178
38.518673 0.967178
38.518673 0.967178
38.518673 0.967178
38.518673 0.967178
38.518673 0.967178
38.479919 1.979748
38.479919 1.979748
38.479919 1.979748
38.479919 1.979748
38.479919 1.979748
38.479919 1.979748
38.479919 1.979748
38.479919 1.979748
38.479919 1.979748
38.491646 2.996951
38.491646 2.996951
38.491646 2.996951
38.491646 2.996951
38.491646 2.996951
38.491646 2.996951
38.491646 2.996951
38.491646 2.996951
38.491646 2.996951
38.476433 4.016136
38.476433 4.016136
38.476433 4.016136
38.476433 4.016136
38.476433 4.016136
38.476433 4.016136
38.476433 4.016136
38.476433 4.016136
38.476433 4.016136
38.510857 5.046635
38.510857 5.046635
38.510857 5.046635
38.510857 5.046635
38.510857 5.046635
38.510857 5.046635
38.510857 5.046635
38.510857 5.046635
38.510857 5.046635
38.532021 5.989601
38.532021 5.989601
38.532021 5.989601
38.532021 5.989601
38.532021 5.989601
38.532021 5.989601
38.532021 5.989601
38.532021 5.989601
38.532021 5.989601
38.513329 7.028550
38.513329 7.028550
38.513329 7.028550
38.513329 7.028550
38.513329 7.028550
38.513329 7.028550
38.513329 7.028550
38.513329 7.028550
38.513329 7.028550
38.485725 7.978647
38.485725 7.978647
38.485725 7.978647
38.485725 7.978647
38.485725 7.978647
38.485725 7.978647
38.485725 7.978647
38.485725 7.978647
38.485725 7.978647
38.488438 9.040974
38.488438 9.040974
38.488438 9.040974
38.488438 9.040974
38.488438 9.040974
38.488438 9.040974
38.488438 9.040974
38.488438 9.040974
38.488438 9.040974
38.485798 10.016939
38.485798 10.016939
38.485798 10.016939
38.485798 10.016939
38.485798 10.016939
38.485798 10.016939
38.485798 10.016939
38.485798 10.016939
38.485798 10.016939
38.458366 10.997912
38.458366 10.997912
38.458366 10.997912
38.458366 10.997912
38.458366 10.997912
38.458366 10.997912
38.458366 10.997912
38.458366 10.997912
38.458366 10.997912
38.184456 11.914168
38.184456 11.914168
38.184456 11.914168
38.184456 11.914168
38.184456 11.914168
38.184456 11.914168
38.184456 11.914168
38.184456 11.914168
38.184456 11.914168
37.888718 12.823614
37.888718 12.823614
37.888718 12.823614
37.888718 12.823614
37.888718 12.823614
37.888718 12.823614
37.888718 12.823614
37.888718 12.823614
37.888718 12.823614
37.604031 13.635862
37.604031 13.635862
37.604031 13.635862
37.604031 13.635862
37.604031 13.635862
37.604031 13.635862
37.604031 13.635862
37.604031 13.635862
37.604031 13.635862
37.267303 14.530940
37.267303 14.530940
37.267303 14.530940
37.267303 14.530940
37.267303 14.530940
37.267303 14.530940
37.267303 14.530940
37.267303 14.530940
37.267303 14.530940
36.946026 15.329423
36.946026 15.329423
36.946026 15.329423
36.946026 15.329423
36.946026 15.329423
36.946026 15.329423
36.946026 15.329423
36.946026 15.329423
36.946026 15.329423
36.607643 16.120810
36.607643 16.120810
36.607643 16.120810
36.607643 16.120810
36.607643 16.120810
36.607643 16.120810
36.607643 16.120810
36.607643 16.120810
36.607643 16.120810
36.252312 16.904730
36.252312 16.904730
36.252312 16.904730
36.252312 16.904730
36.252312 16.904730
36.252312 16.904730
36.252312 16.904730
36.252312 16.904730
36.252312 16.904730
35.880196 17.680826
35.880196 17.680826
35.880196 17.680826
35.880196 17.680826
35.880196 17.680826
35.880196 17.680826
35.880196 17.680826
35.880196 17.680826
35.880196 17.680826
35.491467 18.448734
35.491467 18.448734
35.491467 18.448734
35.491467 18.448734
35.491467 18.448734
35.491467 18.448734
35.491467 18.448734
35.491467 18.448734
35.491467 18.448734
35.132130 19.124159
35.132130 19.124159
35.132130 19.124159
35.132130 19.124159
35.132130 19.124159
35.132130 19.124159
35.132130 19.124159
35.132130 19.124159
35.132130 19.124159
34.712521 19.875639
34.712521 19.875639
34.712521 19.875639
34.712521 19.875639
34.712521 19.875639
34.712521 19.875639
34.712521 19.875639
34.712521 19.875639
34.712521 19.875639
34.326035 20.535906
34.326035 20.535906
34.326035 20.535906
34.326035 20.535906
34.326035 20.535906
34.326035 20.535906
34.326035 20.535906
34.326035 20.535906
34.326035 20.535906
33.926991 21.188660
33.926991 21.188660
33.926991 21.188660
33.926991 21.188660
33.926991 21.188660
33.926991 21.188660
33.926991 21.188660
33.926991 21.188660
33.926991 21.188660
33.567642 21.753469
33.567642 21.753469
33.567642 21.753469
33.567642 21.753469
33.567642 21.753469
33.567642 21.753469
33.567642 21.753469
33.567642 21.753469
33.567642 21.753469
33.145451 22.391497
33.145451 22.391497
33.145451 22.391497
33.145451 22.391497
33.145451 22.391497
33.145451 22.391497
33.145451 22.391497
33.145451 22.391497
33.145451 22.391497
32.766083 22.943058
32.766083 22.943058
32.766083 22.943058
32.766083 22.943058
32.766083 22.943058
32.766083 22.943058
32.766083 22.943058
32.766083 22.943058
32.766083 22.943058
32.766083 -22.943058
32.766083 -22.943058
32.766083 -22.943058
32.766083 -22.943058
32.766083 -22.943058
32.766083 -22.943058
32.766083 -22.943058
32.766083 -22.943058
32.766083 -22.943058
33.038002 -22.549732
33.038002 -22.549732
33.038002 -22.549732
33.038002 -22.549732
33.038002 -22.549732
33.038002 -22.549732
33.038002 -22.549732
33.038002 -22.549732
33.038002 -22.549732
33.410751 -21.993675
33.410751 -21.993675
33.410751 -21.993675
33.410751 -21.993675
33.410751 -21.993675
33.410751 -21.993675
33.410751 -21.993675
33.410751 -21.993675
33.410751 -21.993675
33.774143 -21.431458
33.774143 -21.431458
33.774143 -21.431458
33.774143 -21.431458
33.774143 -21.431458
33.774143 -21.431458
33.774143 -21.431458
33.774143 -21.431458
33.774143 -21.431458
34.177856 -20.781582
34.177856 -20.781582
34.177856 -20.781582
34.177856 -20.781582
34.177856 -20.781582
34.177856 -20.781582
34.177856 -20.781582
34.177856 -20.781582
34.177856 -20.781582
34.569069 -20.124104
34.569069 -20.124104
34.569069 -20.124104
34.569069 -20.124104
34.569069 -20.124104
34.569069 -20.124104
34.569069 -20.124104
34.569069 -20.124104
34.569069 -20.124104
34.947632 -19.459265
34.947632 -19.459265
34.947632 -19.459265
34.947632 -19.459265
34.947632 -19.459265
34.947632 -19.459265
34.947632 -19.459265
34.947632 -19.459265
34.947632 -19.459265
35.313412 -18.787306
35.313412 -18.787306
35.313412 -18.787306
35.313412 -18.787306
35.313412 -18.787306
35.313412 -18.787306
35.313412 -18.787306
35.313412 -18.787306
35.313412 -18.787306
35.666275 -18.108475
35.666275 -18.108475
35.666275 -18.108475
35.666275 -18.108475
35.666275 -18.108475
35.666275 -18.108475
35.666275 -18.108475
35.666275 -18.108475
35.666275 -18.108475
36.047642 -17.336884
36.047642 -17.336884
36.047642 -17.336884
36.047642 -17.336884
36.047642 -17.336884
36.047642 -17.336884
36.047642 -17.336884
36.047642 -17.336884
36.047642 -17.336884
36.412319 -16.557266
36.412319 -16.557266
36.412319 -16.557266
36.412319 -16.557266
36.412319 -16.557266
36.412319 -16.557266
36.412319 -16.557266
36.412319 -16.557266
36.412319 -16.557266
36.760136 -15.769981
36.760136 -15.769981
36.760136 -15.769981
36.760136 -15.769981
36.760136 -15.769981
36.760136 -15.769981
36.760136 -15.769981
36.760136 -15.769981
36.760136 -15.769981
37.090935 -14.975396
37.090935 -14.975396
37.090935 -14.975396
37.090935 -14.975396
37.090935 -14.975396
37.090935 -14.975396
37.090935 -14.975396
37.090935 -14.975396
37.090935 -14.975396
37.404560 -14.173878
37.404560 -14.173878
37.404560 -14.173878
37.404560 -14.173878
37.404560 -14.173878
37.404560 -14.173878
37.404560 -14.173878
37.404560 -14.173878
37.404560 -14.173878
37.700871 -13.365796
37.700871 -13.365796
37.700871 -13.365796
37.700871 -13.365796
37.700871 -13.365796
37.700871 -13.365796
37.700871 -13.365796
37.700871 -13.365796
37.700871 -13.365796
38.009621 -12.460686
38.009621 -12.460686
38.009621 -12.460686
38.009621 -12.460686
38.009621 -12.460686
38.009621 -12.460686
38.009621 -12.460686
38.009621 -12.460686
38.009621 -12.460686
38.268929 -11.639983
38.268929 -11.639983
38.268929 -11.639983
38.268929 -11.639983
38.268929 -11.639983
38.268929 -11.639983
38.268929 -11.639983
38.268929 -11.639983
38.268929 -11.639983
38.536259 -10.721786
38.536259 -10.721786
38.536259 -10.721786
38.536259 -10.721786
38.536259 -10.721786
38.536259 -10.721786
38.536259 -10.721786
38.536259 -10.721786
38.536259 -10.721786
38.781567 -9.797461
38.781567 -9.797461
38.781567 -9.797461
38.781567 -9.797461
38.781567 -9.797461
38.781567 -9.797461
38.781567 -9.797461
38.781567 -9.797461
38.781567 -9.797461
39.004704 -8.867536
39.004704 -8.867536
39.004704 -8.867536
39.004704 -8.867536
39.004704 -8.867536
39.004704 -8.867536
39.004704 -8.867536
39.004704 -8.867536
39.004704 -8.867536
39.205544 -7.932541
39.205544 -7.932541
39.205544 -7.932541
39.205544 -7.932541
39.205544 -7.932541
39.205544 -7.932541
39.205544 -7.932541
39.205544 -7.932541
39.205544 -7.932541
39.383980 -6.993013
39.383980 -6.993013
39.383980 -6.993013
39.383980 -6.993013
39.383980 -6.993013
39.383980 -6.993013
39.383980 -6.993013
39.383980 -6.993013
39.383980 -6.993013
39.463463 -6.037793
39.463463 -6.037793
39.463463 -6.037793
39.463463 -6.037793
39.463463 -6.037793
39.463463 -6.037793
39.463463 -6.037793
39.463463 -6.037793
39.463463 -6.037793
39.531872 -4.988276
39.531872 -4.988276
39.531872 -4.988276
39.531872 -4.988276
39.531872 -4.988276
39.531872 -4.988276
39.531872 -4.988276
39.531872 -4.988276
39.531872 -4.988276
39.485973 -4.026100
39.485973 -4.026100
39.485973 -4.026100
39.485973 -4.026100
39.485973 -4.026100
39.485973 -4.026100
39.485973 -4.026100
39.485973 -4.026100
39.485973 -4.026100
39.501083 -2.980549
39.501083 -2.980549
39.501083 -2.980549
39.501083 -2.980549
39.501083 -2.980549
39.501083 -2.980549
39.501083 -2.980549
39.501083 -2.980549
39.501083 -2.980549
39.483826 -2.031398
39.483826 -2.031398
39.483826 -2.031398
39.483826 -2.031398
39.483826 -2.031398
39.483826 -2.031398
39.483826 -2.031398
39.483826 -2.031398
39.483826 -2.031398
39.523590 -0.992411
39.523590 -0.992411
39.523590 -0.992411
39.523590 -0.992411
39.523590 -0.992411
39.523590 -0.992411
39.523590 -0.992411
39.523590 -0.992411
39.523590 -0.992411
39.536018 -0.047263
39.536018 -0.047263
39.536018 -0.047263
39.536018 -0.047263
39.536018 -0.047263
39.536018 -0.047263
39.536018 -0.047263
39.536018 -0.047263
39.536018 -0.047263
39.523590 0.992411
39.523590 0.992411
39.523590 0.992411
39.523590 0.992411
39.523590 0.992411
39.523590 0.992411
39.523590 0.992411
39.523590 0.992411
39.523590 0.992411
39.483826 2.031398
39.483826 2.031398
39.483826 2.031398
39.483826 2.031398
39.483826 2.031398
39.483826 2.031398
39.483826 2.031398
39.483826 2.031398
39.483826 2.031398
39.501083 2.980549
39.501083 2.980549
39.501083 2.980549
39.501083 2.980549
39.501083 2.980549
39.501083 2.980549
39.501083 2.980549
39.501083 2.980549
39.501083 2.980549
39.485973 4.026100
39.485973 4.026100
39.485973 4.026100
39.485973 4.026100
39.485973 4.026100
39.485973 4.026100
39.485973 4.026100
39.485973 4.026100
39.485973 4.026100
39.531872 4.988276
39.531872 4.988276
39.531872 4.988276
39.531872 4.988276
39.531872 4.988276
39.531872 4.988276
39.531872 4.988276
39.531872 4.988276
39.531872 4.988276
39.463463 6.037793
39.463463 6.037793
39.463463 6.037793
39.463463 6.037793
39.463463 6.037793
39.463463 6.037793
39.463463 6.037793
39.463463 6.037793
39.463463 6.037793
39.383980 6.993013
39.383980 6.993013
39.383980 6.993013
39.383980 6.993013
39.383980 6.993013
39.383980 6.993013
39.383980 6.993013
39.383980 6.993013
39.383980 6.993013
39.205544 7.932541
39.205544 7.932541
39.205544 7.932541
39.205544 7.932541
39.205544 7.932541
39.205544 7.932541
39.205544 7.932541
39.205544 7.932541
39.205544 7.932541
39.004704 8.867536
39.004704 8.867536
39.004704 8.867536
39.004704 8.867536
39.004704 8.867536
39.004704 8.867536
39.004704 8.867536
39.004704 8.867536
39.004704 8.867536
38.781567 9.797461
38.781567 9.797461
38.781567 9.797461
38.781567 9.797461
38.781567 9.797461
38.781567 9.797461
38.781567 9.797461
38.781567 9.797461
38.781567 9.797461
38.536259 10.721786
38.536259 10.721786
38.536259 10.721786
38.536259 10.721786
38.536259 10.721786
38.536259 10.721786
38.536259 10.721786
38.536259 10.721786
38.536259 10.721786
38.268929 11.639983
38.268929 11.639983
38.268929 11.639983
38.268929 11.639983
38.268929 11.639983
38.268929 11.639983
38.268929 11.639983
38.268929 11.639983
38.268929 11.639983
38.009621 12.460686
38.009621 12.460686
38.009621 12.460686
38.009621 12.460686
38.009621 12.460686
38.009621 12.460686
38.009621 12.460686
38.009621 12.460686
38.009621 12.460686
37.700871 13.365796
37.700871 13.365796
37.700871 13.365796
37.700871 13.365796
37.700871 13.365796
37.700871 13.365796
37.700871 13.365796
37.700871 13.365796
37.700871 13.365796
37.404560 14.173878
37.404560 14.173878
37.404560 14.173878
37.404560 14.173878
37.404560 14.173878
37.404560 14.173878
37.404560 14.173878
37.404560 14.173878
37.404560 14.173878
37.090935 14.975396
37.090935 14.975396
37.090935 14.975396
37.090935 14.975396
37.090935 14.975396
37.090935 14.975396
37.090935 14.975396
37.090935 14.975396
37.090935 14.975396
36.760136 15.769981
36.760136 15.769981
36.760136 15.769981
36.760136 15.769981
36.760136 15.769981
36.760136 15.769981
36.760136 15.769981
36.760136 15.769981
36.760136 15.769981
36.412319 16.557266
36.412319 16.557266
36.412319 16.557266
36.412319 16.557266
36.412319 16.557266
36.412319 16.557266
36.412319 16.557266
36.412319 16.557266
36.412319 16.557266
36.047642 17.336884
36.047642 17.336884
36.047642 17.336884
36.047642 17.336884
36.047642 17.336884
36.047642 17.336884
36.047642 17.336884
36.047642 17.336884
36.047642 17.336884
35.666275 18.108475
35.666275 18.108475
35.666275 18.108475
35.666275 18.108475
35.666275 18.108475
35.666275 18.108475
35.666275 18.108475
35.666275 18.108475
35.666275 18.108475
35.313412 18.787306
35.313412 18.787306
35.313412 18.787306
35.313412 18.787306
35.313412 18.787306
35.313412 18.787306
35.313412 18.787306
35.313412 18.787306
35.313412 18.787306
34.947632 19.459265
34.947632 19.459265
34.947632 19.459265
34.947632 19.459265
34.947632 19.459265
34.947632 19.459265
34.947632 19.459265
34.947632 19.459265
34.947632 19.459265
34.569069 20.124104
34.569069 20.124104
34.569069 20.124104
34.569069 20.124104
34.569069 20.124104
34.569069 20.124104
34.569069 20.124104
34.569069 20.124104
34.569069 20.124104
34.177856 20.781582
34.177856 20.781582
34.177856 20.781582
34.177856 20.781582
34.177856 20.781582
34.177856 20.781582
34.177856 20.781582
34.177856 20.781582
34.177856 20.781582
33.774143 21.431458
33.774143 21.431458
33.774143 21.431458
33.774143 21.431458
33.774143 21.431458
33.774143 21.431458
33.774143 21.431458
33.774143 21.431458
33.774143 21.431458
33.410751 21.993675
33.410751 21.993675
33.410751 21.993675
33.410751 21.993675
33.410751 21.993675
33.410751 21.993675
33.410751 21.993675
33.410751 21.993675
33.410751 21.993675
33.038002 22.549732
33.038002 22.549732
33.038002 22.549732
33.038002 22.549732
33.038002 22.549732
33.038002 22.549732
33.038002 22.549732
33.038002 22.549732
33.038002 22.549732
32.766083 22.943058
32.766083 22.943058
32.766083 22.943058
32.766083 22.943058
32.766083 22.943058
32.766083 22.943058
32.766083 22.943058
32.766083 22.943058
32.766083 22.943058
