x y z p
5.493227 -0.005752 0.000000 0.950000
4.503124 -3.008891 0.000000 0.950000
5.493227 -0.005752 0.000000 0.950000
4.503124 3.008891 0.000000 0.950000
4.503124 -3.008891 0.000000 0.950000
4.503124 -3.008891 0.000000 0.950000
5.493227 -0.005752 0.000000 0.950000
4.503124 3.008891 0.000000 0.950000
4.503124 3.008891 0.000000 0.950000
4.503124 -3.008891 0.000000 0.950000
5.481177 -0.994122 0.000000 0.950000
5.493227 -0.005752 0.000000 0.950000
5.481177 0.994122 0.000000 0.950000
4.503124 3.008891 0.000000 0.950000
4.503124 -3.008891 0.000000 0.950000
4.503124 -3.008891 0.000000 0.950000
5.481177 -0.994122 0.000000 0.950000
5.493227 -0.005752 0.000000 0.950000
5.481177 0.994122 0.000000 0.950000
4.503124 3.008891 0.000000 0.950000
4.503124 3.008891 0.000000 0.950000
5.546653 -3.905201 -0.582977 0.777067
5.577205 -3.905201 0.000000 0.950000
5.546653 -3.905201 0.582977 0.777067
5.470548 -3.002806 -0.574978 0.777067
5.500681 -3.002806 0.000000 0.950000
5.470548 -3.002806 0.574978 0.777067
5.494498 -2.013034 -0.577495 0.777067
5.524763 -2.013034 0.000000 0.950000
5.494498 -2.013034 0.577495 0.777067
5.451150 -0.994122 -0.572939 0.777067
5.481177 -0.994122 0.000000 0.950000
5.451150 -0.994122 0.572939 0.777067
5.463135 -0.005752 -0.574199 0.777067
5.493227 -0.005752 0.000000 0.950000
5.463135 -0.005752 0.574199 0.777067
5.451150 0.994122 -0.572939 0.777067
5.481177 0.994122 0.000000 0.950000
5.451150 0.994122 0.572939 0.777067
5.494498 2.013034 -0.577495 0.777067
5.524763 2.013034 0.000000 0.950000
5.494498 2.013034 0.577495 0.777067
5.470548 3.002806 -0.574978 0.777067
5.500681 3.002806 0.000000 0.950000
5.470548 3.002806 0.574978 0.777067
5.546653 3.905201 -0.582977 0.777067
5.577205 3.905201 0.000000 0.950000
5.546653 3.905201 0.582977 0.777067
6.681196 -4.703992 -0.702222 0.777067
6.717998 -4.703992 0.000000 0.950000
6.681196 -4.703992 0.702222 0.777067
6.487431 -4.014647 -0.681856 0.777067
6.523165 -4.014647 0.000000 0.950000
6.487431 -4.014647 0.681856 0.777067
6.498619 -3.012407 -0.683032 0.777067
6.534415 -3.012407 0.000000 0.950000
6.498619 -3.012407 0.683032 0.777067
6.469790 -2.008790 -0.680002 0.777067
6.505427 -2.008790 0.000000 0.950000
6.469790 -2.008790 0.680002 0.777067
6.464949 -0.995887 -0.679494 0.777067
6.500560 -0.995887 0.000000 0.950000
6.464949 -0.995887 0.679494 0.777067
6.463427 -0.006806 -0.679334 0.777067
6.499029 -0.006806 0.000000 0.950000
6.463427 -0.006806 0.679334 0.777067
6.464949 0.995887 -0.679494 0.777067
6.500560 0.995887 0.000000 0.950000
6.464949 0.995887 0.679494 0.777067
6.469790 2.008790 -0.680002 0.777067
6.505427 2.008790 0.000000 0.950000
6.469790 2.008790 0.680002 0.777067
6.498619 3.012407 -0.683032 0.777067
6.534415 3.012407 0.000000 0.950000
6.498619 3.012407 0.683032 0.777067
6.487431 4.014647 -0.681856 0.777067
6.523165 4.014647 0.000000 0.950000
6.487431 4.014647 0.681856 0.777067
6.681196 4.703992 -0.702222 0.777067
6.717998 4.703992 0.000000 0.950000
6.681196 4.703992 0.702222 0.777067
7.485418 -5.029146 -0.786749 0.777067
7.526649 -5.029146 0.000000 0.950000
7.485418 -5.029146 0.786749 0.777067
7.469812 -4.002059 -0.785109 0.777067
7.510958 -4.002059 0.000000 0.950000
7.469812 -4.002059 0.785109 0.777067
7.429543 -2.989486 -0.780876 0.777067
7.470467 -2.989486 0.000000 0.950000
7.429543 -2.989486 0.780876 0.777067
7.436184 -1.988117 -0.781574 0.777067
7.477145 -1.988117 0.000000 0.950000
7.436184 -1.988117 0.781574 0.777067
7.475469 -0.994924 -0.785703 0.777067
7.516645 -0.994924 0.000000 0.950000
7.475469 -0.994924 0.785703 0.777067
7.463719 0.007859 -0.784468 0.777067
7.504831 0.007859 0.000000 0.950000
7.463719 0.007859 0.784468 0.777067
7.475469 0.994924 -0.785703 0.777067
7.516645 0.994924 0.000000 0.950000
7.475469 0.994924 0.785703 0.777067
7.436184 1.988117 -0.781574 0.777067
7.477145 1.988117 0.000000 0.950000
7.436184 1.988117 0.781574 0.777067
7.429543 2.989486 -0.780876 0.777067
7.470467 2.989486 0.000000 0.950000
7.429543 2.989486 0.780876 0.777067
7.469812 4.002059 -0.785109 0.777067
7.510958 4.002059 0.000000 0.950000
7.469812 4.002059 0.785109 0.777067
7.485418 5.029146 -0.786749 0.777067
7.526649 5.029146 0.000000 0.950000
7.485418 5.029146 0.786749 0.777067
8.446040 -5.946557 -0.887715 0.777067
8.492563 -5.946557 0.000000 0.950000
8.446040 -5.946557 0.887715 0.777067
8.427699 -4.973726 -0.885787 0.777067
8.474121 -4.973726 0.000000 0.950000
8.427699 -4.973726 0.885787 0.777067
8.426393 -3.981583 -0.885650 0.777067
8.472807 -3.981583 0.000000 0.950000
8.426393 -3.981583 0.885650 0.777067
8.487830 -3.017226 -0.892107 0.777067
8.534583 -3.017226 0.000000 0.950000
8.487830 -3.017226 0.892107 0.777067
8.461647 -2.011266 -0.889355 0.777067
8.508256 -2.011266 0.000000 0.950000
8.461647 -2.011266 0.889355 0.777067
8.481585 -1.010901 -0.891450 0.777067
8.528303 -1.010901 0.000000 0.950000
8.481585 -1.010901 0.891450 0.777067
8.464011 0.008912 -0.889603 0.777067
8.510633 0.008912 0.000000 0.950000
8.464011 0.008912 0.889603 0.777067
8.481585 1.010901 -0.891450 0.777067
8.528303 1.010901 0.000000 0.950000
8.481585 1.010901 0.891450 0.777067
8.461647 2.011266 -0.889355 0.777067
8.508256 2.011266 0.000000 0.950000
8.461647 2.011266 0.889355 0.777067
8.487830 3.017226 -0.892107 0.777067
8.534583 3.017226 0.000000 0.950000
8.487830 3.017226 0.892107 0.777067
8.426393 3.981583 -0.885650 0.777067
8.472807 3.981583 0.000000 0.950000
8.426393 3.981583 0.885650 0.777067
8.427699 4.973726 -0.885787 0.777067
8.474121 4.973726 0.000000 0.950000
8.427699 4.973726 0.885787 0.777067
8.446040 5.946557 -0.887715 0.777067
8.492563 5.946557 0.000000 0.950000
8.446040 5.946557 0.887715 0.777067
9.580583 -6.745347 -1.006960 0.777067
9.633355 -6.745347 0.000000 0.950000
9.580583 -6.745347 1.006960 0.777067
9.440035 -5.979766 -0.992188 0.777067
9.492033 -5.979766 0.000000 0.950000
9.440035 -5.979766 0.992188 0.777067
9.464462 -5.009044 -0.994755 0.777067
9.516595 -5.009044 0.000000 0.950000
9.464462 -5.009044 0.994755 0.777067
9.435514 -3.984276 -0.991713 0.777067
9.487488 -3.984276 0.000000 0.950000
9.435514 -3.984276 0.991713 0.777067
9.462925 -3.012869 -0.994593 0.777067
9.515049 -3.012869 0.000000 0.950000
9.462925 -3.012869 0.994593 0.777067
9.413223 -1.985979 -0.989370 0.777067
9.465074 -1.985979 0.000000 0.950000
9.413223 -1.985979 0.989370 0.777067
9.412635 -0.993087 -0.989308 0.777067
9.464482 -0.993087 0.000000 0.950000
9.412635 -0.993087 0.989308 0.777067
9.464304 -0.009966 -0.994738 0.777067
9.516436 -0.009966 0.000000 0.950000
9.464304 -0.009966 0.994738 0.777067
9.412635 0.993087 -0.989308 0.777067
9.464482 0.993087 0.000000 0.950000
9.412635 0.993087 0.989308 0.777067
9.413223 1.985979 -0.989370 0.777067
9.465074 1.985979 0.000000 0.950000
9.413223 1.985979 0.989370 0.777067
9.462925 3.012869 -0.994593 0.777067
9.515049 3.012869 0.000000 0.950000
9.462925 3.012869 0.994593 0.777067
9.435514 3.984276 -0.991713 0.777067
9.487488 3.984276 0.000000 0.950000
9.435514 3.984276 0.991713 0.777067
9.464462 5.009044 -0.994755 0.777067
9.516595 5.009044 0.000000 0.950000
9.464462 5.009044 0.994755 0.777067
9.440035 5.979766 -0.992188 0.777067
9.492033 5.979766 0.000000 0.950000
9.440035 5.979766 0.992188 0.777067
9.580583 6.745347 -1.006960 0.777067
9.633355 6.745347 0.000000 0.950000
9.580583 6.745347 1.006960 0.777067
10.445943 -7.006418 -0.913902 0.799870
10.485845 -7.006418 0.000000 0.950000
10.445943 -7.006418 0.913902 0.799870
10.432712 -6.000121 -0.912744 0.799870
10.472563 -6.000121 0.000000 0.950000
10.432712 -6.000121 0.912744 0.799870
10.438490 -4.988946 -0.913250 0.799870
10.478363 -4.988946 0.000000 0.950000
10.438490 -4.988946 0.913250 0.799870
10.444725 -3.991112 -0.913795 0.799870
10.484622 -3.991112 0.000000 0.950000
10.444725 -3.991112 0.913795 0.799870
10.448676 -2.999631 -0.914141 0.799870
10.488588 -2.999631 0.000000 0.950000
10.448676 -2.999631 0.914141 0.799870
10.447954 -2.000667 -0.914078 0.799870
10.487864 -2.000667 0.000000 0.950000
10.447954 -2.000667 0.914078 0.799870
10.434470 -1.003028 -0.912898 0.799870
10.474328 -1.003028 0.000000 0.950000
10.434470 -1.003028 0.912898 0.799870
10.482198 -0.011019 -0.917073 0.799870
10.522238 -0.011019 0.000000 0.950000
10.482198 -0.011019 0.917073 0.799870
10.434470 1.003028 -0.912898 0.799870
10.474328 1.003028 0.000000 0.950000
10.434470 1.003028 0.912898 0.799870
10.447954 2.000667 -0.914078 0.799870
10.487864 2.000667 0.000000 0.950000
10.447954 2.000667 0.914078 0.799870
10.448676 2.999631 -0.914141 0.799870
10.488588 2.999631 0.000000 0.950000
10.448676 2.999631 0.914141 0.799870
10.444725 3.991112 -0.913795 0.799870
10.484622 3.991112 0.000000 0.950000
10.444725 3.991112 0.913795 0.799870
10.438490 4.988946 -0.913250 0.799870
10.478363 4.988946 0.000000 0.950000
10.438490 4.988946 0.913250 0.799870
10.432712 6.000121 -0.912744 0.799870
10.472563 6.000121 0.000000 0.950000
10.432712 6.000121 0.912744 0.799870
10.445943 7.006418 -0.913902 0.799870
10.485845 7.006418 0.000000 0.950000
10.445943 7.006418 0.913902 0.799870
11.449946 -8.000224 -1.001740 0.799870
11.493683 -8.000224 0.000000 0.950000
11.449946 -8.000224 1.001740 0.799870
11.457978 -6.995921 -1.002443 0.799870
11.501745 -6.995921 0.000000 0.950000
11.457978 -6.995921 1.002443 0.799870
11.474052 -6.023962 -1.003850 0.799870
11.517881 -6.023962 0.000000 0.950000
11.474052 -6.023962 1.003850 0.799870
11.452291 -4.993848 -1.001946 0.799870
11.496037 -4.993848 0.000000 0.950000
11.452291 -4.993848 1.001946 0.799870
11.427690 -3.994744 -0.999793 0.799870
11.471341 -3.994744 0.000000 0.950000
11.427690 -3.994744 0.999793 0.799870
11.485230 -3.007404 -1.004827 0.799870
11.529102 -3.007404 0.000000 0.950000
11.485230 -3.007404 1.004827 0.799870
11.465725 -2.004593 -1.003121 0.799870
11.509521 -2.004593 0.000000 0.950000
11.465725 -2.004593 1.003121 0.799870
11.441347 -0.994713 -1.000988 0.799870
11.485051 -0.994713 0.000000 0.950000
11.441347 -0.994713 1.000988 0.799870
11.484173 -0.012072 -1.004735 0.799870
11.528040 -0.012072 0.000000 0.950000
11.484173 -0.012072 1.004735 0.799870
11.441347 0.994713 -1.000988 0.799870
11.485051 0.994713 0.000000 0.950000
11.441347 0.994713 1.000988 0.799870
11.465725 2.004593 -1.003121 0.799870
11.509521 2.004593 0.000000 0.950000
11.465725 2.004593 1.003121 0.799870
11.485230 3.007404 -1.004827 0.799870
11.529102 3.007404 0.000000 0.950000
11.485230 3.007404 1.004827 0.799870
11.427690 3.994744 -0.999793 0.799870
11.471341 3.994744 0.000000 0.950000
11.427690 3.994744 0.999793 0.799870
11.452291 4.993848 -1.001946 0.799870
11.496037 4.993848 0.000000 0.950000
11.452291 4.993848 1.001946 0.799870
11.474052 6.023962 -1.003850 0.799870
11.517881 6.023962 0.000000 0.950000
11.474052 6.023962 1.003850 0.799870
11.457978 6.995921 -1.002443 0.799870
11.501745 6.995921 0.000000 0.950000
11.457978 6.995921 1.002443 0.799870
11.449946 8.000224 -1.001740 0.799870
11.493683 8.000224 0.000000 0.950000
11.449946 8.000224 1.001740 0.799870
12.564096 -8.831080 -1.099216 0.799870
12.612089 -8.831080 0.000000 0.950000
12.564096 -8.831080 1.099216 0.799870
12.457201 -8.018687 -1.089864 0.799870
12.504786 -8.018687 0.000000 0.950000
12.457201 -8.018687 1.089864 0.799870
12.444462 -6.987265 -1.088749 0.799870
12.491998 -6.987265 0.000000 0.950000
12.444462 -6.987265 1.088749 0.799870
12.442069 -5.984012 -1.088540 0.799870
12.489595 -5.984012 0.000000 0.950000
12.442069 -5.984012 1.088540 0.799870
12.451105 -5.001640 -1.089331 0.799870
12.498666 -5.001640 0.000000 0.950000
12.451105 -5.001640 1.089331 0.799870
12.482490 -3.998888 -1.092076 0.799870
12.530170 -3.998888 0.000000 0.950000
12.482490 -3.998888 1.092076 0.799870
12.437808 -3.011291 -1.088167 0.799870
12.485318 -3.011291 0.000000 0.950000
12.437808 -3.011291 1.088167 0.799870
12.481211 -2.006803 -1.091964 0.799870
12.528887 -2.006803 0.000000 0.950000
12.481211 -2.006803 1.091964 0.799870
12.446457 -0.998659 -1.088924 0.799870
12.494000 -0.998659 0.000000 0.950000
12.446457 -0.998659 1.088924 0.799870
12.486147 -0.013125 -1.092396 0.799870
12.533842 -0.013125 0.000000 0.950000
12.486147 -0.013125 1.092396 0.799870
12.446457 0.998659 -1.088924 0.799870
12.494000 0.998659 0.000000 0.950000
12.446457 0.998659 1.088924 0.799870
12.481211 2.006803 -1.091964 0.799870
12.528887 2.006803 0.000000 0.950000
12.481211 2.006803 1.091964 0.799870
12.437808 3.011291 -1.088167 0.799870
12.485318 3.011291 0.000000 0.950000
12.437808 3.011291 1.088167 0.799870
12.482490 3.998888 -1.092076 0.799870
12.530170 3.998888 0.000000 0.950000
12.482490 3.998888 1.092076 0.799870
12.451105 5.001640 -1.089331 0.799870
12.498666 5.001640 0.000000 0.950000
12.451105 5.001640 1.089331 0.799870
12.442069 5.984012 -1.088540 0.799870
12.489595 5.984012 0.000000 0.950000
12.442069 5.984012 1.088540 0.799870
12.444462 6.987265 -1.088749 0.799870
12.491998 6.987265 0.000000 0.950000
12.444462 6.987265 1.088749 0.799870
12.457201 8.018687 -1.089864 0.799870
12.504786 8.018687 0.000000 0.950000
12.457201 8.018687 1.089864 0.799870
12.564096 8.831080 -1.099216 0.799870
12.612089 8.831080 0.000000 0.950000
12.564096 8.831080 1.099216 0.799870
13.476463 -9.026673 -0.942366 0.832222
13.509371 -9.026673 0.000000 0.950000
13.476463 -9.026673 0.942366 0.832222
13.470544 -8.020942 -0.941952 0.832222
13.503437 -8.020942 0.000000 0.950000
13.470544 -8.020942 0.941952 0.832222
13.490365 -7.030791 -0.943338 0.832222
13.523307 -7.030791 0.000000 0.950000
13.490365 -7.030791 0.943338 0.832222
13.477535 -5.987005 -0.942441 0.832222
13.510446 -5.987005 0.000000 0.950000
13.477535 -5.987005 0.942441 0.832222
13.464885 -4.990296 -0.941556 0.832222
13.497765 -4.990296 0.000000 0.950000
13.464885 -4.990296 0.941556 0.832222
13.469176 -3.996931 -0.941857 0.832222
13.502067 -3.996931 0.000000 0.950000
13.469176 -3.996931 0.941857 0.832222
13.487392 -2.999860 -0.943130 0.832222
13.520327 -2.999860 0.000000 0.950000
13.487392 -2.999860 0.943130 0.832222
13.436391 -2.000971 -0.939564 0.832222
13.469201 -2.000971 0.000000 0.950000
13.436391 -2.000971 0.939564 0.832222
13.470742 -0.986906 -0.941966 0.832222
13.503636 -0.986906 0.000000 0.950000
13.470742 -0.986906 0.941966 0.832222
13.429482 -0.014098 -0.939081 0.832222
13.462275 -0.014098 0.000000 0.950000
13.429482 -0.014098 0.939081 0.832222
13.470742 0.986906 -0.941966 0.832222
13.503636 0.986906 0.000000 0.950000
13.470742 0.986906 0.941966 0.832222
13.436391 2.000971 -0.939564 0.832222
13.469201 2.000971 0.000000 0.950000
13.436391 2.000971 0.939564 0.832222
13.487392 2.999860 -0.943130 0.832222
13.520327 2.999860 0.000000 0.950000
13.487392 2.999860 0.943130 0.832222
13.469176 3.996931 -0.941857 0.832222
13.502067 3.996931 0.000000 0.950000
13.469176 3.996931 0.941857 0.832222
13.464885 4.990296 -0.941556 0.832222
13.497765 4.990296 0.000000 0.950000
13.464885 4.990296 0.941556 0.832222
13.477535 5.987005 -0.942441 0.832222
13.510446 5.987005 0.000000 0.950000
13.477535 5.987005 0.942441 0.832222
13.490365 7.030791 -0.943338 0.832222
13.523307 7.030791 0.000000 0.950000
13.490365 7.030791 0.943338 0.832222
13.470544 8.020942 -0.941952 0.832222
13.503437 8.020942 0.000000 0.950000
13.470544 8.020942 0.941952 0.832222
13.476463 9.026673 -0.942366 0.832222
13.509371 9.026673 0.000000 0.950000
13.476463 9.026673 0.942366 0.832222
14.452933 -9.999148 -1.519065 0.777067
14.497144 -9.999148 -1.013739 0.832222
14.532544 -9.999148 0.000000 0.950000
14.497144 -9.999148 1.013739 0.832222
14.452933 -9.999148 1.519065 0.777067
14.458659 -9.000083 -1.519666 0.777067
14.502888 -9.000083 -1.014141 0.832222
14.538301 -9.000083 0.000000 0.950000
14.502888 -9.000083 1.014141 0.832222
14.458659 -9.000083 1.519666 0.777067
14.411544 -8.009324 -1.514714 0.777067
14.455628 -8.009324 -1.010836 0.832222
14.490927 -8.009324 0.000000 0.950000
14.455628 -8.009324 1.010836 0.832222
14.411544 -8.009324 1.514714 0.777067
14.416605 -6.988930 -1.515246 0.777067
14.460705 -6.988930 -1.011191 0.832222
14.496016 -6.988930 0.000000 0.950000
14.460705 -6.988930 1.011191 0.832222
14.416605 -6.988930 1.515246 0.777067
14.430959 -6.010425 -1.516755 0.777067
14.475102 -6.010425 -1.012198 0.832222
14.510448 -6.010425 0.000000 0.950000
14.475102 -6.010425 1.012198 0.832222
14.430959 -6.010425 1.516755 0.777067
14.399990 -5.002593 -1.513500 0.777067
14.444038 -5.002593 -1.010026 0.832222
14.479309 -5.002593 0.000000 0.950000
14.444038 -5.002593 1.010026 0.832222
14.399990 -5.002593 1.513500 0.777067
14.390099 -3.990961 -1.512460 0.777067
14.434117 -3.990961 -1.009332 0.832222
14.469363 -3.990961 0.000000 0.950000
14.434117 -3.990961 1.009332 0.832222
14.390099 -3.990961 1.512460 0.777067
14.390215 -3.001753 -1.512473 0.777067
14.434233 -3.001753 -1.009340 0.832222
14.469480 -3.001753 0.000000 0.950000
14.434233 -3.001753 1.009340 0.832222
14.390215 -3.001753 1.512473 0.777067
14.408168 -1.984545 -1.514359 0.777067
14.452241 -1.984545 -1.010599 0.832222
14.487532 -1.984545 0.000000 0.950000
14.452241 -1.984545 1.010599 0.832222
14.408168 -1.984545 1.514359 0.777067
14.431931 -0.994379 -1.516857 0.777067
14.476076 -0.994379 -1.012266 0.832222
14.511425 -0.994379 0.000000 0.950000
14.476076 -0.994379 1.012266 0.832222
14.431931 -0.994379 1.516857 0.777067
14.388820 -0.015151 -1.512326 0.777067
14.432834 -0.015151 -1.009242 0.832222
14.468077 -0.015151 0.000000 0.950000
14.432834 -0.015151 1.009242 0.832222
14.388820 -0.015151 1.512326 0.777067
14.431931 0.994379 -1.516857 0.777067
14.476076 0.994379 -1.012266 0.832222
14.511425 0.994379 0.000000 0.950000
14.476076 0.994379 1.012266 0.832222
14.431931 0.994379 1.516857 0.777067
14.408168 1.984545 -1.514359 0.777067
14.452241 1.984545 -1.010599 0.832222
14.487532 1.984545 0.000000 0.950000
14.452241 1.984545 1.010599 0.832222
14.408168 1.984545 1.514359 0.777067
14.390215 3.001753 -1.512473 0.777067
14.434233 3.001753 -1.009340 0.832222
14.469480 3.001753 0.000000 0.950000
14.434233 3.001753 1.009340 0.832222
14.390215 3.001753 1.512473 0.777067
14.390099 3.990961 -1.512460 0.777067
14.434117 3.990961 -1.009332 0.832222
14.469363 3.990961 0.000000 0.950000
14.434117 3.990961 1.009332 0.832222
14.390099 3.990961 1.512460 0.777067
14.399990 5.002593 -1.513500 0.777067
14.444038 5.002593 -1.010026 0.832222
14.479309 5.002593 0.000000 0.950000
14.444038 5.002593 1.010026 0.832222
14.399990 5.002593 1.513500 0.777067
14.430959 6.010425 -1.516755 0.777067
14.475102 6.010425 -1.012198 0.832222
14.510448 6.010425 0.000000 0.950000
14.475102 6.010425 1.012198 0.832222
14.430959 6.010425 1.516755 0.777067
14.416605 6.988930 -1.515246 0.777067
14.460705 6.988930 -1.011191 0.832222
14.496016 6.988930 0.000000 0.950000
14.460705 6.988930 1.011191 0.832222
14.416605 6.988930 1.515246 0.777067
14.411544 8.009324 -1.514714 0.777067
14.455628 8.009324 -1.010836 0.832222
14.490927 8.009324 0.000000 0.950000
14.455628 8.009324 1.010836 0.832222
14.411544 8.009324 1.514714 0.777067
14.458659 9.000083 -1.519666 0.777067
14.502888 9.000083 -1.014141 0.832222
14.538301 9.000083 0.000000 0.950000
14.502888 9.000083 1.014141 0.832222
14.458659 9.000083 1.519666 0.777067
14.452933 9.999148 -1.519065 0.777067
14.497144 9.999148 -1.013739 0.832222
14.532544 9.999148 0.000000 0.950000
14.497144 9.999148 1.013739 0.832222
14.452933 9.999148 1.519065 0.777067
15.505416 -10.916813 -1.629685 0.777067
15.552846 -10.916813 -1.087561 0.832222
15.590824 -10.916813 0.000000 0.950000
15.552846 -10.916813 1.087561 0.832222
15.505416 -10.916813 1.629685 0.777067
15.389877 -9.980377 -1.617541 0.777067
15.436954 -9.980377 -1.079457 0.832222
15.474648 -9.980377 0.000000 0.950000
15.436954 -9.980377 1.079457 0.832222
15.389877 -9.980377 1.617541 0.777067
15.442584 -9.004683 -1.623081 0.777067
15.489822 -9.004683 -1.083154 0.832222
15.527646 -9.004683 0.000000 0.950000
15.489822 -9.004683 1.083154 0.832222
15.442584 -9.004683 1.623081 0.777067
15.381644 -7.989627 -1.616676 0.777067
15.428696 -7.989627 -1.078879 0.832222
15.466371 -7.989627 0.000000 0.950000
15.428696 -7.989627 1.078879 0.832222
15.381644 -7.989627 1.616676 0.777067
15.425832 -7.009914 -1.621320 0.777067
15.473019 -7.009914 -1.081979 0.832222
15.510801 -7.009914 0.000000 0.950000
15.473019 -7.009914 1.081979 0.832222
15.425832 -7.009914 1.621320 0.777067
15.433095 -5.991050 -1.622084 0.777067
15.480304 -5.991050 -1.082488 0.832222
15.518105 -5.991050 0.000000 0.950000
15.480304 -5.991050 1.082488 0.832222
15.433095 -5.991050 1.622084 0.777067
15.454849 -5.001311 -1.624370 0.777067
15.502125 -5.001311 -1.084014 0.832222
15.539979 -5.001311 0.000000 0.950000
15.502125 -5.001311 1.084014 0.832222
15.454849 -5.001311 1.624370 0.777067
15.421099 -4.007248 -1.620823 0.777067
15.468271 -4.007248 -1.081647 0.832222
15.506042 -4.007248 0.000000 0.950000
15.468271 -4.007248 1.081647 0.832222
15.421099 -4.007248 1.620823 0.777067
15.412154 -2.992677 -1.619883 0.777067
15.459299 -2.992677 -1.081019 0.832222
15.497048 -2.992677 0.000000 0.950000
15.459299 -2.992677 1.081019 0.832222
15.412154 -2.992677 1.619883 0.777067
15.413207 -2.015603 -1.619993 0.777067
15.460355 -2.015603 -1.081093 0.832222
15.498107 -2.015603 0.000000 0.950000
15.460355 -2.015603 1.081093 0.832222
15.413207 -2.015603 1.619993 0.777067
15.434522 -0.992724 -1.622234 0.777067
15.481734 -0.992724 -1.082588 0.832222
15.519539 -0.992724 0.000000 0.950000
15.481734 -0.992724 1.082588 0.832222
15.434522 -0.992724 1.622234 0.777067
15.389112 -0.016204 -1.617461 0.777067
15.436186 -0.016204 -1.079403 0.832222
15.473879 -0.016204 0.000000 0.950000
15.436186 -0.016204 1.079403 0.832222
15.389112 -0.016204 1.617461 0.777067
15.434522 0.992724 -1.622234 0.777067
15.481734 0.992724 -1.082588 0.832222
15.519539 0.992724 0.000000 0.950000
15.481734 0.992724 1.082588 0.832222
15.434522 0.992724 1.622234 0.777067
15.413207 2.015603 -1.619993 0.777067
15.460355 2.015603 -1.081093 0.832222
15.498107 2.015603 0.000000 0.950000
15.460355 2.015603 1.081093 0.832222
15.413207 2.015603 1.619993 0.777067
15.412154 2.992677 -1.619883 0.777067
15.459299 2.992677 -1.081019 0.832222
15.497048 2.992677 0.000000 0.950000
15.459299 2.992677 1.081019 0.832222
15.412154 2.992677 1.619883 0.777067
15.421099 4.007248 -1.620823 0.777067
15.468271 4.007248 -1.081647 0.832222
15.506042 4.007248 0.000000 0.950000
15.468271 4.007248 1.081647 0.832222
15.421099 4.007248 1.620823 0.777067
15.454849 5.001311 -1.624370 0.777067
15.502125 5.001311 -1.084014 0.832222
15.539979 5.001311 0.000000 0.950000
15.502125 5.001311 1.084014 0.832222
15.454849 5.001311 1.624370 0.777067
15.433095 5.991050 -1.622084 0.777067
15.480304 5.991050 -1.082488 0.832222
15.518105 5.991050 0.000000 0.950000
15.480304 5.991050 1.082488 0.832222
15.433095 5.991050 1.622084 0.777067
15.425832 7.009914 -1.621320 0.777067
15.473019 7.009914 -1.081979 0.832222
15.510801 7.009914 0.000000 0.950000
15.473019 7.009914 1.081979 0.832222
15.425832 7.009914 1.621320 0.777067
15.381644 7.989627 -1.616676 0.777067
15.428696 7.989627 -1.078879 0.832222
15.466371 7.989627 0.000000 0.950000
15.428696 7.989627 1.078879 0.832222
15.381644 7.989627 1.616676 0.777067
15.442584 9.004683 -1.623081 0.777067
15.489822 9.004683 -1.083154 0.832222
15.527646 9.004683 0.000000 0.950000
15.489822 9.004683 1.083154 0.832222
15.442584 9.004683 1.623081 0.777067
15.389877 9.980377 -1.617541 0.777067
15.436954 9.980377 -1.079457 0.832222
15.474648 9.980377 0.000000 0.950000
15.436954 9.980377 1.079457 0.832222
15.389877 9.980377 1.617541 0.777067
15.505416 10.916813 -1.629685 0.777067
15.552846 10.916813 -1.087561 0.832222
15.590824 10.916813 0.000000 0.950000
15.552846 10.916813 1.087561 0.832222
15.505416 10.916813 1.629685 0.777067
16.639959 -11.715604 -1.748930 0.777067
16.708687 -11.715604 -0.875665 0.871306
16.731617 -11.715604 0.000000 0.950000
16.708687 -11.715604 0.875665 0.871306
16.639959 -11.715604 1.748930 0.777067
16.378351 -11.003944 -1.721434 0.777067
16.445997 -11.003944 -0.861898 0.871306
16.468567 -11.003944 0.000000 0.950000
16.445997 -11.003944 0.861898 0.871306
16.378351 -11.003944 1.721434 0.777067
16.395239 -9.968279 -1.723209 0.777067
16.462955 -9.968279 -0.862787 0.871306
16.485548 -9.968279 0.000000 0.950000
16.462955 -9.968279 0.862787 0.871306
16.395239 -9.968279 1.723209 0.777067
16.411646 -9.008419 -1.724933 0.777067
16.479429 -9.008419 -0.863650 0.871306
16.502045 -9.008419 0.000000 0.950000
16.479429 -9.008419 0.863650 0.871306
16.411646 -9.008419 1.724933 0.777067
16.407211 -8.003683 -1.724468 0.777067
16.474977 -8.003683 -0.863417 0.871306
16.497587 -8.003683 0.000000 0.950000
16.474977 -8.003683 0.863417 0.871306
16.407211 -8.003683 1.724468 0.777067
16.442005 -6.990433 -1.728124 0.777067
16.509914 -6.990433 -0.865248 0.871306
16.532572 -6.990433 0.000000 0.950000
16.509914 -6.990433 0.865248 0.871306
16.442005 -6.990433 1.728124 0.777067
16.411198 -6.012613 -1.724886 0.777067
16.478979 -6.012613 -0.863627 0.871306
16.501595 -6.012613 0.000000 0.950000
16.478979 -6.012613 0.863627 0.871306
16.411198 -6.012613 1.724886 0.777067
16.417839 -5.015597 -1.725584 0.777067
16.485647 -5.015597 -0.863976 0.871306
16.508272 -5.015597 0.000000 0.950000
16.485647 -5.015597 0.863976 0.871306
16.417839 -5.015597 1.725584 0.777067
16.381361 -3.972728 -1.721750 0.777067
16.449020 -3.972728 -0.862057 0.871306
16.471594 -3.972728 0.000000 0.950000
16.449020 -3.972728 0.862057 0.871306
16.381361 -3.972728 1.721750 0.777067
16.429163 -2.996174 -1.726775 0.777067
16.497019 -2.996174 -0.864572 0.871306
16.519659 -2.996174 0.000000 0.950000
16.497019 -2.996174 0.864572 0.871306
16.429163 -2.996174 1.726775 0.777067
16.423834 -1.995525 -1.726215 0.777067
16.491669 -1.995525 -0.864292 0.871306
16.514301 -1.995525 0.000000 0.950000
16.491669 -1.995525 0.864292 0.871306
16.423834 -1.995525 1.726215 0.777067
16.437204 -0.984824 -1.727620 0.777067
16.505093 -0.984824 -0.864995 0.871306
16.527744 -0.984824 0.000000 0.950000
16.505093 -0.984824 0.864995 0.871306
16.437204 -0.984824 1.727620 0.777067
16.389404 -0.017257 -1.722596 0.777067
16.457096 -0.017257 -0.862480 0.871306
16.479681 -0.017257 0.000000 0.950000
16.457096 -0.017257 0.862480 0.871306
16.389404 -0.017257 1.722596 0.777067
16.437204 0.984824 -1.727620 0.777067
16.505093 0.984824 -0.864995 0.871306
16.527744 0.984824 0.000000 0.950000
16.505093 0.984824 0.864995 0.871306
16.437204 0.984824 1.727620 0.777067
16.423834 1.995525 -1.726215 0.777067
16.491669 1.995525 -0.864292 0.871306
16.514301 1.995525 0.000000 0.950000
16.491669 1.995525 0.864292 0.871306
16.423834 1.995525 1.726215 0.777067
16.429163 2.996174 -1.726775 0.777067
16.497019 2.996174 -0.864572 0.871306
16.519659 2.996174 0.000000 0.950000
16.497019 2.996174 0.864572 0.871306
16.429163 2.996174 1.726775 0.777067
16.381361 3.972728 -1.721750 0.777067
16.449020 3.972728 -0.862057 0.871306
16.471594 3.972728 0.000000 0.950000
16.449020 3.972728 0.862057 0.871306
16.381361 3.972728 1.721750 0.777067
16.417839 5.015597 -1.725584 0.777067
16.485647 5.015597 -0.863976 0.871306
16.508272 5.015597 0.000000 0.950000
16.485647 5.015597 0.863976 0.871306
16.417839 5.015597 1.725584 0.777067
16.411198 6.012613 -1.724886 0.777067
16.478979 6.012613 -0.863627 0.871306
16.501595 6.012613 0.000000 0.950000
16.478979 6.012613 0.863627 0.871306
16.411198 6.012613 1.724886 0.777067
16.442005 6.990433 -1.728124 0.777067
16.509914 6.990433 -0.865248 0.871306
16.532572 6.990433 0.000000 0.950000
16.509914 6.990433 0.865248 0.871306
16.442005 6.990433 1.728124 0.777067
16.407211 8.003683 -1.724468 0.777067
16.474977 8.003683 -0.863417 0.871306
16.497587 8.003683 0.000000 0.950000
16.474977 8.003683 0.863417 0.871306
16.407211 8.003683 1.724468 0.777067
16.411646 9.008419 -1.724933 0.777067
16.479429 9.008419 -0.863650 0.871306
16.502045 9.008419 0.000000 0.950000
16.479429 9.008419 0.863650 0.871306
16.411646 9.008419 1.724933 0.777067
16.395239 9.968279 -1.723209 0.777067
16.462955 9.968279 -0.862787 0.871306
16.485548 9.968279 0.000000 0.950000
16.462955 9.968279 0.862787 0.871306
16.395239 9.968279 1.723209 0.777067
16.378351 11.003944 -1.721434 0.777067
16.445997 11.003944 -0.861898 0.871306
16.468567 11.003944 0.000000 0.950000
16.445997 11.003944 0.861898 0.871306
16.378351 11.003944 1.721434 0.777067
16.639959 11.715604 -1.748930 0.777067
16.708687 11.715604 -0.875665 0.871306
16.731617 11.715604 0.000000 0.950000
16.708687 11.715604 0.875665 0.871306
16.639959 11.715604 1.748930 0.777067
17.402182 -11.967703 -1.829043 0.777067
17.474056 -11.967703 -0.915776 0.871306
17.498037 -11.967703 0.000000 0.950000
17.474056 -11.967703 0.915776 0.871306
17.402182 -11.967703 1.829043 0.777067
17.382683 -11.011017 -1.826994 0.777067
17.454477 -11.011017 -0.914750 0.871306
17.478432 -11.011017 0.000000 0.950000
17.454477 -11.011017 0.914750 0.871306
17.382683 -11.011017 1.826994 0.777067
17.425421 -10.038664 -1.831486 0.777067
17.497391 -10.038664 -0.916999 0.871306
17.521404 -10.038664 0.000000 0.950000
17.497391 -10.038664 0.916999 0.871306
17.425421 -10.038664 1.831486 0.777067
17.386034 -8.976712 -1.827346 0.777067
17.457842 -8.976712 -0.914927 0.871306
17.481800 -8.976712 0.000000 0.950000
17.457842 -8.976712 0.914927 0.871306
17.386034 -8.976712 1.827346 0.777067
17.420467 -8.019646 -1.830965 0.777067
17.492418 -8.019646 -0.916739 0.871306
17.516424 -8.019646 0.000000 0.950000
17.492418 -8.019646 0.916739 0.871306
17.420467 -8.019646 1.830965 0.777067
17.430851 -7.013794 -1.832056 0.777067
17.502844 -7.013794 -0.917285 0.871306
17.526865 -7.013794 0.000000 0.950000
17.502844 -7.013794 0.917285 0.871306
17.430851 -7.013794 1.832056 0.777067
17.396429 -5.995759 -1.828438 0.777067
17.468279 -5.995759 -0.915474 0.871306
17.492252 -5.995759 0.000000 0.950000
17.468279 -5.995759 0.915474 0.871306
17.396429 -5.995759 1.828438 0.777067
17.385218 -4.999385 -1.827260 0.777067
17.457022 -4.999385 -0.914884 0.871306
17.480980 -4.999385 0.000000 0.950000
17.457022 -4.999385 0.914884 0.871306
17.385218 -4.999385 1.827260 0.777067
17.400833 -4.007275 -1.828901 0.777067
17.472702 -4.007275 -0.915706 0.871306
17.496681 -4.007275 0.000000 0.950000
17.472702 -4.007275 0.915706 0.871306
17.400833 -4.007275 1.828901 0.777067
17.366032 -3.000467 -1.825244 0.777067
17.437757 -3.000467 -0.913874 0.871306
17.461689 -3.000467 0.000000 0.950000
17.437757 -3.000467 0.913874 0.871306
17.366032 -3.000467 1.825244 0.777067
17.430824 -1.996931 -1.832054 0.777067
17.502817 -1.996931 -0.917284 0.871306
17.526838 -1.996931 0.000000 0.950000
17.502817 -1.996931 0.917284 0.871306
17.430824 -1.996931 1.832054 0.777067
17.438038 -1.004869 -1.832812 0.777067
17.510061 -1.004869 -0.917663 0.871306
17.534092 -1.004869 0.000000 0.950000
17.510061 -1.004869 0.917663 0.871306
17.438038 -1.004869 1.832812 0.777067
17.389696 -0.018311 -1.827731 0.777067
17.461519 -0.018311 -0.915119 0.871306
17.485483 -0.018311 0.000000 0.950000
17.461519 -0.018311 0.915119 0.871306
17.389696 -0.018311 1.827731 0.777067
17.438038 1.004869 -1.832812 0.777067
17.510061 1.004869 -0.917663 0.871306
17.534092 1.004869 0.000000 0.950000
17.510061 1.004869 0.917663 0.871306
17.438038 1.004869 1.832812 0.777067
17.430824 1.996931 -1.832054 0.777067
17.502817 1.996931 -0.917284 0.871306
17.526838 1.996931 0.000000 0.950000
17.502817 1.996931 0.917284 0.871306
17.430824 1.996931 1.832054 0.777067
17.366032 3.000467 -1.825244 0.777067
17.437757 3.000467 -0.913874 0.871306
17.461689 3.000467 0.000000 0.950000
17.437757 3.000467 0.913874 0.871306
17.366032 3.000467 1.825244 0.777067
17.400833 4.007275 -1.828901 0.777067
17.472702 4.007275 -0.915706 0.871306
17.496681 4.007275 0.000000 0.950000
17.472702 4.007275 0.915706 0.871306
17.400833 4.007275 1.828901 0.777067
17.385218 4.999385 -1.827260 0.777067
17.457022 4.999385 -0.914884 0.871306
17.480980 4.999385 0.000000 0.950000
17.457022 4.999385 0.914884 0.871306
17.385218 4.999385 1.827260 0.777067
17.396429 5.995759 -1.828438 0.777067
17.468279 5.995759 -0.915474 0.871306
17.492252 5.995759 0.000000 0.950000
17.468279 5.995759 0.915474 0.871306
17.396429 5.995759 1.828438 0.777067
17.430851 7.013794 -1.832056 0.777067
17.502844 7.013794 -0.917285 0.871306
17.526865 7.013794 0.000000 0.950000
17.502844 7.013794 0.917285 0.871306
17.430851 7.013794 1.832056 0.777067
17.420467 8.019646 -1.830965 0.777067
17.492418 8.019646 -0.916739 0.871306
17.516424 8.019646 0.000000 0.950000
17.492418 8.019646 0.916739 0.871306
17.420467 8.019646 1.830965 0.777067
17.386034 8.976712 -1.827346 0.777067
17.457842 8.976712 -0.914927 0.871306
17.481800 8.976712 0.000000 0.950000
17.457842 8.976712 0.914927 0.871306
17.386034 8.976712 1.827346 0.777067
17.425421 10.038664 -1.831486 0.777067
17.497391 10.038664 -0.916999 0.871306
17.521404 10.038664 0.000000 0.950000
17.497391 10.038664 0.916999 0.871306
17.425421 10.038664 1.831486 0.777067
17.382683 11.011017 -1.826994 0.777067
17.454477 11.011017 -0.914750 0.871306
17.478432 11.011017 0.000000 0.950000
17.454477 11.011017 0.914750 0.871306
17.382683 11.011017 1.826994 0.777067
17.402182 11.967703 -1.829043 0.777067
17.474056 11.967703 -0.915776 0.871306
17.498037 11.967703 0.000000 0.950000
17.474056 11.967703 0.915776 0.871306
17.402182 11.967703 1.829043 0.777067
18.404804 -12.958168 -1.934423 0.777067
18.480820 -12.958168 -0.968539 0.871306
18.506182 -12.958168 0.000000 0.950000
18.480820 -12.958168 0.968539 0.871306
18.404804 -12.958168 1.934423 0.777067
18.395792 -12.002993 -1.933475 0.777067
18.471769 -12.002993 -0.968064 0.871306
18.497120 -12.002993 0.000000 0.950000
18.471769 -12.002993 0.968064 0.871306
18.395792 -12.002993 1.933475 0.777067
18.391088 -10.984344 -1.932981 0.777067
18.467049 -10.984344 -0.967817 0.871306
18.492392 -10.984344 0.000000 0.950000
18.467049 -10.984344 0.967817 0.871306
18.391088 -10.984344 1.932981 0.777067
18.420757 -9.989877 -1.936100 0.777067
18.496840 -9.989877 -0.969378 0.871306
18.522224 -9.989877 0.000000 0.950000
18.496840 -9.989877 0.969378 0.871306
18.420757 -9.989877 1.936100 0.777067
18.414846 -8.983036 -1.935478 0.777067
18.490902 -8.983036 -0.969067 0.871306
18.516279 -8.983036 0.000000 0.950000
18.490902 -8.983036 0.969067 0.871306
18.414846 -8.983036 1.935478 0.777067
18.439428 -8.000364 -1.938062 0.777067
18.515587 -8.000364 -0.970361 0.871306
18.540997 -8.000364 0.000000 0.950000
18.515587 -8.000364 0.970361 0.871306
18.439428 -8.000364 1.938062 0.777067
18.426447 -7.001126 -1.936698 0.777067
18.502552 -7.001126 -0.969678 0.871306
18.527945 -7.001126 0.000000 0.950000
18.502552 -7.001126 0.969678 0.871306
18.426447 -7.001126 1.936698 0.777067
18.371206 -5.991355 -1.930892 0.777067
18.447083 -5.991355 -0.966771 0.871306
18.472399 -5.991355 0.000000 0.950000
18.447083 -5.991355 0.966771 0.871306
18.371206 -5.991355 1.930892 0.777067
18.418425 -5.017859 -1.935854 0.777067
18.494497 -5.017859 -0.969256 0.871306
18.519878 -5.017859 0.000000 0.950000
18.494497 -5.017859 0.969256 0.871306
18.418425 -5.017859 1.935854 0.777067
18.423140 -4.018703 -1.936350 0.777067
18.499229 -4.018703 -0.969504 0.871306
18.524618 -4.018703 0.000000 0.950000
18.499229 -4.018703 0.969504 0.871306
18.423140 -4.018703 1.936350 0.777067
18.379742 -3.003197 -1.931789 0.777067
18.455654 -3.003197 -0.967220 0.871306
18.480982 -3.003197 0.000000 0.950000
18.455654 -3.003197 0.967220 0.871306
18.379742 -3.003197 1.931789 0.777067
18.438204 -1.987875 -1.937933 0.777067
18.514359 -1.987875 -0.970296 0.871306
18.539766 -1.987875 0.000000 0.950000
18.514359 -1.987875 0.970296 0.871306
18.438204 -1.987875 1.937933 0.777067
18.362215 -1.016100 -1.929946 0.777067
18.438055 -1.016100 -0.966297 0.871306
18.463358 -1.016100 0.000000 0.950000
18.438055 -1.016100 0.966297 0.871306
18.362215 -1.016100 1.929946 0.777067
18.389988 -0.019364 -1.932866 0.777067
18.465942 -0.019364 -0.967759 0.871306
18.491285 -0.019364 0.000000 0.950000
18.465942 -0.019364 0.967759 0.871306
18.389988 -0.019364 1.932866 0.777067
18.362215 1.016100 -1.929946 0.777067
18.438055 1.016100 -0.966297 0.871306
18.463358 1.016100 0.000000 0.950000
18.438055 1.016100 0.966297 0.871306
18.362215 1.016100 1.929946 0.777067
18.438204 1.987875 -1.937933 0.777067
18.514359 1.987875 -0.970296 0.871306
18.539766 1.987875 0.000000 0.950000
18.514359 1.987875 0.970296 0.871306
18.438204 1.987875 1.937933 0.777067
18.379742 3.003197 -1.931789 0.777067
18.455654 3.003197 -0.967220 0.871306
18.480982 3.003197 0.000000 0.950000
18.455654 3.003197 0.967220 0.871306
18.379742 3.003197 1.931789 0.777067
18.423140 4.018703 -1.936350 0.777067
18.499229 4.018703 -0.969504 0.871306
18.524618 4.018703 0.000000 0.950000
18.499229 4.018703 0.969504 0.871306
18.423140 4.018703 1.936350 0.777067
18.418425 5.017859 -1.935854 0.777067
18.494497 5.017859 -0.969256 0.871306
18.519878 5.017859 0.000000 0.950000
18.494497 5.017859 0.969256 0.871306
18.418425 5.017859 1.935854 0.777067
18.371206 5.991355 -1.930892 0.777067
18.447083 5.991355 -0.966771 0.871306
18.472399 5.991355 0.000000 0.950000
18.447083 5.991355 0.966771 0.871306
18.371206 5.991355 1.930892 0.777067
18.426447 7.001126 -1.936698 0.777067
18.502552 7.001126 -0.969678 0.871306
18.527945 7.001126 0.000000 0.950000
18.502552 7.001126 0.969678 0.871306
18.426447 7.001126 1.936698 0.777067
18.439428 8.000364 -1.938062 0.777067
18.515587 8.000364 -0.970361 0.871306
18.540997 8.000364 0.000000 0.950000
18.515587 8.000364 0.970361 0.871306
18.439428 8.000364 1.938062 0.777067
18.414846 8.983036 -1.935478 0.777067
18.490902 8.983036 -0.969067 0.871306
18.516279 8.983036 0.000000 0.950000
18.490902 8.983036 0.969067 0.871306
18.414846 8.983036 1.935478 0.777067
18.420757 9.989877 -1.936100 0.777067
18.496840 9.989877 -0.969378 0.871306
18.522224 9.989877 0.000000 0.950000
18.496840 9.989877 0.969378 0.871306
18.420757 9.989877 1.936100 0.777067
18.391088 10.984344 -1.932981 0.777067
18.467049 10.984344 -0.967817 0.871306
18.492392 10.984344 0.000000 0.950000
18.467049 10.984344 0.967817 0.871306
18.391088 10.984344 1.932981 0.777067
18.395792 12.002993 -1.933475 0.777067
18.471769 12.002993 -0.968064 0.871306
18.497120 12.002993 0.000000 0.950000
18.471769 12.002993 0.968064 0.871306
18.395792 12.002993 1.933475 0.777067
18.404804 12.958168 -1.934423 0.777067
18.480820 12.958168 -0.968539 0.871306
18.506182 12.958168 0.000000 0.950000
18.480820 12.958168 0.968539 0.871306
18.404804 12.958168 1.934423 0.777067
19.539345 -13.756959 -2.053668 0.777067
19.620047 -13.756959 -1.028243 0.871306
19.646973 -13.756959 0.000000 0.950000
19.620047 -13.756959 1.028243 0.871306
19.539345 -13.756959 2.053668 0.777067
19.385313 -13.024199 -2.037478 0.777067
19.465378 -13.024199 -1.020137 0.871306
19.492092 -13.024199 0.000000 0.950000
19.465378 -13.024199 1.020137 0.871306
19.385313 -13.024199 2.037478 0.777067
19.396763 -12.003391 -2.038682 0.777067
19.476875 -12.003391 -1.020740 0.871306
19.503605 -12.003391 0.000000 0.950000
19.476875 -12.003391 1.020740 0.871306
19.396763 -12.003391 2.038682 0.777067
19.379139 -10.966292 -2.036829 0.777067
19.459179 -10.966292 -1.019812 0.871306
19.485884 -10.966292 0.000000 0.950000
19.459179 -10.966292 1.019812 0.871306
19.379139 -10.966292 2.036829 0.777067
19.371054 -10.001613 -2.035980 0.777067
19.451061 -10.001613 -1.019387 0.871306
19.477755 -10.001613 0.000000 0.950000
19.451061 -10.001613 1.019387 0.871306
19.371054 -10.001613 2.035980 0.777067
19.425978 -9.004828 -2.041753 0.777067
19.506212 -9.004828 -1.022277 0.871306
19.532982 -9.004828 0.000000 0.950000
19.506212 -9.004828 1.022277 0.871306
19.425978 -9.004828 2.041753 0.777067
19.355576 -8.005845 -2.034353 0.777067
19.435518 -8.005845 -1.018572 0.871306
19.462191 -8.005845 0.000000 0.950000
19.435518 -8.005845 1.018572 0.871306
19.355576 -8.005845 2.034353 0.777067
19.409603 -7.003300 -2.040031 0.777067
19.489769 -7.003300 -1.021415 0.871306
19.516516 -7.003300 0.000000 0.950000
19.489769 -7.003300 1.021415 0.871306
19.409603 -7.003300 2.040031 0.777067
19.409369 -6.026371 -2.040007 0.777067
19.489534 -6.026371 -1.021403 0.871306
19.516281 -6.026371 0.000000 0.950000
19.489534 -6.026371 1.021403 0.871306
19.409369 -6.026371 2.040007 0.777067
19.380804 -4.989056 -2.037004 0.777067
19.460852 -4.989056 -1.019900 0.871306
19.487558 -4.989056 0.000000 0.950000
19.460852 -4.989056 1.019900 0.871306
19.380804 -4.989056 2.037004 0.777067
19.371815 -3.994823 -2.036060 0.777067
19.451824 -3.994823 -1.019427 0.871306
19.478519 -3.994823 0.000000 0.950000
19.451824 -3.994823 1.019427 0.871306
19.371815 -3.994823 2.036060 0.777067
19.394846 -2.987660 -2.038481 0.777067
19.474951 -2.987660 -1.020639 0.871306
19.501678 -2.987660 0.000000 0.950000
19.474951 -2.987660 1.020639 0.871306
19.394846 -2.987660 2.038481 0.777067
19.365509 -1.998516 -2.035397 0.777067
19.445494 -1.998516 -1.019095 0.871306
19.472179 -1.998516 0.000000 0.950000
19.445494 -1.998516 1.019095 0.871306
19.365509 -1.998516 2.035397 0.777067
19.365631 -0.983017 -2.035410 0.777067
19.445616 -0.983017 -1.019102 0.871306
19.472301 -0.983017 0.000000 0.950000
19.445616 -0.983017 1.019102 0.871306
19.365631 -0.983017 2.035410 0.777067
19.390282 -0.020417 -2.038001 0.777067
19.470367 -0.020417 -1.020399 0.871306
19.497087 -0.020417 0.000000 0.950000
19.470367 -0.020417 1.020399 0.871306
19.390282 -0.020417 2.038001 0.777067
19.365631 0.983017 -2.035410 0.777067
19.445616 0.983017 -1.019102 0.871306
19.472301 0.983017 0.000000 0.950000
19.445616 0.983017 1.019102 0.871306
19.365631 0.983017 2.035410 0.777067
19.365509 1.998516 -2.035397 0.777067
19.445494 1.998516 -1.019095 0.871306
19.472179 1.998516 0.000000 0.950000
19.445494 1.998516 1.019095 0.871306
19.365509 1.998516 2.035397 0.777067
19.394846 2.987660 -2.038481 0.777067
19.474951 2.987660 -1.020639 0.871306
19.501678 2.987660 0.000000 0.950000
19.474951 2.987660 1.020639 0.871306
19.394846 2.987660 2.038481 0.777067
19.371815 3.994823 -2.036060 0.777067
19.451824 3.994823 -1.019427 0.871306
19.478519 3.994823 0.000000 0.950000
19.451824 3.994823 1.019427 0.871306
19.371815 3.994823 2.036060 0.777067
19.380804 4.989056 -2.037004 0.777067
19.460852 4.989056 -1.019900 0.871306
19.487558 4.989056 0.000000 0.950000
19.460852 4.989056 1.019900 0.871306
19.380804 4.989056 2.037004 0.777067
19.409369 6.026371 -2.040007 0.777067
19.489534 6.026371 -1.021403 0.871306
19.516281 6.026371 0.000000 0.950000
19.489534 6.026371 1.021403 0.871306
19.409369 6.026371 2.040007 0.777067
19.409603 7.003300 -2.040031 0.777067
19.489769 7.003300 -1.021415 0.871306
19.516516 7.003300 0.000000 0.950000
19.489769 7.003300 1.021415 0.871306
19.409603 7.003300 2.040031 0.777067
19.355576 8.005845 -2.034353 0.777067
19.435518 8.005845 -1.018572 0.871306
19.462191 8.005845 0.000000 0.950000
19.435518 8.005845 1.018572 0.871306
19.355576 8.005845 2.034353 0.777067
19.425978 9.004828 -2.041753 0.777067
19.506212 9.004828 -1.022277 0.871306
19.532982 9.004828 0.000000 0.950000
19.506212 9.004828 1.022277 0.871306
19.425978 9.004828 2.041753 0.777067
19.371054 10.001613 -2.035980 0.777067
19.451061 10.001613 -1.019387 0.871306
19.477755 10.001613 0.000000 0.950000
19.451061 10.001613 1.019387 0.871306
19.371054 10.001613 2.035980 0.777067
19.379139 10.966292 -2.036829 0.777067
19.459179 10.966292 -1.019812 0.871306
19.485884 10.966292 0.000000 0.950000
19.459179 10.966292 1.019812 0.871306
19.379139 10.966292 2.036829 0.777067
19.396763 12.003391 -2.038682 0.777067
19.476875 12.003391 -1.020740 0.871306
19.503605 12.003391 0.000000 0.950000
19.476875 12.003391 1.020740 0.871306
19.396763 12.003391 2.038682 0.777067
19.385313 13.024199 -2.037478 0.777067
19.465378 13.024199 -1.020137 0.871306
19.492092 13.024199 0.000000 0.950000
19.465378 13.024199 1.020137 0.871306
19.385313 13.024199 2.037478 0.777067
19.539345 13.756959 -2.053668 0.777067
19.620047 13.756959 -1.028243 0.871306
19.646973 13.756959 0.000000 0.950000
19.620047 13.756959 1.028243 0.871306
19.539345 13.756959 2.053668 0.777067
20.387226 -14.020557 -2.142784 0.777067
20.471430 -14.020557 -1.072862 0.871306
20.499525 -14.020557 0.000000 0.950000
20.471430 -14.020557 1.072862 0.871306
20.387226 -14.020557 2.142784 0.777067
20.406515 -13.006637 -2.144811 0.777067
20.490799 -13.006637 -1.073877 0.871306
20.518919 -13.006637 0.000000 0.950000
20.490799 -13.006637 1.073877 0.871306
20.406515 -13.006637 2.144811 0.777067
20.372471 -12.023101 -2.141233 0.777067
20.456614 -12.023101 -1.072086 0.871306
20.484688 -12.023101 0.000000 0.950000
20.456614 -12.023101 1.072086 0.871306
20.372471 -12.023101 2.141233 0.777067
20.411539 -11.004857 -2.145339 0.777067
20.495844 -11.004857 -1.074142 0.871306
20.523972 -11.004857 0.000000 0.950000
20.495844 -11.004857 1.074142 0.871306
20.411539 -11.004857 2.145339 0.777067
20.396471 -10.016116 -2.143755 0.777067
20.480713 -10.016116 -1.073349 0.871306
20.508820 -10.016116 0.000000 0.950000
20.480713 -10.016116 1.073349 0.871306
20.396471 -10.016116 2.143755 0.777067
20.352474 -9.008894 -2.139131 0.777067
20.436535 -9.008894 -1.071033 0.871306
20.464581 -9.008894 0.000000 0.950000
20.436535 -9.008894 1.071033 0.871306
20.352474 -9.008894 2.139131 0.777067
20.366751 -7.963822 -2.140632 0.777067
20.450869 -7.963822 -1.071785 0.871306
20.478935 -7.963822 0.000000 0.950000
20.450869 -7.963822 1.071785 0.871306
20.366751 -7.963822 2.140632 0.777067
20.396551 -6.977805 -2.143764 0.777067
20.480793 -6.977805 -1.073353 0.871306
20.508900 -6.977805 0.000000 0.950000
20.480793 -6.977805 1.073353 0.871306
20.396551 -6.977805 2.143764 0.777067
20.377119 -6.014807 -2.141721 0.777067
20.461281 -6.014807 -1.072330 0.871306
20.489361 -6.014807 0.000000 0.950000
20.461281 -6.014807 1.072330 0.871306
20.377119 -6.014807 2.141721 0.777067
20.408506 -5.002461 -2.145020 0.777067
20.492798 -5.002461 -1.073982 0.871306
20.520922 -5.002461 0.000000 0.950000
20.492798 -5.002461 1.073982 0.871306
20.408506 -5.002461 2.145020 0.777067
20.389450 -4.007423 -2.143018 0.777067
20.473663 -4.007423 -1.072979 0.871306
20.501760 -4.007423 0.000000 0.950000
20.473663 -4.007423 1.072979 0.871306
20.389450 -4.007423 2.143018 0.777067
20.404388 -3.000389 -2.144588 0.777067
20.488663 -3.000389 -1.073765 0.871306
20.516781 -3.000389 0.000000 0.950000
20.488663 -3.000389 1.073765 0.871306
20.404388 -3.000389 2.144588 0.777067
20.369848 -2.008282 -2.140957 0.777067
20.453979 -2.008282 -1.071948 0.871306
20.482050 -2.008282 0.000000 0.950000
20.453979 -2.008282 1.071948 0.871306
20.369848 -2.008282 2.140957 0.777067
20.366932 -0.987265 -2.140651 0.777067
20.451052 -0.987265 -1.071794 0.871306
20.479118 -0.987265 0.000000 0.950000
20.451052 -0.987265 1.071794 0.871306
20.366932 -0.987265 2.140651 0.777067
20.390574 -0.021471 -2.143136 0.777067
20.474791 -0.021471 -1.073038 0.871306
20.502890 -0.021471 0.000000 0.950000
20.474791 -0.021471 1.073038 0.871306
20.390574 -0.021471 2.143136 0.777067
20.366932 0.987265 -2.140651 0.777067
20.451052 0.987265 -1.071794 0.871306
20.479118 0.987265 0.000000 0.950000
20.451052 0.987265 1.071794 0.871306
20.366932 0.987265 2.140651 0.777067
20.369848 2.008282 -2.140957 0.777067
20.453979 2.008282 -1.071948 0.871306
20.482050 2.008282 0.000000 0.950000
20.453979 2.008282 1.071948 0.871306
20.369848 2.008282 2.140957 0.777067
20.404388 3.000389 -2.144588 0.777067
20.488663 3.000389 -1.073765 0.871306
20.516781 3.000389 0.000000 0.950000
20.488663 3.000389 1.073765 0.871306
20.404388 3.000389 2.144588 0.777067
20.389450 4.007423 -2.143018 0.777067
20.473663 4.007423 -1.072979 0.871306
20.501760 4.007423 0.000000 0.950000
20.473663 4.007423 1.072979 0.871306
20.389450 4.007423 2.143018 0.777067
20.408506 5.002461 -2.145020 0.777067
20.492798 5.002461 -1.073982 0.871306
20.520922 5.002461 0.000000 0.950000
20.492798 5.002461 1.073982 0.871306
20.408506 5.002461 2.145020 0.777067
20.377119 6.014807 -2.141721 0.777067
20.461281 6.014807 -1.072330 0.871306
20.489361 6.014807 0.000000 0.950000
20.461281 6.014807 1.072330 0.871306
20.377119 6.014807 2.141721 0.777067
20.396551 6.977805 -2.143764 0.777067
20.480793 6.977805 -1.073353 0.871306
20.508900 6.977805 0.000000 0.950000
20.480793 6.977805 1.073353 0.871306
20.396551 6.977805 2.143764 0.777067
20.366751 7.963822 -2.140632 0.777067
20.450869 7.963822 -1.071785 0.871306
20.478935 7.963822 0.000000 0.950000
20.450869 7.963822 1.071785 0.871306
20.366751 7.963822 2.140632 0.777067
20.352474 9.008894 -2.139131 0.777067
20.436535 9.008894 -1.071033 0.871306
20.464581 9.008894 0.000000 0.950000
20.436535 9.008894 1.071033 0.871306
20.352474 9.008894 2.139131 0.777067
20.396471 10.016116 -2.143755 0.777067
20.480713 10.016116 -1.073349 0.871306
20.508820 10.016116 0.000000 0.950000
20.480713 10.016116 1.073349 0.871306
20.396471 10.016116 2.143755 0.777067
20.411539 11.004857 -2.145339 0.777067
20.495844 11.004857 -1.074142 0.871306
20.523972 11.004857 0.000000 0.950000
20.495844 11.004857 1.074142 0.871306
20.411539 11.004857 2.145339 0.777067
20.372471 12.023101 -2.141233 0.777067
20.456614 12.023101 -1.072086 0.871306
20.484688 12.023101 0.000000 0.950000
20.456614 12.023101 1.072086 0.871306
20.372471 12.023101 2.141233 0.777067
20.406515 13.006637 -2.144811 0.777067
20.490799 13.006637 -1.073877 0.871306
20.518919 13.006637 0.000000 0.950000
20.490799 13.006637 1.073877 0.871306
20.406515 13.006637 2.144811 0.777067
20.387226 14.020557 -2.142784 0.777067
20.471430 14.020557 -1.072862 0.871306
20.499525 14.020557 0.000000 0.950000
20.471430 14.020557 1.072862 0.871306
20.387226 14.020557 2.142784 0.777067
21.444927 -14.983845 -1.876188 0.799870
21.497339 -14.983845 -1.126628 0.871306
21.526842 -14.983845 0.000000 0.950000
21.497339 -14.983845 1.126628 0.871306
21.444927 -14.983845 1.876188 0.799870
21.428989 -14.038797 -1.874794 0.799870
21.481363 -14.038797 -1.125790 0.871306
21.510843 -14.038797 0.000000 0.950000
21.481363 -14.038797 1.125790 0.871306
21.428989 -14.038797 1.874794 0.799870
21.435402 -13.010805 -1.875355 0.799870
21.487791 -13.010805 -1.126127 0.871306
21.517281 -13.010805 0.000000 0.950000
21.487791 -13.010805 1.126127 0.871306
21.435402 -13.010805 1.875355 0.799870
21.391022 -12.010542 -1.871472 0.799870
21.443302 -12.010542 -1.123796 0.871306
21.472731 -12.010542 0.000000 0.950000
21.443302 -12.010542 1.123796 0.871306
21.391022 -12.010542 1.871472 0.799870
21.420679 -10.970257 -1.874067 0.799870
21.473034 -10.970257 -1.125354 0.871306
21.502502 -10.970257 0.000000 0.950000
21.473034 -10.970257 1.125354 0.871306
21.420679 -10.970257 1.874067 0.799870
21.394327 -9.964295 -1.871761 0.799870
21.446617 -9.964295 -1.123970 0.871306
21.476049 -9.964295 0.000000 0.950000
21.446617 -9.964295 1.123970 0.871306
21.394327 -9.964295 1.871761 0.799870
21.389978 -9.017046 -1.871381 0.799870
21.442257 -9.017046 -1.123741 0.871306
21.471684 -9.017046 0.000000 0.950000
21.442257 -9.017046 1.123741 0.871306
21.389978 -9.017046 1.871381 0.799870
21.451406 -8.021016 -1.876755 0.799870
21.503836 -8.021016 -1.126968 0.871306
21.533346 -8.021016 0.000000 0.950000
21.503836 -8.021016 1.126968 0.871306
21.451406 -8.021016 1.876755 0.799870
21.408028 -6.970023 -1.872960 0.799870
21.460352 -6.970023 -1.124689 0.871306
21.489803 -6.970023 0.000000 0.950000
21.460352 -6.970023 1.124689 0.871306
21.408028 -6.970023 1.872960 0.799870
21.458317 -5.997948 -1.877359 0.799870
21.510763 -5.997948 -1.127331 0.871306
21.540283 -5.997948 0.000000 0.950000
21.510763 -5.997948 1.127331 0.871306
21.458317 -5.997948 1.877359 0.799870
21.400795 -4.971485 -1.872327 0.799870
21.453100 -4.971485 -1.124309 0.871306
21.482542 -4.971485 0.000000 0.950000
21.453100 -4.971485 1.124309 0.871306
21.400795 -4.971485 1.872327 0.799870
21.444204 -4.005177 -1.876125 0.799870
21.496616 -4.005177 -1.126590 0.871306
21.526117 -4.005177 0.000000 0.950000
21.496616 -4.005177 1.126590 0.871306
21.444204 -4.005177 1.876125 0.799870
21.450974 -2.999431 -1.876717 0.799870
21.503403 -2.999431 -1.126946 0.871306
21.532913 -2.999431 0.000000 0.950000
21.503403 -2.999431 1.126946 0.871306
21.450974 -2.999431 1.876717 0.799870
21.410604 -2.008923 -1.873185 0.799870
21.462934 -2.008923 -1.124825 0.871306
21.492390 -2.008923 0.000000 0.950000
21.462934 -2.008923 1.124825 0.871306
21.410604 -2.008923 1.873185 0.799870
21.404287 -0.986949 -1.872633 0.799870
21.456602 -0.986949 -1.124493 0.871306
21.486048 -0.986949 0.000000 0.950000
21.456602 -0.986949 1.124493 0.871306
21.404287 -0.986949 1.872633 0.799870
21.426846 0.022524 -1.874606 0.799870
21.479214 0.022524 -1.125678 0.871306
21.508692 0.022524 0.000000 0.950000
21.479214 0.022524 1.125678 0.871306
21.426846 0.022524 1.874606 0.799870
21.404287 0.986949 -1.872633 0.799870
21.456602 0.986949 -1.124493 0.871306
21.486048 0.986949 0.000000 0.950000
21.456602 0.986949 1.124493 0.871306
21.404287 0.986949 1.872633 0.799870
21.410604 2.008923 -1.873185 0.799870
21.462934 2.008923 -1.124825 0.871306
21.492390 2.008923 0.000000 0.950000
21.462934 2.008923 1.124825 0.871306
21.410604 2.008923 1.873185 0.799870
21.450974 2.999431 -1.876717 0.799870
21.503403 2.999431 -1.126946 0.871306
21.532913 2.999431 0.000000 0.950000
21.503403 2.999431 1.126946 0.871306
21.450974 2.999431 1.876717 0.799870
21.444204 4.005177 -1.876125 0.799870
21.496616 4.005177 -1.126590 0.871306
21.526117 4.005177 0.000000 0.950000
21.496616 4.005177 1.126590 0.871306
21.444204 4.005177 1.876125 0.799870
21.400795 4.971485 -1.872327 0.799870
21.453100 4.971485 -1.124309 0.871306
21.482542 4.971485 0.000000 0.950000
21.453100 4.971485 1.124309 0.871306
21.400795 4.971485 1.872327 0.799870
21.458317 5.997948 -1.877359 0.799870
21.510763 5.997948 -1.127331 0.871306
21.540283 5.997948 0.000000 0.950000
21.510763 5.997948 1.127331 0.871306
21.458317 5.997948 1.877359 0.799870
21.408028 6.970023 -1.872960 0.799870
21.460352 6.970023 -1.124689 0.871306
21.489803 6.970023 0.000000 0.950000
21.460352 6.970023 1.124689 0.871306
21.408028 6.970023 1.872960 0.799870
21.451406 8.021016 -1.876755 0.799870
21.503836 8.021016 -1.126968 0.871306
21.533346 8.021016 0.000000 0.950000
21.503836 8.021016 1.126968 0.871306
21.451406 8.021016 1.876755 0.799870
21.389978 9.017046 -1.871381 0.799870
21.442257 9.017046 -1.123741 0.871306
21.471684 9.017046 0.000000 0.950000
21.442257 9.017046 1.123741 0.871306
21.389978 9.017046 1.871381 0.799870
21.394327 9.964295 -1.871761 0.799870
21.446617 9.964295 -1.123970 0.871306
21.476049 9.964295 0.000000 0.950000
21.446617 9.964295 1.123970 0.871306
21.394327 9.964295 1.871761 0.799870
21.420679 10.970257 -1.874067 0.799870
21.473034 10.970257 -1.125354 0.871306
21.502502 10.970257 0.000000 0.950000
21.473034 10.970257 1.125354 0.871306
21.420679 10.970257 1.874067 0.799870
21.391022 12.010542 -1.871472 0.799870
21.443302 12.010542 -1.123796 0.871306
21.472731 12.010542 0.000000 0.950000
21.443302 12.010542 1.123796 0.871306
21.391022 12.010542 1.871472 0.799870
21.435402 13.010805 -1.875355 0.799870
21.487791 13.010805 -1.126127 0.871306
21.517281 13.010805 0.000000 0.950000
21.487791 13.010805 1.126127 0.871306
21.435402 13.010805 1.875355 0.799870
21.428989 14.038797 -1.874794 0.799870
21.481363 14.038797 -1.125790 0.871306
21.510843 14.038797 0.000000 0.950000
21.481363 14.038797 1.125790 0.871306
21.428989 14.038797 1.874794 0.799870
21.444927 14.983845 -1.876188 0.799870
21.497339 14.983845 -1.126628 0.871306
21.526842 14.983845 0.000000 0.950000
21.497339 14.983845 1.126628 0.871306
21.444927 14.983845 1.876188 0.799870
22.539610 -15.842691 -1.971960 0.799870
22.594700 -15.842691 -1.184138 0.871306
22.625708 -15.842691 0.000000 0.950000
22.594700 -15.842691 1.184138 0.871306
22.539610 -15.842691 1.971960 0.799870
22.429939 -15.044456 -1.962365 0.799870
22.484760 -15.044456 -1.178376 0.871306
22.515617 -15.044456 0.000000 0.950000
22.484760 -15.044456 1.178376 0.871306
22.429939 -15.044456 1.962365 0.799870
22.441601 -14.027479 -1.963386 0.799870
22.496449 -14.027479 -1.178989 0.871306
22.527323 -14.027479 0.000000 0.950000
22.496449 -14.027479 1.178989 0.871306
22.441601 -14.027479 1.963386 0.799870
22.436674 -12.982346 -1.962955 0.799870
22.491512 -12.982346 -1.178730 0.871306
22.522379 -12.982346 0.000000 0.950000
22.491512 -12.982346 1.178730 0.871306
22.436674 -12.982346 1.962955 0.799870
22.447130 -12.006176 -1.963869 0.799870
22.501991 -12.006176 -1.179279 0.871306
22.532873 -12.006176 0.000000 0.950000
22.501991 -12.006176 1.179279 0.871306
22.447130 -12.006176 1.963869 0.799870
22.439226 -11.000751 -1.963178 0.799870
22.494070 -11.000751 -1.178864 0.871306
22.524940 -11.000751 0.000000 0.950000
22.494070 -11.000751 1.178864 0.871306
22.439226 -11.000751 1.963178 0.799870
22.408234 -9.967894 -1.960467 0.799870
22.463001 -9.967894 -1.177236 0.871306
22.493830 -9.967894 0.000000 0.950000
22.463001 -9.967894 1.177236 0.871306
22.408234 -9.967894 1.960467 0.799870
22.397678 -8.997203 -1.959543 0.799870
22.452419 -8.997203 -1.176681 0.871306
22.483232 -8.997203 0.000000 0.950000
22.452419 -8.997203 1.176681 0.871306
22.397678 -8.997203 1.959543 0.799870
22.436213 -8.019693 -1.962914 0.799870
22.491049 -8.019693 -1.178706 0.871306
22.521915 -8.019693 0.000000 0.950000
22.491049 -8.019693 1.178706 0.871306
22.436213 -8.019693 1.962914 0.799870
22.444405 -7.017357 -1.963631 0.799870
22.499260 -7.017357 -1.179136 0.871306
22.530138 -7.017357 0.000000 0.950000
22.499260 -7.017357 1.179136 0.871306
22.444405 -7.017357 1.963631 0.799870
22.420563 -5.984232 -1.961545 0.799870
22.475361 -5.984232 -1.177884 0.871306
22.506205 -5.984232 0.000000 0.950000
22.475361 -5.984232 1.177884 0.871306
22.420563 -5.984232 1.961545 0.799870
22.423048 -4.994180 -1.961762 0.799870
22.477852 -4.994180 -1.178014 0.871306
22.508699 -4.994180 0.000000 0.950000
22.477852 -4.994180 1.178014 0.871306
22.423048 -4.994180 1.961762 0.799870
22.381290 -4.022175 -1.958109 0.799870
22.435993 -4.022175 -1.175821 0.871306
22.466784 -4.022175 0.000000 0.950000
22.435993 -4.022175 1.175821 0.871306
22.381290 -4.022175 1.958109 0.799870
22.387718 -2.974620 -1.958672 0.799870
22.442436 -2.974620 -1.176158 0.871306
22.473236 -2.974620 0.000000 0.950000
22.442436 -2.974620 1.176158 0.871306
22.387718 -2.974620 1.958672 0.799870
22.417505 -2.000434 -1.961277 0.799870
22.472296 -2.000434 -1.177723 0.871306
22.503136 -2.000434 0.000000 0.950000
22.472296 -2.000434 1.177723 0.871306
22.417505 -2.000434 1.961277 0.799870
22.407486 -0.982069 -1.960401 0.799870
22.462252 -0.982069 -1.177197 0.871306
22.493078 -0.982069 0.000000 0.950000
22.462252 -0.982069 1.177197 0.871306
22.407486 -0.982069 1.960401 0.799870
22.428820 -0.023577 -1.962268 0.799870
22.483639 -0.023577 -1.178318 0.871306
22.514494 -0.023577 0.000000 0.950000
22.483639 -0.023577 1.178318 0.871306
22.428820 -0.023577 1.962268 0.799870
22.407486 0.982069 -1.960401 0.799870
22.462252 0.982069 -1.177197 0.871306
22.493078 0.982069 0.000000 0.950000
22.462252 0.982069 1.177197 0.871306
22.407486 0.982069 1.960401 0.799870
22.417505 2.000434 -1.961277 0.799870
22.472296 2.000434 -1.177723 0.871306
22.503136 2.000434 0.000000 0.950000
22.472296 2.000434 1.177723 0.871306
22.417505 2.000434 1.961277 0.799870
22.387718 2.974620 -1.958672 0.799870
22.442436 2.974620 -1.176158 0.871306
22.473236 2.974620 0.000000 0.950000
22.442436 2.974620 1.176158 0.871306
22.387718 2.974620 1.958672 0.799870
22.381290 4.022175 -1.958109 0.799870
22.435993 4.022175 -1.175821 0.871306
22.466784 4.022175 0.000000 0.950000
22.435993 4.022175 1.175821 0.871306
22.381290 4.022175 1.958109 0.799870
22.423048 4.994180 -1.961762 0.799870
22.477852 4.994180 -1.178014 0.871306
22.508699 4.994180 0.000000 0.950000
22.477852 4.994180 1.178014 0.871306
22.423048 4.994180 1.961762 0.799870
22.420563 5.984232 -1.961545 0.799870
22.475361 5.984232 -1.177884 0.871306
22.506205 5.984232 0.000000 0.950000
22.475361 5.984232 1.177884 0.871306
22.420563 5.984232 1.961545 0.799870
22.444405 7.017357 -1.963631 0.799870
22.499260 7.017357 -1.179136 0.871306
22.530138 7.017357 0.000000 0.950000
22.499260 7.017357 1.179136 0.871306
22.444405 7.017357 1.963631 0.799870
22.436213 8.019693 -1.962914 0.799870
22.491049 8.019693 -1.178706 0.871306
22.521915 8.019693 0.000000 0.950000
22.491049 8.019693 1.178706 0.871306
22.436213 8.019693 1.962914 0.799870
22.397678 8.997203 -1.959543 0.799870
22.452419 8.997203 -1.176681 0.871306
22.483232 8.997203 0.000000 0.950000
22.452419 8.997203 1.176681 0.871306
22.397678 8.997203 1.959543 0.799870
22.408234 9.967894 -1.960467 0.799870
22.463001 9.967894 -1.177236 0.871306
22.493830 9.967894 0.000000 0.950000
22.463001 9.967894 1.177236 0.871306
22.408234 9.967894 1.960467 0.799870
22.439226 11.000751 -1.963178 0.799870
22.494070 11.000751 -1.178864 0.871306
22.524940 11.000751 0.000000 0.950000
22.494070 11.000751 1.178864 0.871306
22.439226 11.000751 1.963178 0.799870
22.447130 12.006176 -1.963869 0.799870
22.501991 12.006176 -1.179279 0.871306
22.532873 12.006176 0.000000 0.950000
22.501991 12.006176 1.179279 0.871306
22.447130 12.006176 1.963869 0.799870
22.436674 12.982346 -1.962955 0.799870
22.491512 12.982346 -1.178730 0.871306
22.522379 12.982346 0.000000 0.950000
22.491512 12.982346 1.178730 0.871306
22.436674 12.982346 1.962955 0.799870
22.441601 14.027479 -1.963386 0.799870
22.496449 14.027479 -1.178989 0.871306
22.527323 14.027479 0.000000 0.950000
22.496449 14.027479 1.178989 0.871306
22.441601 14.027479 1.963386 0.799870
22.429939 15.044456 -1.962365 0.799870
22.484760 15.044456 -1.178376 0.871306
22.515617 15.044456 0.000000 0.950000
22.484760 15.044456 1.178376 0.871306
22.429939 15.044456 1.962365 0.799870
22.539610 15.842691 -1.971960 0.799870
22.594700 15.842691 -1.184138 0.871306
22.625708 15.842691 0.000000 0.950000
22.594700 15.842691 1.184138 0.871306
22.539610 15.842691 1.971960 0.799870
23.392467 -15.964222 -2.046576 0.799870
23.467518 -15.964222 -0.819504 0.910147
23.481823 -15.964222 0.000000 0.950000
23.467518 -15.964222 0.819504 0.910147
23.392467 -15.964222 2.046576 0.799870
23.396383 -14.973604 -2.046918 0.799870
23.471447 -14.973604 -0.819641 0.910147
23.485754 -14.973604 0.000000 0.950000
23.471447 -14.973604 0.819641 0.910147
23.396383 -14.973604 2.046918 0.799870
23.458260 -13.987259 -2.052332 0.799870
23.533520 -13.987259 -0.821809 0.910147
23.547865 -13.987259 0.000000 0.950000
23.533520 -13.987259 0.821809 0.910147
23.458260 -13.987259 2.052332 0.799870
23.407558 -12.987082 -2.047896 0.799870
23.482658 -12.987082 -0.820032 0.910147
23.496971 -12.987082 0.000000 0.950000
23.482658 -12.987082 0.820032 0.910147
23.407558 -12.987082 2.047896 0.799870
23.411703 -11.989928 -2.048259 0.799870
23.486814 -11.989928 -0.820178 0.910147
23.501131 -11.989928 0.000000 0.950000
23.486814 -11.989928 0.820178 0.910147
23.411703 -11.989928 2.048259 0.799870
23.395273 -10.966041 -2.046821 0.799870
23.470333 -10.966041 -0.819602 0.910147
23.484638 -10.966041 0.000000 0.950000
23.470333 -10.966041 0.819602 0.910147
23.395273 -10.966041 2.046821 0.799870
23.402399 -10.000720 -2.047445 0.799870
23.477482 -10.000720 -0.819852 0.910147
23.491793 -10.000720 0.000000 0.950000
23.477482 -10.000720 0.819852 0.910147
23.402399 -10.000720 2.047445 0.799870
23.388746 -9.002992 -2.046250 0.799870
23.463785 -9.002992 -0.819373 0.910147
23.478086 -9.002992 0.000000 0.950000
23.463785 -9.002992 0.819373 0.910147
23.388746 -9.002992 2.046250 0.799870
23.422520 -7.999555 -2.049205 0.799870
23.497667 -7.999555 -0.820557 0.910147
23.511990 -7.999555 0.000000 0.950000
23.497667 -7.999555 0.820557 0.910147
23.422520 -7.999555 2.049205 0.799870
23.410831 -7.019131 -2.048182 0.799870
23.485941 -7.019131 -0.820147 0.910147
23.500256 -7.019131 0.000000 0.950000
23.485941 -7.019131 0.820147 0.910147
23.410831 -7.019131 2.048182 0.799870
23.370752 -6.006055 -2.044676 0.799870
23.445732 -6.006055 -0.818743 0.910147
23.460024 -6.006055 0.000000 0.950000
23.445732 -6.006055 0.818743 0.910147
23.370752 -6.006055 2.044676 0.799870
23.448263 -4.994534 -2.051457 0.799870
23.523493 -4.994534 -0.821458 0.910147
23.537830 -4.994534 0.000000 0.950000
23.523493 -4.994534 0.821458 0.910147
23.448263 -4.994534 2.051457 0.799870
23.405285 -3.982265 -2.047697 0.799870
23.480375 -3.982265 -0.819953 0.910147
23.494688 -3.982265 0.000000 0.950000
23.480375 -3.982265 0.819953 0.910147
23.405285 -3.982265 2.047697 0.799870
23.394835 -3.000063 -2.046783 0.799870
23.469893 -3.000063 -0.819587 0.910147
23.484198 -3.000063 0.000000 0.950000
23.469893 -3.000063 0.819587 0.910147
23.394835 -3.000063 2.046783 0.799870
23.424749 -1.982811 -2.049400 0.799870
23.499903 -1.982811 -0.820635 0.910147
23.514227 -1.982811 0.000000 0.950000
23.499903 -1.982811 0.820635 0.910147
23.424749 -1.982811 2.049400 0.799870
23.410597 -0.976725 -2.048162 0.799870
23.485706 -0.976725 -0.820139 0.910147
23.500021 -0.976725 0.000000 0.950000
23.485706 -0.976725 0.820139 0.910147
23.410597 -0.976725 2.048162 0.799870
23.430796 -0.024630 -2.049929 0.799870
23.505968 -0.024630 -0.820846 0.910147
23.520296 -0.024630 0.000000 0.950000
23.505968 -0.024630 0.820846 0.910147
23.430796 -0.024630 2.049929 0.799870
23.410597 0.976725 -2.048162 0.799870
23.485706 0.976725 -0.820139 0.910147
23.500021 0.976725 0.000000 0.950000
23.485706 0.976725 0.820139 0.910147
23.410597 0.976725 2.048162 0.799870
23.424749 1.982811 -2.049400 0.799870
23.499903 1.982811 -0.820635 0.910147
23.514227 1.982811 0.000000 0.950000
23.499903 1.982811 0.820635 0.910147
23.424749 1.982811 2.049400 0.799870
23.394835 3.000063 -2.046783 0.799870
23.469893 3.000063 -0.819587 0.910147
23.484198 3.000063 0.000000 0.950000
23.469893 3.000063 0.819587 0.910147
23.394835 3.000063 2.046783 0.799870
23.405285 3.982265 -2.047697 0.799870
23.480375 3.982265 -0.819953 0.910147
23.494688 3.982265 0.000000 0.950000
23.480375 3.982265 0.819953 0.910147
23.405285 3.982265 2.047697 0.799870
23.448263 4.994534 -2.051457 0.799870
23.523493 4.994534 -0.821458 0.910147
23.537830 4.994534 0.000000 0.950000
23.523493 4.994534 0.821458 0.910147
23.448263 4.994534 2.051457 0.799870
23.370752 6.006055 -2.044676 0.799870
23.445732 6.006055 -0.818743 0.910147
23.460024 6.006055 0.000000 0.950000
23.445732 6.006055 0.818743 0.910147
23.370752 6.006055 2.044676 0.799870
23.410831 7.019131 -2.048182 0.799870
23.485941 7.019131 -0.820147 0.910147
23.500256 7.019131 0.000000 0.950000
23.485941 7.019131 0.820147 0.910147
23.410831 7.019131 2.048182 0.799870
23.422520 7.999555 -2.049205 0.799870
23.497667 7.999555 -0.820557 0.910147
23.511990 7.999555 0.000000 0.950000
23.497667 7.999555 0.820557 0.910147
23.422520 7.999555 2.049205 0.799870
23.388746 9.002992 -2.046250 0.799870
23.463785 9.002992 -0.819373 0.910147
23.478086 9.002992 0.000000 0.950000
23.463785 9.002992 0.819373 0.910147
23.388746 9.002992 2.046250 0.799870
23.402399 10.000720 -2.047445 0.799870
23.477482 10.000720 -0.819852 0.910147
23.491793 10.000720 0.000000 0.950000
23.477482 10.000720 0.819852 0.910147
23.402399 10.000720 2.047445 0.799870
23.395273 10.966041 -2.046821 0.799870
23.470333 10.966041 -0.819602 0.910147
23.484638 10.966041 0.000000 0.950000
23.470333 10.966041 0.819602 0.910147
23.395273 10.966041 2.046821 0.799870
23.411703 11.989928 -2.048259 0.799870
23.486814 11.989928 -0.820178 0.910147
23.501131 11.989928 0.000000 0.950000
23.486814 11.989928 0.820178 0.910147
23.411703 11.989928 2.048259 0.799870
23.407558 12.987082 -2.047896 0.799870
23.482658 12.987082 -0.820032 0.910147
23.496971 12.987082 0.000000 0.950000
23.482658 12.987082 0.820032 0.910147
23.407558 12.987082 2.047896 0.799870
23.458260 13.987259 -2.052332 0.799870
23.533520 13.987259 -0.821809 0.910147
23.547865 13.987259 0.000000 0.950000
23.533520 13.987259 0.821809 0.910147
23.458260 13.987259 2.052332 0.799870
23.396383 14.973604 -2.046918 0.799870
23.471447 14.973604 -0.819641 0.910147
23.485754 14.973604 0.000000 0.950000
23.471447 14.973604 0.819641 0.910147
23.396383 14.973604 2.046918 0.799870
23.392467 15.964222 -2.046576 0.799870
23.467518 15.964222 -0.819504 0.910147
23.481823 15.964222 0.000000 0.950000
23.467518 15.964222 0.819504 0.910147
23.392467 15.964222 2.046576 0.799870
24.361128 -16.948713 -2.560458 0.777067
24.402103 -16.948713 -2.134907 0.799870
24.480394 -16.948713 -0.854874 0.910147
24.495316 -16.948713 0.000000 0.950000
24.480394 -16.948713 0.854874 0.910147
24.402103 -16.948713 2.134907 0.799870
24.361128 -16.948713 2.560458 0.777067
24.357096 -15.983932 -2.560034 0.777067
24.398064 -15.983932 -2.134554 0.799870
24.476341 -15.983932 -0.854733 0.910147
24.491261 -15.983932 0.000000 0.950000
24.476341 -15.983932 0.854733 0.910147
24.398064 -15.983932 2.134554 0.799870
24.357096 -15.983932 2.560034 0.777067
24.350573 -14.980742 -2.559348 0.777067
24.391529 -14.980742 -2.133982 0.799870
24.469786 -14.980742 -0.854504 0.910147
24.484701 -14.980742 0.000000 0.950000
24.469786 -14.980742 0.854504 0.910147
24.391529 -14.980742 2.133982 0.799870
24.350573 -14.980742 2.559348 0.777067
24.368883 -14.038745 -2.561273 0.777067
24.409872 -14.038745 -2.135587 0.799870
24.488186 -14.038745 -0.855146 0.910147
24.503113 -14.038745 0.000000 0.950000
24.488186 -14.038745 0.855146 0.910147
24.409872 -14.038745 2.135587 0.799870
24.368883 -14.038745 2.561273 0.777067
24.344673 -12.960841 -2.558728 0.777067
24.385620 -12.960841 -2.133465 0.799870
24.463858 -12.960841 -0.854297 0.910147
24.478769 -12.960841 0.000000 0.950000
24.463858 -12.960841 0.854297 0.910147
24.385620 -12.960841 2.133465 0.799870
24.344673 -12.960841 2.558728 0.777067
24.406624 -11.985386 -2.565239 0.777067
24.447676 -11.985386 -2.138895 0.799870
24.526112 -11.985386 -0.856471 0.910147
24.541061 -11.985386 0.000000 0.950000
24.526112 -11.985386 0.856471 0.910147
24.447676 -11.985386 2.138895 0.799870
24.406624 -11.985386 2.565239 0.777067
24.357540 -10.996736 -2.560081 0.777067
24.398510 -10.996736 -2.134593 0.799870
24.476788 -10.996736 -0.854748 0.910147
24.491707 -10.996736 0.000000 0.950000
24.476788 -10.996736 0.854748 0.910147
24.398510 -10.996736 2.134593 0.799870
24.357540 -10.996736 2.560081 0.777067
24.361179 -10.006350 -2.560463 0.777067
24.402155 -10.006350 -2.134912 0.799870
24.480446 -10.006350 -0.854876 0.910147
24.495367 -10.006350 0.000000 0.950000
24.480446 -10.006350 0.854876 0.910147
24.402155 -10.006350 2.134912 0.799870
24.361179 -10.006350 2.560463 0.777067
24.343555 -8.981775 -2.558611 0.777067
24.384502 -8.981775 -2.133368 0.799870
24.462734 -8.981775 -0.854257 0.910147
24.477646 -8.981775 0.000000 0.950000
24.462734 -8.981775 0.854257 0.910147
24.384502 -8.981775 2.133368 0.799870
24.343555 -8.981775 2.558611 0.777067
24.353567 -8.008549 -2.559663 0.777067
24.394529 -8.008549 -2.134245 0.799870
24.472795 -8.008549 -0.854609 0.910147
24.487713 -8.008549 0.000000 0.950000
24.472795 -8.008549 0.854609 0.910147
24.394529 -8.008549 2.134245 0.799870
24.353567 -8.008549 2.559663 0.777067
24.339304 -6.999140 -2.558164 0.777067
24.380243 -6.999140 -2.132995 0.799870
24.458464 -6.999140 -0.854108 0.910147
24.473372 -6.999140 0.000000 0.950000
24.458464 -6.999140 0.854108 0.910147
24.380243 -6.999140 2.132995 0.799870
24.339304 -6.999140 2.558164 0.777067
24.370598 -5.973635 -2.561453 0.777067
24.411589 -5.973635 -2.135737 0.799870
24.489910 -5.973635 -0.855206 0.910147
24.504837 -5.973635 0.000000 0.950000
24.489910 -5.973635 0.855206 0.910147
24.411589 -5.973635 2.135737 0.799870
24.370598 -5.973635 2.561453 0.777067
24.346676 -5.020731 -2.558939 0.777067
24.387627 -5.020731 -2.133641 0.799870
24.465870 -5.020731 -0.854367 0.910147
24.480783 -5.020731 0.000000 0.950000
24.465870 -5.020731 0.854367 0.910147
24.387627 -5.020731 2.133641 0.799870
24.346676 -5.020731 2.558939 0.777067
24.379738 -3.983580 -2.562414 0.777067
24.420746 -3.983580 -2.136539 0.799870
24.499096 -3.983580 -0.855527 0.910147
24.514029 -3.983580 0.000000 0.950000
24.499096 -3.983580 0.855527 0.910147
24.420746 -3.983580 2.136539 0.799870
24.379738 -3.983580 2.562414 0.777067
24.361643 -3.016390 -2.560512 0.777067
24.402618 -3.016390 -2.134953 0.799870
24.480911 -3.016390 -0.854892 0.910147
24.495832 -3.016390 0.000000 0.950000
24.480911 -3.016390 0.854892 0.910147
24.402618 -3.016390 2.134953 0.799870
24.361643 -3.016390 2.560512 0.777067
24.386423 -2.015973 -2.563116 0.777067
24.427443 -2.015973 -2.137124 0.799870
24.505814 -2.015973 -0.855762 0.910147
24.520750 -2.015973 0.000000 0.950000
24.505814 -2.015973 0.855762 0.910147
24.427443 -2.015973 2.137124 0.799870
24.386423 -2.015973 2.563116 0.777067
24.370714 -1.018493 -2.561465 0.777067
24.411707 -1.018493 -2.135748 0.799870
24.490028 -1.018493 -0.855211 0.910147
24.504955 -1.018493 0.000000 0.950000
24.490028 -1.018493 0.855211 0.910147
24.411707 -1.018493 2.135748 0.799870
24.370714 -1.018493 2.561465 0.777067
24.391743 -0.025684 -2.563675 0.777067
24.432770 -0.025684 -2.137590 0.799870
24.511158 -0.025684 -0.855948 0.910147
24.526098 -0.025684 0.000000 0.950000
24.511158 -0.025684 0.855948 0.910147
24.432770 -0.025684 2.137590 0.799870
24.391743 -0.025684 2.563675 0.777067
24.370714 1.018493 -2.561465 0.777067
24.411707 1.018493 -2.135748 0.799870
24.490028 1.018493 -0.855211 0.910147
24.504955 1.018493 0.000000 0.950000
24.490028 1.018493 0.855211 0.910147
24.411707 1.018493 2.135748 0.799870
24.370714 1.018493 2.561465 0.777067
24.386423 2.015973 -2.563116 0.777067
24.427443 2.015973 -2.137124 0.799870
24.505814 2.015973 -0.855762 0.910147
24.520750 2.015973 0.000000 0.950000
24.505814 2.015973 0.855762 0.910147
24.427443 2.015973 2.137124 0.799870
24.386423 2.015973 2.563116 0.777067
24.361643 3.016390 -2.560512 0.777067
24.402618 3.016390 -2.134953 0.799870
24.480911 3.016390 -0.854892 0.910147
24.495832 3.016390 0.000000 0.950000
24.480911 3.016390 0.854892 0.910147
24.402618 3.016390 2.134953 0.799870
24.361643 3.016390 2.560512 0.777067
24.379738 3.983580 -2.562414 0.777067
24.420746 3.983580 -2.136539 0.799870
24.499096 3.983580 -0.855527 0.910147
24.514029 3.983580 0.000000 0.950000
24.499096 3.983580 0.855527 0.910147
24.420746 3.983580 2.136539 0.799870
24.379738 3.983580 2.562414 0.777067
24.346676 5.020731 -2.558939 0.777067
24.387627 5.020731 -2.133641 0.799870
24.465870 5.020731 -0.854367 0.910147
24.480783 5.020731 0.000000 0.950000
24.465870 5.020731 0.854367 0.910147
24.387627 5.020731 2.133641 0.799870
24.346676 5.020731 2.558939 0.777067
24.370598 5.973635 -2.561453 0.777067
24.411589 5.973635 -2.135737 0.799870
24.489910 5.973635 -0.855206 0.910147
24.504837 5.973635 0.000000 0.950000
24.489910 5.973635 0.855206 0.910147
24.411589 5.973635 2.135737 0.799870
24.370598 5.973635 2.561453 0.777067
24.339304 6.999140 -2.558164 0.777067
24.380243 6.999140 -2.132995 0.799870
24.458464 6.999140 -0.854108 0.910147
24.473372 6.999140 0.000000 0.950000
24.458464 6.999140 0.854108 0.910147
24.380243 6.999140 2.132995 0.799870
24.339304 6.999140 2.558164 0.777067
24.353567 8.008549 -2.559663 0.777067
24.394529 8.008549 -2.134245 0.799870
24.472795 8.008549 -0.854609 0.910147
24.487713 8.008549 0.000000 0.950000
24.472795 8.008549 0.854609 0.910147
24.394529 8.008549 2.134245 0.799870
24.353567 8.008549 2.559663 0.777067
24.343555 8.981775 -2.558611 0.777067
24.384502 8.981775 -2.133368 0.799870
24.462734 8.981775 -0.854257 0.910147
24.477646 8.981775 0.000000 0.950000
24.462734 8.981775 0.854257 0.910147
24.384502 8.981775 2.133368 0.799870
24.343555 8.981775 2.558611 0.777067
24.361179 10.006350 -2.560463 0.777067
24.402155 10.006350 -2.134912 0.799870
24.480446 10.006350 -0.854876 0.910147
24.495367 10.006350 0.000000 0.950000
24.480446 10.006350 0.854876 0.910147
24.402155 10.006350 2.134912 0.799870
24.361179 10.006350 2.560463 0.777067
24.357540 10.996736 -2.560081 0.777067
24.398510 10.996736 -2.134593 0.799870
24.476788 10.996736 -0.854748 0.910147
24.491707 10.996736 0.000000 0.950000
24.476788 10.996736 0.854748 0.910147
24.398510 10.996736 2.134593 0.799870
24.357540 10.996736 2.560081 0.777067
24.406624 11.985386 -2.565239 0.777067
24.447676 11.985386 -2.138895 0.799870
24.526112 11.985386 -0.856471 0.910147
24.541061 11.985386 0.000000 0.950000
24.526112 11.985386 0.856471 0.910147
24.447676 11.985386 2.138895 0.799870
24.406624 11.985386 2.565239 0.777067
24.344673 12.960841 -2.558728 0.777067
24.385620 12.960841 -2.133465 0.799870
24.463858 12.960841 -0.854297 0.910147
24.478769 12.960841 0.000000 0.950000
24.463858 12.960841 0.854297 0.910147
24.385620 12.960841 2.133465 0.799870
24.344673 12.960841 2.558728 0.777067
24.368883 14.038745 -2.561273 0.777067
24.409872 14.038745 -2.135587 0.799870
24.488186 14.038745 -0.855146 0.910147
24.503113 14.038745 0.000000 0.950000
24.488186 14.038745 0.855146 0.910147
24.409872 14.038745 2.135587 0.799870
24.368883 14.038745 2.561273 0.777067
24.350573 14.980742 -2.559348 0.777067
24.391529 14.980742 -2.133982 0.799870
24.469786 14.980742 -0.854504 0.910147
24.484701 14.980742 0.000000 0.950000
24.469786 14.980742 0.854504 0.910147
24.391529 14.980742 2.133982 0.799870
24.350573 14.980742 2.559348 0.777067
24.357096 15.983932 -2.560034 0.777067
24.398064 15.983932 -2.134554 0.799870
24.476341 15.983932 -0.854733 0.910147
24.491261 15.983932 0.000000 0.950000
24.476341 15.983932 0.854733 0.910147
24.398064 15.983932 2.134554 0.799870
24.357096 15.983932 2.560034 0.777067
24.361128 16.948713 -2.560458 0.777067
24.402103 16.948713 -2.134907 0.799870
24.480394 16.948713 -0.854874 0.910147
24.495316 16.948713 0.000000 0.950000
24.480394 16.948713 0.854874 0.910147
24.402103 16.948713 2.134907 0.799870
24.361128 16.948713 2.560458 0.777067
25.401150 -17.884047 -2.669768 0.777067
25.478849 -17.884047 -1.781655 0.832222
25.525507 -17.884047 -0.891370 0.910147
25.541065 -17.884047 0.000000 0.950000
25.525507 -17.884047 0.891370 0.910147
25.478849 -17.884047 1.781655 0.832222
25.401150 -17.884047 2.669768 0.777067
25.335260 -17.021727 -2.662843 0.777067
25.412758 -17.021727 -1.777033 0.832222
25.459295 -17.021727 -0.889058 0.910147
25.474813 -17.021727 0.000000 0.950000
25.459295 -17.021727 0.889058 0.910147
25.412758 -17.021727 1.777033 0.832222
25.335260 -17.021727 2.662843 0.777067
25.367016 -15.975547 -2.666181 0.777067
25.444613 -15.975547 -1.779261 0.832222
25.491207 -15.975547 -0.890173 0.910147
25.506744 -15.975547 0.000000 0.950000
25.491207 -15.975547 0.890173 0.910147
25.444613 -15.975547 1.779261 0.832222
25.367016 -15.975547 2.666181 0.777067
25.349459 -14.960340 -2.664335 0.777067
25.427000 -14.960340 -1.778029 0.832222
25.473562 -14.960340 -0.889556 0.910147
25.489090 -14.960340 0.000000 0.950000
25.473562 -14.960340 0.889556 0.910147
25.427000 -14.960340 1.778029 0.832222
25.349459 -14.960340 2.664335 0.777067
25.357771 -14.005753 -2.665209 0.777067
25.435339 -14.005753 -1.778612 0.832222
25.481916 -14.005753 -0.889848 0.910147
25.497448 -14.005753 0.000000 0.950000
25.481916 -14.005753 0.889848 0.910147
25.435339 -14.005753 1.778612 0.832222
25.357771 -14.005753 2.665209 0.777067
25.360071 -13.009600 -2.665451 0.777067
25.437647 -13.009600 -1.778773 0.832222
25.484228 -13.009600 -0.889929 0.910147
25.499762 -13.009600 0.000000 0.950000
25.484228 -13.009600 0.889929 0.910147
25.437647 -13.009600 1.778773 0.832222
25.360071 -13.009600 2.665451 0.777067
25.348818 -11.977654 -2.664268 0.777067
25.426357 -11.977654 -1.777984 0.832222
25.472919 -11.977654 -0.889534 0.910147
25.488445 -11.977654 0.000000 0.950000
25.472919 -11.977654 0.889534 0.910147
25.426357 -11.977654 1.777984 0.832222
25.348818 -11.977654 2.664268 0.777067
25.363043 -11.004332 -2.665763 0.777067
25.440626 -11.004332 -1.778982 0.832222
25.487213 -11.004332 -0.890033 0.910147
25.502748 -11.004332 0.000000 0.950000
25.487213 -11.004332 0.890033 0.910147
25.440626 -11.004332 1.778982 0.832222
25.363043 -11.004332 2.665763 0.777067
25.362524 -9.989079 -2.665709 0.777067
25.440105 -9.989079 -1.778945 0.832222
25.486692 -9.989079 -0.890015 0.910147
25.502228 -9.989079 0.000000 0.950000
25.486692 -9.989079 0.890015 0.910147
25.440105 -9.989079 1.778945 0.832222
25.362524 -9.989079 2.665709 0.777067
25.390945 -9.025890 -2.668696 0.777067
25.468615 -9.025890 -1.780939 0.832222
25.515253 -9.025890 -0.891012 0.910147
25.530806 -9.025890 0.000000 0.950000
25.515253 -9.025890 0.891012 0.910147
25.468615 -9.025890 1.780939 0.832222
25.390945 -9.025890 2.668696 0.777067
25.327326 -7.995469 -2.662009 0.777067
25.404800 -7.995469 -1.776477 0.832222
25.451323 -7.995469 -0.888780 0.910147
25.466835 -7.995469 0.000000 0.950000
25.451323 -7.995469 0.888780 0.910147
25.404800 -7.995469 1.776477 0.832222
25.327326 -7.995469 2.662009 0.777067
25.383921 -6.977718 -2.667958 0.777067
25.461569 -6.977718 -1.780446 0.832222
25.508194 -6.977718 -0.890766 0.910147
25.523743 -6.977718 0.000000 0.950000
25.508194 -6.977718 0.890766 0.910147
25.461569 -6.977718 1.780446 0.832222
25.383921 -6.977718 2.667958 0.777067
25.384941 -6.033800 -2.668065 0.777067
25.462593 -6.033800 -1.780518 0.832222
25.509220 -6.033800 -0.890802 0.910147
25.524769 -6.033800 0.000000 0.950000
25.509220 -6.033800 0.890802 0.910147
25.462593 -6.033800 1.780518 0.832222
25.384941 -6.033800 2.668065 0.777067
25.373537 -4.987016 -2.666866 0.777067
25.451153 -4.987016 -1.779718 0.832222
25.497761 -4.987016 -0.890401 0.910147
25.513302 -4.987016 0.000000 0.950000
25.497761 -4.987016 0.890401 0.910147
25.451153 -4.987016 1.779718 0.832222
25.373537 -4.987016 2.666866 0.777067
25.385527 -4.029120 -2.668126 0.777067
25.463179 -4.029120 -1.780559 0.832222
25.509808 -4.029120 -0.890822 0.910147
25.525356 -4.029120 0.000000 0.950000
25.509808 -4.029120 0.890822 0.910147
25.463179 -4.029120 1.780559 0.832222
25.385527 -4.029120 2.668126 0.777067
25.368341 -3.023594 -2.666320 0.777067
25.445942 -3.023594 -1.779353 0.832222
25.492538 -3.023594 -0.890219 0.910147
25.508078 -3.023594 0.000000 0.950000
25.492538 -3.023594 0.890219 0.910147
25.445942 -3.023594 1.779353 0.832222
25.368341 -3.023594 2.666320 0.777067
25.392559 -1.982545 -2.668866 0.777067
25.470234 -1.982545 -1.781052 0.832222
25.516876 -1.982545 -0.891069 0.910147
25.532429 -1.982545 0.000000 0.950000
25.516876 -1.982545 0.891069 0.910147
25.470234 -1.982545 1.781052 0.832222
25.392559 -1.982545 2.668866 0.777067
25.372471 -1.002378 -2.666754 0.777067
25.450085 -1.002378 -1.779643 0.832222
25.496689 -1.002378 -0.890364 0.910147
25.512230 -1.002378 0.000000 0.950000
25.496689 -1.002378 0.890364 0.910147
25.450085 -1.002378 1.779643 0.832222
25.372471 -1.002378 2.666754 0.777067
25.392035 -0.026737 -2.668810 0.777067
25.469707 -0.026737 -1.781015 0.832222
25.516348 -0.026737 -0.891050 0.910147
25.531900 -0.026737 0.000000 0.950000
25.516348 -0.026737 0.891050 0.910147
25.469707 -0.026737 1.781015 0.832222
25.392035 -0.026737 2.668810 0.777067
25.372471 1.002378 -2.666754 0.777067
25.450085 1.002378 -1.779643 0.832222
25.496689 1.002378 -0.890364 0.910147
25.512230 1.002378 0.000000 0.950000
25.496689 1.002378 0.890364 0.910147
25.450085 1.002378 1.779643 0.832222
25.372471 1.002378 2.666754 0.777067
25.392559 1.982545 -2.668866 0.777067
25.470234 1.982545 -1.781052 0.832222
25.516876 1.982545 -0.891069 0.910147
25.532429 1.982545 0.000000 0.950000
25.516876 1.982545 0.891069 0.910147
25.470234 1.982545 1.781052 0.832222
25.392559 1.982545 2.668866 0.777067
25.368341 3.023594 -2.666320 0.777067
25.445942 3.023594 -1.779353 0.832222
25.492538 3.023594 -0.890219 0.910147
25.508078 3.023594 0.000000 0.950000
25.492538 3.023594 0.890219 0.910147
25.445942 3.023594 1.779353 0.832222
25.368341 3.023594 2.666320 0.777067
25.385527 4.029120 -2.668126 0.777067
25.463179 4.029120 -1.780559 0.832222
25.509808 4.029120 -0.890822 0.910147
25.525356 4.029120 0.000000 0.950000
25.509808 4.029120 0.890822 0.910147
25.463179 4.029120 1.780559 0.832222
25.385527 4.029120 2.668126 0.777067
25.373537 4.987016 -2.666866 0.777067
25.451153 4.987016 -1.779718 0.832222
25.497761 4.987016 -0.890401 0.910147
25.513302 4.987016 0.000000 0.950000
25.497761 4.987016 0.890401 0.910147
25.451153 4.987016 1.779718 0.832222
25.373537 4.987016 2.666866 0.777067
25.384941 6.033800 -2.668065 0.777067
25.462593 6.033800 -1.780518 0.832222
25.509220 6.033800 -0.890802 0.910147
25.524769 6.033800 0.000000 0.950000
25.509220 6.033800 0.890802 0.910147
25.462593 6.033800 1.780518 0.832222
25.384941 6.033800 2.668065 0.777067
25.383921 6.977718 -2.667958 0.777067
25.461569 6.977718 -1.780446 0.832222
25.508194 6.977718 -0.890766 0.910147
25.523743 6.977718 0.000000 0.950000
25.508194 6.977718 0.890766 0.910147
25.461569 6.977718 1.780446 0.832222
25.383921 6.977718 2.667958 0.777067
25.327326 7.995469 -2.662009 0.777067
25.404800 7.995469 -1.776477 0.832222
25.451323 7.995469 -0.888780 0.910147
25.466835 7.995469 0.000000 0.950000
25.451323 7.995469 0.888780 0.910147
25.404800 7.995469 1.776477 0.832222
25.327326 7.995469 2.662009 0.777067
25.390945 9.025890 -2.668696 0.777067
25.468615 9.025890 -1.780939 0.832222
25.515253 9.025890 -0.891012 0.910147
25.530806 9.025890 0.000000 0.950000
25.515253 9.025890 0.891012 0.910147
25.468615 9.025890 1.780939 0.832222
25.390945 9.025890 2.668696 0.777067
25.362524 9.989079 -2.665709 0.777067
25.440105 9.989079 -1.778945 0.832222
25.486692 9.989079 -0.890015 0.910147
25.502228 9.989079 0.000000 0.950000
25.486692 9.989079 0.890015 0.910147
25.440105 9.989079 1.778945 0.832222
25.362524 9.989079 2.665709 0.777067
25.363043 11.004332 -2.665763 0.777067
25.440626 11.004332 -1.778982 0.832222
25.487213 11.004332 -0.890033 0.910147
25.502748 11.004332 0.000000 0.950000
25.487213 11.004332 0.890033 0.910147
25.440626 11.004332 1.778982 0.832222
25.363043 11.004332 2.665763 0.777067
25.348818 11.977654 -2.664268 0.777067
25.426357 11.977654 -1.777984 0.832222
25.472919 11.977654 -0.889534 0.910147
25.488445 11.977654 0.000000 0.950000
25.472919 11.977654 0.889534 0.910147
25.426357 11.977654 1.777984 0.832222
25.348818 11.977654 2.664268 0.777067
25.360071 13.009600 -2.665451 0.777067
25.437647 13.009600 -1.778773 0.832222
25.484228 13.009600 -0.889929 0.910147
25.499762 13.009600 0.000000 0.950000
25.484228 13.009600 0.889929 0.910147
25.437647 13.009600 1.778773 0.832222
25.360071 13.009600 2.665451 0.777067
25.357771 14.005753 -2.665209 0.777067
25.435339 14.005753 -1.778612 0.832222
25.481916 14.005753 -0.889848 0.910147
25.497448 14.005753 0.000000 0.950000
25.481916 14.005753 0.889848 0.910147
25.435339 14.005753 1.778612 0.832222
25.357771 14.005753 2.665209 0.777067
25.349459 14.960340 -2.664335 0.777067
25.427000 14.960340 -1.778029 0.832222
25.473562 14.960340 -0.889556 0.910147
25.489090 14.960340 0.000000 0.950000
25.473562 14.960340 0.889556 0.910147
25.427000 14.960340 1.778029 0.832222
25.349459 14.960340 2.664335 0.777067
25.367016 15.975547 -2.666181 0.777067
25.444613 15.975547 -1.779261 0.832222
25.491207 15.975547 -0.890173 0.910147
25.506744 15.975547 0.000000 0.950000
25.491207 15.975547 0.890173 0.910147
25.444613 15.975547 1.779261 0.832222
25.367016 15.975547 2.666181 0.777067
25.335260 17.021727 -2.662843 0.777067
25.412758 17.021727 -1.777033 0.832222
25.459295 17.021727 -0.889058 0.910147
25.474813 17.021727 0.000000 0.950000
25.459295 17.021727 0.889058 0.910147
25.412758 17.021727 1.777033 0.832222
25.335260 17.021727 2.662843 0.777067
25.401150 17.884047 -2.669768 0.777067
25.478849 17.884047 -1.781655 0.832222
25.525507 17.884047 -0.891370 0.910147
25.541065 17.884047 0.000000 0.950000
25.525507 17.884047 0.891370 0.910147
25.478849 17.884047 1.781655 0.832222
25.401150 17.884047 2.669768 0.777067
26.535692 -18.682838 -2.789014 0.777067
26.616863 -18.682838 -1.861232 0.832222
26.665604 -18.682838 -0.931183 0.910147
26.681858 -18.682838 0.000000 0.950000
26.665604 -18.682838 0.931183 0.910147
26.616863 -18.682838 1.861232 0.832222
26.535692 -18.682838 2.789014 0.777067
26.343924 -18.008686 -2.768858 0.777067
26.424507 -18.008686 -1.847781 0.832222
26.472897 -18.008686 -0.924454 0.910147
26.489033 -18.008686 0.000000 0.950000
26.472897 -18.008686 0.924454 0.910147
26.424507 -18.008686 1.847781 0.832222
26.343924 -18.008686 2.768858 0.777067
26.362331 -16.997946 -2.770793 0.777067
26.442972 -16.997946 -1.849073 0.832222
26.491394 -16.997946 -0.925100 0.910147
26.507542 -16.997946 0.000000 0.950000
26.491394 -16.997946 0.925100 0.910147
26.442972 -16.997946 1.849073 0.832222
26.362331 -16.997946 2.770793 0.777067
26.337732 -16.013300 -2.768207 0.777067
26.418297 -16.013300 -1.847347 0.832222
26.466675 -16.013300 -0.924237 0.910147
26.482807 -16.013300 0.000000 0.950000
26.466675 -16.013300 0.924237 0.910147
26.418297 -16.013300 1.847347 0.832222
26.337732 -16.013300 2.768207 0.777067
26.380985 -15.020083 -2.772753 0.777067
26.461683 -15.020083 -1.850381 0.832222
26.510139 -15.020083 -0.925754 0.910147
26.526299 -15.020083 0.000000 0.950000
26.510139 -15.020083 0.925754 0.910147
26.461683 -15.020083 1.850381 0.832222
26.380985 -15.020083 2.772753 0.777067
26.316729 -14.010742 -2.766000 0.777067
26.397228 -14.010742 -1.845874 0.832222
26.445568 -14.010742 -0.923500 0.910147
26.461687 -14.010742 0.000000 0.950000
26.445568 -14.010742 0.923500 0.910147
26.397228 -14.010742 1.845874 0.832222
26.316729 -14.010742 2.766000 0.777067
26.380106 -13.034874 -2.772661 0.777067
26.460800 -13.034874 -1.850319 0.832222
26.509254 -13.034874 -0.925724 0.910147
26.525414 -13.034874 0.000000 0.950000
26.509254 -13.034874 0.925724 0.910147
26.460800 -13.034874 1.850319 0.832222
26.380106 -13.034874 2.772661 0.777067
26.364149 -11.980581 -2.770984 0.777067
26.444794 -11.980581 -1.849200 0.832222
26.493221 -11.980581 -0.925164 0.910147
26.509369 -11.980581 0.000000 0.950000
26.493221 -11.980581 0.925164 0.910147
26.444794 -11.980581 1.849200 0.832222
26.364149 -11.980581 2.770984 0.777067
26.373821 -10.984569 -2.772000 0.777067
26.454496 -10.984569 -1.849878 0.832222
26.502939 -10.984569 -0.925503 0.910147
26.519094 -10.984569 0.000000 0.950000
26.502939 -10.984569 0.925503 0.910147
26.454496 -10.984569 1.849878 0.832222
26.373821 -10.984569 2.772000 0.777067
26.344061 -10.009423 -2.768872 0.777067
26.424644 -10.009423 -1.847791 0.832222
26.473034 -10.009423 -0.924459 0.910147
26.489170 -10.009423 0.000000 0.950000
26.473034 -10.009423 0.924459 0.910147
26.424644 -10.009423 1.847791 0.832222
26.344061 -10.009423 2.768872 0.777067
26.369825 -9.021305 -2.771580 0.777067
26.450489 -9.021305 -1.849598 0.832222
26.498926 -9.021305 -0.925363 0.910147
26.515078 -9.021305 0.000000 0.950000
26.498926 -9.021305 0.925363 0.910147
26.450489 -9.021305 1.849598 0.832222
26.369825 -9.021305 2.771580 0.777067
26.376377 -7.987164 -2.772269 0.777067
26.457062 -7.987164 -1.850058 0.832222
26.505510 -7.987164 -0.925593 0.910147
26.521666 -7.987164 0.000000 0.950000
26.505510 -7.987164 0.925593 0.910147
26.457062 -7.987164 1.850058 0.832222
26.376377 -7.987164 2.772269 0.777067
26.339907 -6.977859 -2.768436 0.777067
26.420477 -6.977859 -1.847500 0.832222
26.468859 -6.977859 -0.924313 0.910147
26.484993 -6.977859 0.000000 0.950000
26.468859 -6.977859 0.924313 0.910147
26.420477 -6.977859 1.847500 0.832222
26.339907 -6.977859 2.768436 0.777067
26.339872 -6.002654 -2.768432 0.777067
26.420443 -6.002654 -1.847497 0.832222
26.468824 -6.002654 -0.924312 0.910147
26.484959 -6.002654 0.000000 0.950000
26.468824 -6.002654 0.924312 0.910147
26.420443 -6.002654 1.847497 0.832222
26.339872 -6.002654 2.768432 0.777067
26.389706 -4.999465 -2.773670 0.777067
26.470428 -4.999465 -1.850993 0.832222
26.518902 -4.999465 -0.926060 0.910147
26.535067 -4.999465 0.000000 0.950000
26.518902 -4.999465 0.926060 0.910147
26.470428 -4.999465 1.850993 0.832222
26.389706 -4.999465 2.773670 0.777067
26.325226 -3.993795 -2.766893 0.777067
26.405752 -3.993795 -1.846470 0.832222
26.454107 -3.993795 -0.923798 0.910147
26.470232 -3.993795 0.000000 0.950000
26.454107 -3.993795 0.923798 0.910147
26.405752 -3.993795 1.846470 0.832222
26.325226 -3.993795 2.766893 0.777067
26.375591 -3.021672 -2.772186 0.777067
26.456272 -3.021672 -1.850003 0.832222
26.504719 -3.021672 -0.925565 0.910147
26.520874 -3.021672 0.000000 0.950000
26.504719 -3.021672 0.925565 0.910147
26.456272 -3.021672 1.850003 0.832222
26.375591 -3.021672 2.772186 0.777067
26.317705 -1.994383 -2.766102 0.777067
26.398209 -1.994383 -1.845942 0.832222
26.446548 -1.994383 -0.923534 0.910147
26.462669 -1.994383 0.000000 0.950000
26.446548 -1.994383 0.923534 0.910147
26.398209 -1.994383 1.845942 0.832222
26.317705 -1.994383 2.766102 0.777067
26.374277 -0.981697 -2.772048 0.777067
26.454954 -0.981697 -1.849910 0.832222
26.503399 -0.981697 -0.925519 0.910147
26.519554 -0.981697 0.000000 0.950000
26.503399 -0.981697 0.925519 0.910147
26.454954 -0.981697 1.849910 0.832222
26.374277 -0.981697 2.772048 0.777067
26.392326 -0.027790 -2.773945 0.777067
26.473059 -0.027790 -1.851177 0.832222
26.521538 -0.027790 -0.926152 0.910147
26.537703 -0.027790 0.000000 0.950000
26.521538 -0.027790 0.926152 0.910147
26.473059 -0.027790 1.851177 0.832222
26.392326 -0.027790 2.773945 0.777067
26.374277 0.981697 -2.772048 0.777067
26.454954 0.981697 -1.849910 0.832222
26.503399 0.981697 -0.925519 0.910147
26.519554 0.981697 0.000000 0.950000
26.503399 0.981697 0.925519 0.910147
26.454954 0.981697 1.849910 0.832222
26.374277 0.981697 2.772048 0.777067
26.317705 1.994383 -2.766102 0.777067
26.398209 1.994383 -1.845942 0.832222
26.446548 1.994383 -0.923534 0.910147
26.462669 1.994383 0.000000 0.950000
26.446548 1.994383 0.923534 0.910147
26.398209 1.994383 1.845942 0.832222
26.317705 1.994383 2.766102 0.777067
26.375591 3.021672 -2.772186 0.777067
26.456272 3.021672 -1.850003 0.832222
26.504719 3.021672 -0.925565 0.910147
26.520874 3.021672 0.000000 0.950000
26.504719 3.021672 0.925565 0.910147
26.456272 3.021672 1.850003 0.832222
26.375591 3.021672 2.772186 0.777067
26.325226 3.993795 -2.766893 0.777067
26.405752 3.993795 -1.846470 0.832222
26.454107 3.993795 -0.923798 0.910147
26.470232 3.993795 0.000000 0.950000
26.454107 3.993795 0.923798 0.910147
26.405752 3.993795 1.846470 0.832222
26.325226 3.993795 2.766893 0.777067
26.389706 4.999465 -2.773670 0.777067
26.470428 4.999465 -1.850993 0.832222
26.518902 4.999465 -0.926060 0.910147
26.535067 4.999465 0.000000 0.950000
26.518902 4.999465 0.926060 0.910147
26.470428 4.999465 1.850993 0.832222
26.389706 4.999465 2.773670 0.777067
26.339872 6.002654 -2.768432 0.777067
26.420443 6.002654 -1.847497 0.832222
26.468824 6.002654 -0.924312 0.910147
26.484959 6.002654 0.000000 0.950000
26.468824 6.002654 0.924312 0.910147
26.420443 6.002654 1.847497 0.832222
26.339872 6.002654 2.768432 0.777067
26.339907 6.977859 -2.768436 0.777067
26.420477 6.977859 -1.847500 0.832222
26.468859 6.977859 -0.924313 0.910147
26.484993 6.977859 0.000000 0.950000
26.468859 6.977859 0.924313 0.910147
26.420477 6.977859 1.847500 0.832222
26.339907 6.977859 2.768436 0.777067
26.376377 7.987164 -2.772269 0.777067
26.457062 7.987164 -1.850058 0.832222
26.505510 7.987164 -0.925593 0.910147
26.521666 7.987164 0.000000 0.950000
26.505510 7.987164 0.925593 0.910147
26.457062 7.987164 1.850058 0.832222
26.376377 7.987164 2.772269 0.777067
26.369825 9.021305 -2.771580 0.777067
26.450489 9.021305 -1.849598 0.832222
26.498926 9.021305 -0.925363 0.910147
26.515078 9.021305 0.000000 0.950000
26.498926 9.021305 0.925363 0.910147
26.450489 9.021305 1.849598 0.832222
26.369825 9.021305 2.771580 0.777067
26.344061 10.009423 -2.768872 0.777067
26.424644 10.009423 -1.847791 0.832222
26.473034 10.009423 -0.924459 0.910147
26.489170 10.009423 0.000000 0.950000
26.473034 10.009423 0.924459 0.910147
26.424644 10.009423 1.847791 0.832222
26.344061 10.009423 2.768872 0.777067
26.373821 10.984569 -2.772000 0.777067
26.454496 10.984569 -1.849878 0.832222
26.502939 10.984569 -0.925503 0.910147
26.519094 10.984569 0.000000 0.950000
26.502939 10.984569 0.925503 0.910147
26.454496 10.984569 1.849878 0.832222
26.373821 10.984569 2.772000 0.777067
26.364149 11.980581 -2.770984 0.777067
26.444794 11.980581 -1.849200 0.832222
26.493221 11.980581 -0.925164 0.910147
26.509369 11.980581 0.000000 0.950000
26.493221 11.980581 0.925164 0.910147
26.444794 11.980581 1.849200 0.832222
26.364149 11.980581 2.770984 0.777067
26.380106 13.034874 -2.772661 0.777067
26.460800 13.034874 -1.850319 0.832222
26.509254 13.034874 -0.925724 0.910147
26.525414 13.034874 0.000000 0.950000
26.509254 13.034874 0.925724 0.910147
26.460800 13.034874 1.850319 0.832222
26.380106 13.034874 2.772661 0.777067
26.316729 14.010742 -2.766000 0.777067
26.397228 14.010742 -1.845874 0.832222
26.445568 14.010742 -0.923500 0.910147
26.461687 14.010742 0.000000 0.950000
26.445568 14.010742 0.923500 0.910147
26.397228 14.010742 1.845874 0.832222
26.316729 14.010742 2.766000 0.777067
26.380985 15.020083 -2.772753 0.777067
26.461683 15.020083 -1.850381 0.832222
26.510139 15.020083 -0.925754 0.910147
26.526299 15.020083 0.000000 0.950000
26.510139 15.020083 0.925754 0.910147
26.461683 15.020083 1.850381 0.832222
26.380985 15.020083 2.772753 0.777067
26.337732 16.013300 -2.768207 0.777067
26.418297 16.013300 -1.847347 0.832222
26.466675 16.013300 -0.924237 0.910147
26.482807 16.013300 0.000000 0.950000
26.466675 16.013300 0.924237 0.910147
26.418297 16.013300 1.847347 0.832222
26.337732 16.013300 2.768207 0.777067
26.362331 16.997946 -2.770793 0.777067
26.442972 16.997946 -1.849073 0.832222
26.491394 16.997946 -0.925100 0.910147
26.507542 16.997946 0.000000 0.950000
26.491394 16.997946 0.925100 0.910147
26.442972 16.997946 1.849073 0.832222
26.362331 16.997946 2.770793 0.777067
26.343924 18.008686 -2.768858 0.777067
26.424507 18.008686 -1.847781 0.832222
26.472897 18.008686 -0.924454 0.910147
26.489033 18.008686 0.000000 0.950000
26.472897 18.008686 0.924454 0.910147
26.424507 18.008686 1.847781 0.832222
26.343924 18.008686 2.768858 0.777067
26.535692 18.682838 -2.789014 0.777067
26.616863 18.682838 -1.861232 0.832222
26.665604 18.682838 -0.931183 0.910147
26.681858 18.682838 0.000000 0.950000
26.665604 18.682838 0.931183 0.910147
26.616863 18.682838 1.861232 0.832222
26.535692 18.682838 2.789014 0.777067
27.335083 -19.017776 -2.873033 0.777067
27.418697 -19.017776 -1.917302 0.832222
27.468908 -19.017776 -0.959235 0.910147
27.485651 -19.017776 0.000000 0.950000
27.468908 -19.017776 0.959235 0.910147
27.418697 -19.017776 1.917302 0.832222
27.335083 -19.017776 2.873033 0.777067
27.385624 -17.971352 -2.878345 0.777067
27.469393 -17.971352 -1.920847 0.832222
27.519697 -17.971352 -0.961009 0.910147
27.536470 -17.971352 0.000000 0.950000
27.519697 -17.971352 0.961009 0.910147
27.469393 -17.971352 1.920847 0.832222
27.385624 -17.971352 2.878345 0.777067
27.347147 -17.022781 -2.874301 0.777067
27.430799 -17.022781 -1.918148 0.832222
27.481031 -17.022781 -0.959659 0.910147
27.497782 -17.022781 0.000000 0.950000
27.481031 -17.022781 0.959659 0.910147
27.430799 -17.022781 1.918148 0.832222
27.347147 -17.022781 2.874301 0.777067
27.315708 -16.024221 -2.870996 0.777067
27.399263 -16.024221 -1.915943 0.832222
27.449438 -16.024221 -0.958555 0.910147
27.466169 -16.024221 0.000000 0.950000
27.449438 -16.024221 0.958555 0.910147
27.399263 -16.024221 1.915943 0.832222
27.315708 -16.024221 2.870996 0.777067
27.352743 -15.014031 -2.874889 0.777067
27.436413 -15.014031 -1.918541 0.832222
27.486654 -15.014031 -0.959855 0.910147
27.503408 -15.014031 0.000000 0.950000
27.486654 -15.014031 0.959855 0.910147
27.436413 -15.014031 1.918541 0.832222
27.352743 -15.014031 2.874889 0.777067
27.347754 -14.029271 -2.874365 0.777067
27.431408 -14.029271 -1.918191 0.832222
27.481642 -14.029271 -0.959680 0.910147
27.498392 -14.029271 0.000000 0.950000
27.481642 -14.029271 0.959680 0.910147
27.431408 -14.029271 1.918191 0.832222
27.347754 -14.029271 2.874365 0.777067
27.336859 -12.999122 -2.873219 0.777067
27.420479 -12.999122 -1.917427 0.832222
27.470692 -12.999122 -0.959298 0.910147
27.487436 -12.999122 0.000000 0.950000
27.470692 -12.999122 0.959298 0.910147
27.420479 -12.999122 1.917427 0.832222
27.336859 -12.999122 2.873219 0.777067
27.353739 -12.027816 -2.874994 0.777067
27.437410 -12.027816 -1.918611 0.832222
27.487656 -12.027816 -0.959890 0.910147
27.504410 -12.027816 0.000000 0.950000
27.487656 -12.027816 0.959890 0.910147
27.437410 -12.027816 1.918611 0.832222
27.353739 -12.027816 2.874994 0.777067
27.360722 -11.009357 -2.875728 0.777067
27.444414 -11.009357 -1.919100 0.832222
27.494673 -11.009357 -0.960135 0.910147
27.511431 -11.009357 0.000000 0.950000
27.494673 -11.009357 0.960135 0.910147
27.444414 -11.009357 1.919100 0.832222
27.360722 -11.009357 2.875728 0.777067
27.327896 -10.012193 -2.872278 0.777067
27.411491 -10.012193 -1.916798 0.832222
27.461687 -10.012193 -0.958983 0.910147
27.478426 -10.012193 0.000000 0.950000
27.461687 -10.012193 0.958983 0.910147
27.411491 -10.012193 1.916798 0.832222
27.327896 -10.012193 2.872278 0.777067
27.352055 -8.994586 -2.874817 0.777067
27.435722 -8.994586 -1.918492 0.832222
27.485962 -8.994586 -0.959831 0.910147
27.502716 -8.994586 0.000000 0.950000
27.485962 -8.994586 0.959831 0.910147
27.435722 -8.994586 1.918492 0.832222
27.352055 -8.994586 2.874817 0.777067
27.336664 -7.996188 -2.873199 0.777067
27.420284 -7.996188 -1.917413 0.832222
27.470497 -7.996188 -0.959291 0.910147
27.487242 -7.996188 0.000000 0.950000
27.470497 -7.996188 0.959291 0.910147
27.420284 -7.996188 1.917413 0.832222
27.336664 -7.996188 2.873199 0.777067
27.372570 -6.979814 -2.876973 0.777067
27.456301 -6.979814 -1.919932 0.832222
27.506580 -6.979814 -0.960551 0.910147
27.523346 -6.979814 0.000000 0.950000
27.506580 -6.979814 0.960551 0.910147
27.456301 -6.979814 1.919932 0.832222
27.372570 -6.979814 2.876973 0.777067
27.357979 -6.033076 -2.875439 0.777067
27.441664 -6.033076 -1.918908 0.832222
27.491915 -6.033076 -0.960039 0.910147
27.508673 -6.033076 0.000000 0.950000
27.491915 -6.033076 0.960039 0.910147
27.441664 -6.033076 1.918908 0.832222
27.357979 -6.033076 2.875439 0.777067
27.331463 -4.984419 -2.872653 0.777067
27.415068 -4.984419 -1.917048 0.832222
27.465271 -4.984419 -0.959108 0.910147
27.482012 -4.984419 0.000000 0.950000
27.465271 -4.984419 0.959108 0.910147
27.415068 -4.984419 1.917048 0.832222
27.331463 -4.984419 2.872653 0.777067
27.332743 -4.019178 -2.872787 0.777067
27.416351 -4.019178 -1.917138 0.832222
27.466558 -4.019178 -0.959153 0.910147
27.483299 -4.019178 0.000000 0.950000
27.466558 -4.019178 0.959153 0.910147
27.416351 -4.019178 1.917138 0.832222
27.332743 -4.019178 2.872787 0.777067
27.382799 -3.015423 -2.878048 0.777067
27.466560 -3.015423 -1.920649 0.832222
27.516857 -3.015423 -0.960910 0.910147
27.533630 -3.015423 0.000000 0.950000
27.516857 -3.015423 0.960910 0.910147
27.466560 -3.015423 1.920649 0.832222
27.382799 -3.015423 2.878048 0.777067
27.319771 -2.007649 -2.871423 0.777067
27.403339 -2.007649 -1.916228 0.832222
27.453522 -2.007649 -0.958698 0.910147
27.470255 -2.007649 0.000000 0.950000
27.453522 -2.007649 0.958698 0.910147
27.403339 -2.007649 1.916228 0.832222
27.319771 -2.007649 2.871423 0.777067
27.373886 -1.018905 -2.877111 0.777067
27.457621 -1.018905 -1.920024 0.832222
27.507900 -1.018905 -0.960597 0.910147
27.524668 -1.018905 0.000000 0.950000
27.507900 -1.018905 0.960597 0.910147
27.457621 -1.018905 1.920024 0.832222
27.373886 -1.018905 2.877111 0.777067
27.315674 -0.028762 -2.870993 0.777067
27.399229 -0.028762 -1.915941 0.832222
27.449404 -0.028762 -0.958554 0.910147
27.466135 -0.028762 0.000000 0.950000
27.449404 -0.028762 0.958554 0.910147
27.399229 -0.028762 1.915941 0.832222
27.315674 -0.028762 2.870993 0.777067
27.373886 1.018905 -2.877111 0.777067
27.457621 1.018905 -1.920024 0.832222
27.507900 1.018905 -0.960597 0.910147
27.524668 1.018905 0.000000 0.950000
27.507900 1.018905 0.960597 0.910147
27.457621 1.018905 1.920024 0.832222
27.373886 1.018905 2.877111 0.777067
27.319771 2.007649 -2.871423 0.777067
27.403339 2.007649 -1.916228 0.832222
27.453522 2.007649 -0.958698 0.910147
27.470255 2.007649 0.000000 0.950000
27.453522 2.007649 0.958698 0.910147
27.403339 2.007649 1.916228 0.832222
27.319771 2.007649 2.871423 0.777067
27.382799 3.015423 -2.878048 0.777067
27.466560 3.015423 -1.920649 0.832222
27.516857 3.015423 -0.960910 0.910147
27.533630 3.015423 0.000000 0.950000
27.516857 3.015423 0.960910 0.910147
27.466560 3.015423 1.920649 0.832222
27.382799 3.015423 2.878048 0.777067
27.332743 4.019178 -2.872787 0.777067
27.416351 4.019178 -1.917138 0.832222
27.466558 4.019178 -0.959153 0.910147
27.483299 4.019178 0.000000 0.950000
27.466558 4.019178 0.959153 0.910147
27.416351 4.019178 1.917138 0.832222
27.332743 4.019178 2.872787 0.777067
27.331463 4.984419 -2.872653 0.777067
27.415068 4.984419 -1.917048 0.832222
27.465271 4.984419 -0.959108 0.910147
27.482012 4.984419 0.000000 0.950000
27.465271 4.984419 0.959108 0.910147
27.415068 4.984419 1.917048 0.832222
27.331463 4.984419 2.872653 0.777067
27.357979 6.033076 -2.875439 0.777067
27.441664 6.033076 -1.918908 0.832222
27.491915 6.033076 -0.960039 0.910147
27.508673 6.033076 0.000000 0.950000
27.491915 6.033076 0.960039 0.910147
27.441664 6.033076 1.918908 0.832222
27.357979 6.033076 2.875439 0.777067
27.372570 6.979814 -2.876973 0.777067
27.456301 6.979814 -1.919932 0.832222
27.506580 6.979814 -0.960551 0.910147
27.523346 6.979814 0.000000 0.950000
27.506580 6.979814 0.960551 0.910147
27.456301 6.979814 1.919932 0.832222
27.372570 6.979814 2.876973 0.777067
27.336664 7.996188 -2.873199 0.777067
27.420284 7.996188 -1.917413 0.832222
27.470497 7.996188 -0.959291 0.910147
27.487242 7.996188 0.000000 0.950000
27.470497 7.996188 0.959291 0.910147
27.420284 7.996188 1.917413 0.832222
27.336664 7.996188 2.873199 0.777067
27.352055 8.994586 -2.874817 0.777067
27.435722 8.994586 -1.918492 0.832222
27.485962 8.994586 -0.959831 0.910147
27.502716 8.994586 0.000000 0.950000
27.485962 8.994586 0.959831 0.910147
27.435722 8.994586 1.918492 0.832222
27.352055 8.994586 2.874817 0.777067
27.327896 10.012193 -2.872278 0.777067
27.411491 10.012193 -1.916798 0.832222
27.461687 10.012193 -0.958983 0.910147
27.478426 10.012193 0.000000 0.950000
27.461687 10.012193 0.958983 0.910147
27.411491 10.012193 1.916798 0.832222
27.327896 10.012193 2.872278 0.777067
27.360722 11.009357 -2.875728 0.777067
27.444414 11.009357 -1.919100 0.832222
27.494673 11.009357 -0.960135 0.910147
27.511431 11.009357 0.000000 0.950000
27.494673 11.009357 0.960135 0.910147
27.444414 11.009357 1.919100 0.832222
27.360722 11.009357 2.875728 0.777067
27.353739 12.027816 -2.874994 0.777067
27.437410 12.027816 -1.918611 0.832222
27.487656 12.027816 -0.959890 0.910147
27.504410 12.027816 0.000000 0.950000
27.487656 12.027816 0.959890 0.910147
27.437410 12.027816 1.918611 0.832222
27.353739 12.027816 2.874994 0.777067
27.336859 12.999122 -2.873219 0.777067
27.420479 12.999122 -1.917427 0.832222
27.470692 12.999122 -0.959298 0.910147
27.487436 12.999122 0.000000 0.950000
27.470692 12.999122 0.959298 0.910147
27.420479 12.999122 1.917427 0.832222
27.336859 12.999122 2.873219 0.777067
27.347754 14.029271 -2.874365 0.777067
27.431408 14.029271 -1.918191 0.832222
27.481642 14.029271 -0.959680 0.910147
27.498392 14.029271 0.000000 0.950000
27.481642 14.029271 0.959680 0.910147
27.431408 14.029271 1.918191 0.832222
27.347754 14.029271 2.874365 0.777067
27.352743 15.014031 -2.874889 0.777067
27.436413 15.014031 -1.918541 0.832222
27.486654 15.014031 -0.959855 0.910147
27.503408 15.014031 0.000000 0.950000
27.486654 15.014031 0.959855 0.910147
27.436413 15.014031 1.918541 0.832222
27.352743 15.014031 2.874889 0.777067
27.315708 16.024221 -2.870996 0.777067
27.399263 16.024221 -1.915943 0.832222
27.449438 16.024221 -0.958555 0.910147
27.466169 16.024221 0.000000 0.950000
27.449438 16.024221 0.958555 0.910147
27.399263 16.024221 1.915943 0.832222
27.315708 16.024221 2.870996 0.777067
27.347147 17.022781 -2.874301 0.777067
27.430799 17.022781 -1.918148 0.832222
27.481031 17.022781 -0.959659 0.910147
27.497782 17.022781 0.000000 0.950000
27.481031 17.022781 0.959659 0.910147
27.430799 17.022781 1.918148 0.832222
27.347147 17.022781 2.874301 0.777067
27.385624 17.971352 -2.878345 0.777067
27.469393 17.971352 -1.920847 0.832222
27.519697 17.971352 -0.961009 0.910147
27.536470 17.971352 0.000000 0.950000
27.519697 17.971352 0.961009 0.910147
27.469393 17.971352 1.920847 0.832222
27.385624 17.971352 2.878345 0.777067
27.335083 19.017776 -2.873033 0.777067
27.418697 19.017776 -1.917302 0.832222
27.468908 19.017776 -0.959235 0.910147
27.485651 19.017776 0.000000 0.950000
27.468908 19.017776 0.959235 0.910147
27.418697 19.017776 1.917302 0.832222
27.335083 19.017776 2.873033 0.777067
28.363565 -19.969780 -2.981131 0.777067
28.450329 -19.969780 -1.989441 0.832222
28.502426 -19.969780 -0.995327 0.910147
28.519800 -19.969780 0.000000 0.950000
28.502426 -19.969780 0.995327 0.910147
28.450329 -19.969780 1.989441 0.832222
28.363565 -19.969780 2.981131 0.777067
28.342222 -19.041981 -2.978888 0.777067
28.428919 -19.041981 -1.987944 0.832222
28.480978 -19.041981 -0.994578 0.910147
28.498339 -19.041981 0.000000 0.950000
28.480978 -19.041981 0.994578 0.910147
28.428919 -19.041981 1.987944 0.832222
28.342222 -19.041981 2.978888 0.777067
28.385206 -17.980537 -2.983405 0.777067
28.472034 -17.980537 -1.990958 0.832222
28.524174 -17.980537 -0.996086 0.910147
28.541559 -17.980537 0.000000 0.950000
28.524174 -17.980537 0.996086 0.910147
28.472034 -17.980537 1.990958 0.832222
28.385206 -17.980537 2.983405 0.777067
28.336262 -17.025312 -2.978261 0.777067
28.422941 -17.025312 -1.987525 0.832222
28.474989 -17.025312 -0.994368 0.910147
28.492346 -17.025312 0.000000 0.950000
28.474989 -17.025312 0.994368 0.910147
28.422941 -17.025312 1.987525 0.832222
28.336262 -17.025312 2.978261 0.777067
28.297565 -16.013063 -2.974194 0.777067
28.384125 -16.013063 -1.984811 0.832222
28.436104 -16.013063 -0.993011 0.910147
28.453436 -16.013063 0.000000 0.950000
28.436104 -16.013063 0.993011 0.910147
28.384125 -16.013063 1.984811 0.832222
28.297565 -16.013063 2.974194 0.777067
28.325296 -14.991095 -2.977108 0.777067
28.411942 -14.991095 -1.986756 0.832222
28.463970 -14.991095 -0.993984 0.910147
28.481319 -14.991095 0.000000 0.950000
28.463970 -14.991095 0.993984 0.910147
28.411942 -14.991095 1.986756 0.832222
28.325296 -14.991095 2.977108 0.777067
28.313725 -13.990310 -2.975892 0.777067
28.400335 -13.990310 -1.985945 0.832222
28.452341 -13.990310 -0.993578 0.910147
28.469685 -13.990310 0.000000 0.950000
28.452341 -13.990310 0.993578 0.910147
28.400335 -13.990310 1.985945 0.832222
28.313725 -13.990310 2.975892 0.777067
28.366110 -12.974347 -2.981398 0.777067
28.452879 -12.974347 -1.989619 0.832222
28.504984 -12.974347 -0.995416 0.910147
28.522358 -12.974347 0.000000 0.950000
28.504984 -12.974347 0.995416 0.910147
28.452879 -12.974347 1.989619 0.832222
28.366110 -12.974347 2.981398 0.777067
28.377487 -11.982786 -2.982594 0.777067
28.464293 -11.982786 -1.990417 0.832222
28.516417 -11.982786 -0.995815 0.910147
28.533798 -11.982786 0.000000 0.950000
28.516417 -11.982786 0.995815 0.910147
28.464293 -11.982786 1.990417 0.832222
28.377487 -11.982786 2.982594 0.777067
28.353827 -11.006813 -2.980107 0.777067
28.440557 -11.006813 -1.988757 0.832222
28.492640 -11.006813 -0.994985 0.910147
28.510006 -11.006813 0.000000 0.950000
28.492640 -11.006813 0.994985 0.910147
28.440557 -11.006813 1.988757 0.832222
28.353827 -11.006813 2.980107 0.777067
28.317123 -9.987878 -2.976249 0.777067
28.403742 -9.987878 -1.986183 0.832222
28.455755 -9.987878 -0.993697 0.910147
28.473101 -9.987878 0.000000 0.950000
28.455755 -9.987878 0.993697 0.910147
28.403742 -9.987878 1.986183 0.832222
28.317123 -9.987878 2.976249 0.777067
28.315418 -9.015250 -2.976070 0.777067
28.402031 -9.015250 -1.986063 0.832222
28.454042 -9.015250 -0.993637 0.910147
28.471386 -9.015250 0.000000 0.950000
28.454042 -9.015250 0.993637 0.910147
28.402031 -9.015250 1.986063 0.832222
28.315418 -9.015250 2.976070 0.777067
28.372078 -8.013587 -2.982025 0.777067
28.458866 -8.013587 -1.990038 0.832222
28.510981 -8.013587 -0.995625 0.910147
28.528358 -8.013587 0.000000 0.950000
28.510981 -8.013587 0.995625 0.910147
28.458866 -8.013587 1.990038 0.832222
28.372078 -8.013587 2.982025 0.777067
28.316944 -7.009430 -2.976231 0.777067
28.403564 -7.009430 -1.986171 0.832222
28.455576 -7.009430 -0.993691 0.910147
28.472921 -7.009430 0.000000 0.950000
28.455576 -7.009430 0.993691 0.910147
28.403564 -7.009430 1.986171 0.832222
28.316944 -7.009430 2.976231 0.777067
28.314974 -5.973824 -2.976024 0.777067
28.401587 -5.973824 -1.986032 0.832222
28.453596 -5.973824 -0.993621 0.910147
28.470940 -5.973824 0.000000 0.950000
28.453596 -5.973824 0.993621 0.910147
28.401587 -5.973824 1.986032 0.832222
28.314974 -5.973824 2.976024 0.777067
28.339586 -5.029687 -2.978611 0.777067
28.426273 -5.029687 -1.987759 0.832222
28.478329 -5.029687 -0.994485 0.910147
28.495687 -5.029687 0.000000 0.950000
28.478329 -5.029687 0.994485 0.910147
28.426273 -5.029687 1.987759 0.832222
28.339586 -5.029687 2.978611 0.777067
28.350046 -3.970777 -2.979710 0.777067
28.436766 -3.970777 -1.988492 0.832222
28.488840 -3.970777 -0.994852 0.910147
28.506205 -3.970777 0.000000 0.950000
28.488840 -3.970777 0.994852 0.910147
28.436766 -3.970777 1.988492 0.832222
28.350046 -3.970777 2.979710 0.777067
28.314430 -2.987335 -2.975967 0.777067
28.401043 -2.987335 -1.985994 0.832222
28.453051 -2.987335 -0.993602 0.910147
28.470394 -2.987335 0.000000 0.950000
28.453051 -2.987335 0.993602 0.910147
28.401043 -2.987335 1.985994 0.832222
28.314430 -2.987335 2.975967 0.777067
28.322023 -2.016353 -2.976765 0.777067
28.408659 -2.016353 -1.986527 0.832222
28.460682 -2.016353 -0.993869 0.910147
28.478029 -2.016353 0.000000 0.950000
28.460682 -2.016353 0.993869 0.910147
28.408659 -2.016353 1.986527 0.832222
28.322023 -2.016353 2.976765 0.777067
28.375803 -0.991377 -2.982417 0.777067
28.462603 -0.991377 -1.990299 0.832222
28.514725 -0.991377 -0.995756 0.910147
28.532104 -0.991377 0.000000 0.950000
28.514725 -0.991377 0.995756 0.910147
28.462603 -0.991377 1.990299 0.832222
28.375803 -0.991377 2.982417 0.777067
28.315966 -0.029816 -2.976128 0.777067
28.402582 -0.029816 -1.986102 0.832222
28.454594 -0.029816 -0.993656 0.910147
28.471937 -0.029816 0.000000 0.950000
28.454594 -0.029816 0.993656 0.910147
28.402582 -0.029816 1.986102 0.832222
28.315966 -0.029816 2.976128 0.777067
28.375803 0.991377 -2.982417 0.777067
28.462603 0.991377 -1.990299 0.832222
28.514725 0.991377 -0.995756 0.910147
28.532104 0.991377 0.000000 0.950000
28.514725 0.991377 0.995756 0.910147
28.462603 0.991377 1.990299 0.832222
28.375803 0.991377 2.982417 0.777067
28.322023 2.016353 -2.976765 0.777067
28.408659 2.016353 -1.986527 0.832222
28.460682 2.016353 -0.993869 0.910147
28.478029 2.016353 0.000000 0.950000
28.460682 2.016353 0.993869 0.910147
28.408659 2.016353 1.986527 0.832222
28.322023 2.016353 2.976765 0.777067
28.314430 2.987335 -2.975967 0.777067
28.401043 2.987335 -1.985994 0.832222
28.453051 2.987335 -0.993602 0.910147
28.470394 2.987335 0.000000 0.950000
28.453051 2.987335 0.993602 0.910147
28.401043 2.987335 1.985994 0.832222
28.314430 2.987335 2.975967 0.777067
28.350046 3.970777 -2.979710 0.777067
28.436766 3.970777 -1.988492 0.832222
28.488840 3.970777 -0.994852 0.910147
28.506205 3.970777 0.000000 0.950000
28.488840 3.970777 0.994852 0.910147
28.436766 3.970777 1.988492 0.832222
28.350046 3.970777 2.979710 0.777067
28.339586 5.029687 -2.978611 0.777067
28.426273 5.029687 -1.987759 0.832222
28.478329 5.029687 -0.994485 0.910147
28.495687 5.029687 0.000000 0.950000
28.478329 5.029687 0.994485 0.910147
28.426273 5.029687 1.987759 0.832222
28.339586 5.029687 2.978611 0.777067
28.314974 5.973824 -2.976024 0.777067
28.401587 5.973824 -1.986032 0.832222
28.453596 5.973824 -0.993621 0.910147
28.470940 5.973824 0.000000 0.950000
28.453596 5.973824 0.993621 0.910147
28.401587 5.973824 1.986032 0.832222
28.314974 5.973824 2.976024 0.777067
28.316944 7.009430 -2.976231 0.777067
28.403564 7.009430 -1.986171 0.832222
28.455576 7.009430 -0.993691 0.910147
28.472921 7.009430 0.000000 0.950000
28.455576 7.009430 0.993691 0.910147
28.403564 7.009430 1.986171 0.832222
28.316944 7.009430 2.976231 0.777067
28.372078 8.013587 -2.982025 0.777067
28.458866 8.013587 -1.990038 0.832222
28.510981 8.013587 -0.995625 0.910147
28.528358 8.013587 0.000000 0.950000
28.510981 8.013587 0.995625 0.910147
28.458866 8.013587 1.990038 0.832222
28.372078 8.013587 2.982025 0.777067
28.315418 9.015250 -2.976070 0.777067
28.402031 9.015250 -1.986063 0.832222
28.454042 9.015250 -0.993637 0.910147
28.471386 9.015250 0.000000 0.950000
28.454042 9.015250 0.993637 0.910147
28.402031 9.015250 1.986063 0.832222
28.315418 9.015250 2.976070 0.777067
28.317123 9.987878 -2.976249 0.777067
28.403742 9.987878 -1.986183 0.832222
28.455755 9.987878 -0.993697 0.910147
28.473101 9.987878 0.000000 0.950000
28.455755 9.987878 0.993697 0.910147
28.403742 9.987878 1.986183 0.832222
28.317123 9.987878 2.976249 0.777067
28.353827 11.006813 -2.980107 0.777067
28.440557 11.006813 -1.988757 0.832222
28.492640 11.006813 -0.994985 0.910147
28.510006 11.006813 0.000000 0.950000
28.492640 11.006813 0.994985 0.910147
28.440557 11.006813 1.988757 0.832222
28.353827 11.006813 2.980107 0.777067
28.377487 11.982786 -2.982594 0.777067
28.464293 11.982786 -1.990417 0.832222
28.516417 11.982786 -0.995815 0.910147
28.533798 11.982786 0.000000 0.950000
28.516417 11.982786 0.995815 0.910147
28.464293 11.982786 1.990417 0.832222
28.377487 11.982786 2.982594 0.777067
28.366110 12.974347 -2.981398 0.777067
28.452879 12.974347 -1.989619 0.832222
28.504984 12.974347 -0.995416 0.910147
28.522358 12.974347 0.000000 0.950000
28.504984 12.974347 0.995416 0.910147
28.452879 12.974347 1.989619 0.832222
28.366110 12.974347 2.981398 0.777067
28.313725 13.990310 -2.975892 0.777067
28.400335 13.990310 -1.985945 0.832222
28.452341 13.990310 -0.993578 0.910147
28.469685 13.990310 0.000000 0.950000
28.452341 13.990310 0.993578 0.910147
28.400335 13.990310 1.985945 0.832222
28.313725 13.990310 2.975892 0.777067
28.325296 14.991095 -2.977108 0.777067
28.411942 14.991095 -1.986756 0.832222
28.463970 14.991095 -0.993984 0.910147
28.481319 14.991095 0.000000 0.950000
28.463970 14.991095 0.993984 0.910147
28.411942 14.991095 1.986756 0.832222
28.325296 14.991095 2.977108 0.777067
28.297565 16.013063 -2.974194 0.777067
28.384125 16.013063 -1.984811 0.832222
28.436104 16.013063 -0.993011 0.910147
28.453436 16.013063 0.000000 0.950000
28.436104 16.013063 0.993011 0.910147
28.384125 16.013063 1.984811 0.832222
28.297565 16.013063 2.974194 0.777067
28.336262 17.025312 -2.978261 0.777067
28.422941 17.025312 -1.987525 0.832222
28.474989 17.025312 -0.994368 0.910147
28.492346 17.025312 0.000000 0.950000
28.474989 17.025312 0.994368 0.910147
28.422941 17.025312 1.987525 0.832222
28.336262 17.025312 2.978261 0.777067
28.385206 17.980537 -2.983405 0.777067
28.472034 17.980537 -1.990958 0.832222
28.524174 17.980537 -0.996086 0.910147
28.541559 17.980537 0.000000 0.950000
28.524174 17.980537 0.996086 0.910147
28.472034 17.980537 1.990958 0.832222
28.385206 17.980537 2.983405 0.777067
28.342222 19.041981 -2.978888 0.777067
28.428919 19.041981 -1.987944 0.832222
28.480978 19.041981 -0.994578 0.910147
28.498339 19.041981 0.000000 0.950000
28.480978 19.041981 0.994578 0.910147
28.428919 19.041981 1.987944 0.832222
28.342222 19.041981 2.978888 0.777067
28.363565 19.969780 -2.981131 0.777067
28.450329 19.969780 -1.989441 0.832222
28.502426 19.969780 -0.995327 0.910147
28.519800 19.969780 0.000000 0.950000
28.502426 19.969780 0.995327 0.910147
28.450329 19.969780 1.989441 0.832222
28.363565 19.969780 2.981131 0.777067
29.498110 -20.768570 -3.100376 0.777067
29.588343 -20.768570 -2.069018 0.832222
29.642525 -20.768570 -1.035140 0.910147
29.660593 -20.768570 0.000000 0.950000
29.642525 -20.768570 1.035140 0.910147
29.588343 -20.768570 2.069018 0.832222
29.498110 -20.768570 3.100376 0.777067
29.334658 -20.053152 -3.083197 0.777067
29.424391 -20.053152 -2.057554 0.832222
29.478273 -20.053152 -1.029404 0.910147
29.496241 -20.053152 0.000000 0.950000
29.478273 -20.053152 1.029404 0.910147
29.424391 -20.053152 2.057554 0.832222
29.334658 -20.053152 3.083197 0.777067
29.357161 -19.038198 -3.085562 0.777067
29.446962 -19.038198 -2.059132 0.832222
29.500885 -19.038198 -1.030194 0.910147
29.518867 -19.038198 0.000000 0.950000
29.500885 -19.038198 1.030194 0.910147
29.446962 -19.038198 2.059132 0.832222
29.357161 -19.038198 3.085562 0.777067
29.338829 -18.049572 -3.083635 0.777067
29.428574 -18.049572 -2.057846 0.832222
29.482464 -18.049572 -1.029550 0.910147
29.500435 -18.049572 0.000000 0.950000
29.482464 -18.049572 1.029550 0.910147
29.428574 -18.049572 2.057846 0.832222
29.338829 -18.049572 3.083635 0.777067
29.332024 -17.000690 -3.082920 0.777067
29.421747 -17.000690 -2.057369 0.832222
29.475624 -17.000690 -1.029311 0.910147
29.493591 -17.000690 0.000000 0.950000
29.475624 -17.000690 1.029311 0.910147
29.421747 -17.000690 2.057369 0.832222
29.332024 -17.000690 3.082920 0.777067
29.350344 -16.017046 -3.084845 0.777067
29.440123 -16.017046 -2.058654 0.832222
29.494036 -16.017046 -1.029954 0.910147
29.512012 -16.017046 0.000000 0.950000
29.494036 -16.017046 1.029954 0.910147
29.440123 -16.017046 2.058654 0.832222
29.350344 -16.017046 3.084845 0.777067
29.371916 -14.976823 -3.087113 0.777067
29.461763 -14.976823 -2.060167 0.832222
29.515715 -14.976823 -1.030711 0.910147
29.533705 -14.976823 0.000000 0.950000
29.515715 -14.976823 1.030711 0.910147
29.461763 -14.976823 2.060167 0.832222
29.371916 -14.976823 3.087113 0.777067
29.317638 -14.035569 -3.081408 0.777067
29.407318 -14.035569 -2.056360 0.832222
29.461170 -14.035569 -1.028807 0.910147
29.479128 -14.035569 0.000000 0.950000
29.461170 -14.035569 1.028807 0.910147
29.407318 -14.035569 2.056360 0.832222
29.317638 -14.035569 3.081408 0.777067
29.366716 -12.998993 -3.086566 0.777067
29.456547 -12.998993 -2.059802 0.832222
29.510489 -12.998993 -1.030529 0.910147
29.528477 -12.998993 0.000000 0.950000
29.510489 -12.998993 1.030529 0.910147
29.456547 -12.998993 2.059802 0.832222
29.366716 -12.998993 3.086566 0.777067
29.376591 -11.982293 -3.087604 0.777067
29.466452 -11.982293 -2.060495 0.832222
29.520411 -11.982293 -1.030875 0.910147
29.538404 -11.982293 0.000000 0.950000
29.520411 -11.982293 1.030875 0.910147
29.466452 -11.982293 2.060495 0.832222
29.376591 -11.982293 3.087604 0.777067
29.347010 -10.991763 -3.084495 0.777067
29.436781 -10.991763 -2.058420 0.832222
29.490686 -10.991763 -1.029837 0.910147
29.508661 -10.991763 0.000000 0.950000
29.490686 -10.991763 1.029837 0.910147
29.436781 -10.991763 2.058420 0.832222
29.347010 -10.991763 3.084495 0.777067
29.356464 -10.043056 -3.085489 0.777067
29.446264 -10.043056 -2.059083 0.832222
29.500187 -10.043056 -1.030169 0.910147
29.518167 -10.043056 0.000000 0.950000
29.500187 -10.043056 1.030169 0.910147
29.446264 -10.043056 2.059083 0.832222
29.356464 -10.043056 3.085489 0.777067
29.355091 -9.041089 -3.085344 0.777067
29.444885 -9.041089 -2.058987 0.832222
29.498806 -9.041089 -1.030121 0.910147
29.516787 -9.041089 0.000000 0.950000
29.498806 -9.041089 1.030121 0.910147
29.444885 -9.041089 2.058987 0.832222
29.355091 -9.041089 3.085344 0.777067
29.335798 -7.992154 -3.083317 0.777067
29.425533 -7.992154 -2.057634 0.832222
29.479418 -7.992154 -1.029444 0.910147
29.497387 -7.992154 0.000000 0.950000
29.479418 -7.992154 1.029444 0.910147
29.425533 -7.992154 2.057634 0.832222
29.335798 -7.992154 3.083317 0.777067
29.353680 -6.977137 -3.085196 0.777067
29.443470 -6.977137 -2.058888 0.832222
29.497389 -6.977137 -1.030071 0.910147
29.515368 -6.977137 0.000000 0.950000
29.497389 -6.977137 1.030071 0.910147
29.443470 -6.977137 2.058888 0.832222
29.353680 -6.977137 3.085196 0.777067
29.336145 -5.974580 -3.083353 0.777067
29.425882 -5.974580 -2.057658 0.832222
29.479767 -5.974580 -1.029456 0.910147
29.497736 -5.974580 0.000000 0.950000
29.479767 -5.974580 1.029456 0.910147
29.425882 -5.974580 2.057658 0.832222
29.336145 -5.974580 3.083353 0.777067
29.359203 -5.003690 -3.085777 0.777067
29.449011 -5.003690 -2.059275 0.832222
29.502939 -5.003690 -1.030265 0.910147
29.520922 -5.003690 0.000000 0.950000
29.502939 -5.003690 1.030265 0.910147
29.449011 -5.003690 2.059275 0.832222
29.359203 -5.003690 3.085777 0.777067
29.359018 -3.975621 -3.085757 0.777067
29.448824 -3.975621 -2.059262 0.832222
29.502752 -3.975621 -1.030259 0.910147
29.520735 -3.975621 0.000000 0.950000
29.502752 -3.975621 1.030259 0.910147
29.448824 -3.975621 2.059262 0.832222
29.359018 -3.975621 3.085757 0.777067
29.316164 -3.025421 -3.081253 0.777067
29.405840 -3.025421 -2.056257 0.832222
29.459690 -3.025421 -1.028755 0.910147
29.477646 -3.025421 0.000000 0.950000
29.459690 -3.025421 1.028755 0.910147
29.405840 -3.025421 2.056257 0.832222
29.316164 -3.025421 3.081253 0.777067
29.324453 -2.020493 -3.082124 0.777067
29.414156 -2.020493 -2.056838 0.832222
29.468019 -2.020493 -1.029046 0.910147
29.485981 -2.020493 0.000000 0.950000
29.468019 -2.020493 1.029046 0.910147
29.414156 -2.020493 2.056838 0.832222
29.324453 -2.020493 3.082124 0.777067
29.375494 -1.026304 -3.087489 0.777067
29.465351 -1.026304 -2.060418 0.832222
29.519310 -1.026304 -1.030837 0.910147
29.537302 -1.026304 0.000000 0.950000
29.519310 -1.026304 1.030837 0.910147
29.465351 -1.026304 2.060418 0.832222
29.375494 -1.026304 3.087489 0.777067
29.316257 -0.030869 -3.081263 0.777067
29.405933 -0.030869 -2.056263 0.832222
29.459784 -0.030869 -1.028758 0.910147
29.477739 -0.030869 0.000000 0.950000
29.459784 -0.030869 1.028758 0.910147
29.405933 -0.030869 2.056263 0.832222
29.316257 -0.030869 3.081263 0.777067
29.375494 1.026304 -3.087489 0.777067
29.465351 1.026304 -2.060418 0.832222
29.519310 1.026304 -1.030837 0.910147
29.537302 1.026304 0.000000 0.950000
29.519310 1.026304 1.030837 0.910147
29.465351 1.026304 2.060418 0.832222
29.375494 1.026304 3.087489 0.777067
29.324453 2.020493 -3.082124 0.777067
29.414156 2.020493 -2.056838 0.832222
29.468019 2.020493 -1.029046 0.910147
29.485981 2.020493 0.000000 0.950000
29.468019 2.020493 1.029046 0.910147
29.414156 2.020493 2.056838 0.832222
29.324453 2.020493 3.082124 0.777067
29.316164 3.025421 -3.081253 0.777067
29.405840 3.025421 -2.056257 0.832222
29.459690 3.025421 -1.028755 0.910147
29.477646 3.025421 0.000000 0.950000
29.459690 3.025421 1.028755 0.910147
29.405840 3.025421 2.056257 0.832222
29.316164 3.025421 3.081253 0.777067
29.359018 3.975621 -3.085757 0.777067
29.448824 3.975621 -2.059262 0.832222
29.502752 3.975621 -1.030259 0.910147
29.520735 3.975621 0.000000 0.950000
29.502752 3.975621 1.030259 0.910147
29.448824 3.975621 2.059262 0.832222
29.359018 3.975621 3.085757 0.777067
29.359203 5.003690 -3.085777 0.777067
29.449011 5.003690 -2.059275 0.832222
29.502939 5.003690 -1.030265 0.910147
29.520922 5.003690 0.000000 0.950000
29.502939 5.003690 1.030265 0.910147
29.449011 5.003690 2.059275 0.832222
29.359203 5.003690 3.085777 0.777067
29.336145 5.974580 -3.083353 0.777067
29.425882 5.974580 -2.057658 0.832222
29.479767 5.974580 -1.029456 0.910147
29.497736 5.974580 0.000000 0.950000
29.479767 5.974580 1.029456 0.910147
29.425882 5.974580 2.057658 0.832222
29.336145 5.974580 3.083353 0.777067
29.353680 6.977137 -3.085196 0.777067
29.443470 6.977137 -2.058888 0.832222
29.497389 6.977137 -1.030071 0.910147
29.515368 6.977137 0.000000 0.950000
29.497389 6.977137 1.030071 0.910147
29.443470 6.977137 2.058888 0.832222
29.353680 6.977137 3.085196 0.777067
29.335798 7.992154 -3.083317 0.777067
29.425533 7.992154 -2.057634 0.832222
29.479418 7.992154 -1.029444 0.910147
29.497387 7.992154 0.000000 0.950000
29.479418 7.992154 1.029444 0.910147
29.425533 7.992154 2.057634 0.832222
29.335798 7.992154 3.083317 0.777067
29.355091 9.041089 -3.085344 0.777067
29.444885 9.041089 -2.058987 0.832222
29.498806 9.041089 -1.030121 0.910147
29.516787 9.041089 0.000000 0.950000
29.498806 9.041089 1.030121 0.910147
29.444885 9.041089 2.058987 0.832222
29.355091 9.041089 3.085344 0.777067
29.356464 10.043056 -3.085489 0.777067
29.446264 10.043056 -2.059083 0.832222
29.500187 10.043056 -1.030169 0.910147
29.518167 10.043056 0.000000 0.950000
29.500187 10.043056 1.030169 0.910147
29.446264 10.043056 2.059083 0.832222
29.356464 10.043056 3.085489 0.777067
29.347010 10.991763 -3.084495 0.777067
29.436781 10.991763 -2.058420 0.832222
29.490686 10.991763 -1.029837 0.910147
29.508661 10.991763 0.000000 0.950000
29.490686 10.991763 1.029837 0.910147
29.436781 10.991763 2.058420 0.832222
29.347010 10.991763 3.084495 0.777067
29.376591 11.982293 -3.087604 0.777067
29.466452 11.982293 -2.060495 0.832222
29.520411 11.982293 -1.030875 0.910147
29.538404 11.982293 0.000000 0.950000
29.520411 11.982293 1.030875 0.910147
29.466452 11.982293 2.060495 0.832222
29.376591 11.982293 3.087604 0.777067
29.366716 12.998993 -3.086566 0.777067
29.456547 12.998993 -2.059802 0.832222
29.510489 12.998993 -1.030529 0.910147
29.528477 12.998993 0.000000 0.950000
29.510489 12.998993 1.030529 0.910147
29.456547 12.998993 2.059802 0.832222
29.366716 12.998993 3.086566 0.777067
29.317638 14.035569 -3.081408 0.777067
29.407318 14.035569 -2.056360 0.832222
29.461170 14.035569 -1.028807 0.910147
29.479128 14.035569 0.000000 0.950000
29.461170 14.035569 1.028807 0.910147
29.407318 14.035569 2.056360 0.832222
29.317638 14.035569 3.081408 0.777067
29.371916 14.976823 -3.087113 0.777067
29.461763 14.976823 -2.060167 0.832222
29.515715 14.976823 -1.030711 0.910147
29.533705 14.976823 0.000000 0.950000
29.515715 14.976823 1.030711 0.910147
29.461763 14.976823 2.060167 0.832222
29.371916 14.976823 3.087113 0.777067
29.350344 16.017046 -3.084845 0.777067
29.440123 16.017046 -2.058654 0.832222
29.494036 16.017046 -1.029954 0.910147
29.512012 16.017046 0.000000 0.950000
29.494036 16.017046 1.029954 0.910147
29.440123 16.017046 2.058654 0.832222
29.350344 16.017046 3.084845 0.777067
29.332024 17.000690 -3.082920 0.777067
29.421747 17.000690 -2.057369 0.832222
29.475624 17.000690 -1.029311 0.910147
29.493591 17.000690 0.000000 0.950000
29.475624 17.000690 1.029311 0.910147
29.421747 17.000690 2.057369 0.832222
29.332024 17.000690 3.082920 0.777067
29.338829 18.049572 -3.083635 0.777067
29.428574 18.049572 -2.057846 0.832222
29.482464 18.049572 -1.029550 0.910147
29.500435 18.049572 0.000000 0.950000
29.482464 18.049572 1.029550 0.910147
29.428574 18.049572 2.057846 0.832222
29.338829 18.049572 3.083635 0.777067
29.357161 19.038198 -3.085562 0.777067
29.446962 19.038198 -2.059132 0.832222
29.500885 19.038198 -1.030194 0.910147
29.518867 19.038198 0.000000 0.950000
29.500885 19.038198 1.030194 0.910147
29.446962 19.038198 2.059132 0.832222
29.357161 19.038198 3.085562 0.777067
29.334658 20.053152 -3.083197 0.777067
29.424391 20.053152 -2.057554 0.832222
29.478273 20.053152 -1.029404 0.910147
29.496241 20.053152 0.000000 0.950000
29.478273 20.053152 1.029404 0.910147
29.424391 20.053152 2.057554 0.832222
29.334658 20.053152 3.083197 0.777067
29.498110 20.768570 -3.100376 0.777067
29.588343 20.768570 -2.069018 0.832222
29.642525 20.768570 -1.035140 0.910147
29.660593 20.768570 0.000000 0.950000
29.642525 20.768570 1.035140 0.910147
29.588343 20.768570 2.069018 0.832222
29.498110 20.768570 3.100376 0.777067
30.363838 -21.006983 -3.191368 0.777067
30.456718 -21.006983 -2.129741 0.832222
30.512491 -21.006983 -1.065520 0.910147
30.531090 -21.006983 0.000000 0.950000
30.512491 -21.006983 1.065520 0.910147
30.456718 -21.006983 2.129741 0.832222
30.363838 -21.006983 3.191368 0.777067
30.294285 -20.001627 -3.184057 0.777067
30.386951 -20.001627 -2.124862 0.832222
30.442596 -20.001627 -1.063079 0.910147
30.461153 -20.001627 0.000000 0.950000
30.442596 -20.001627 1.063079 0.910147
30.386951 -20.001627 2.124862 0.832222
30.294285 -20.001627 3.184057 0.777067
30.307339 -18.975948 -3.185430 0.777067
30.400047 -18.975948 -2.125778 0.832222
30.455715 -18.975948 -1.063537 0.910147
30.474279 -18.975948 0.000000 0.950000
30.455715 -18.975948 1.063537 0.910147
30.400047 -18.975948 2.125778 0.832222
30.307339 -18.975948 3.185430 0.777067
30.345999 -18.016687 -3.189493 0.777067
30.438826 -18.016687 -2.128490 0.832222
30.494566 -18.016687 -1.064894 0.910147
30.513153 -18.016687 0.000000 0.950000
30.494566 -18.016687 1.064894 0.910147
30.438826 -18.016687 2.128490 0.832222
30.345999 -18.016687 3.189493 0.777067
30.330885 -16.954035 -3.187904 0.777067
30.423664 -16.954035 -2.127430 0.832222
30.479378 -16.954035 -1.064363 0.910147
30.497955 -16.954035 0.000000 0.950000
30.479378 -16.954035 1.064363 0.910147
30.423664 -16.954035 2.127430 0.832222
30.330885 -16.954035 3.187904 0.777067
30.341543 -15.956329 -3.189025 0.777067
30.434357 -15.956329 -2.128177 0.832222
30.490088 -15.956329 -1.064737 0.910147
30.508673 -15.956329 0.000000 0.950000
30.490088 -15.956329 1.064737 0.910147
30.434357 -15.956329 2.128177 0.832222
30.341543 -15.956329 3.189025 0.777067
30.316402 -14.979868 -3.186382 0.777067
30.409138 -14.979868 -2.126414 0.832222
30.464823 -14.979868 -1.063855 0.910147
30.483393 -14.979868 0.000000 0.950000
30.464823 -14.979868 1.063855 0.910147
30.409138 -14.979868 2.126414 0.832222
30.316402 -14.979868 3.186382 0.777067
30.363386 -13.978017 -3.191320 0.777067
30.456266 -13.978017 -2.129709 0.832222
30.512037 -13.978017 -1.065504 0.910147
30.530636 -13.978017 0.000000 0.950000
30.512037 -13.978017 1.065504 0.910147
30.456266 -13.978017 2.129709 0.832222
30.363386 -13.978017 3.191320 0.777067
30.372032 -13.000936 -3.192229 0.777067
30.464937 -13.000936 -2.130316 0.832222
30.520727 -13.000936 -1.065807 0.910147
30.539330 -13.000936 0.000000 0.950000
30.520727 -13.000936 1.065807 0.910147
30.464937 -13.000936 2.130316 0.832222
30.372032 -13.000936 3.192229 0.777067
30.348549 -12.038921 -3.189761 0.777067
30.441383 -12.038921 -2.128669 0.832222
30.497128 -12.038921 -1.064983 0.910147
30.515717 -12.038921 0.000000 0.950000
30.497128 -12.038921 1.064983 0.910147
30.441383 -12.038921 2.128669 0.832222
30.348549 -12.038921 3.189761 0.777067
30.318914 -11.023713 -3.186646 0.777067
30.411657 -11.023713 -2.126590 0.832222
30.467348 -11.023713 -1.063943 0.910147
30.485918 -11.023713 0.000000 0.950000
30.467348 -11.023713 1.063943 0.910147
30.411657 -11.023713 2.126590 0.832222
30.318914 -11.023713 3.186646 0.777067
30.350540 -9.980624 -3.189970 0.777067
30.443380 -9.980624 -2.128808 0.832222
30.499128 -9.980624 -1.065053 0.910147
30.517719 -9.980624 0.000000 0.950000
30.499128 -9.980624 1.065053 0.910147
30.443380 -9.980624 2.128808 0.832222
30.350540 -9.980624 3.189970 0.777067
30.323898 -9.026037 -3.187170 0.777067
30.416656 -9.026037 -2.126940 0.832222
30.472357 -9.026037 -1.064118 0.910147
30.490931 -9.026037 0.000000 0.950000
30.472357 -9.026037 1.064118 0.910147
30.416656 -9.026037 2.126940 0.832222
30.323898 -9.026037 3.187170 0.777067
30.357857 -8.042279 -3.190739 0.777067
30.450720 -8.042279 -2.129322 0.832222
30.506481 -8.042279 -1.065310 0.910147
30.525076 -8.042279 0.000000 0.950000
30.506481 -8.042279 1.065310 0.910147
30.450720 -8.042279 2.129322 0.832222
30.357857 -8.042279 3.190739 0.777067
30.301449 -6.978186 -3.184811 0.777067
30.394138 -6.978186 -2.125365 0.832222
30.449797 -6.978186 -1.063330 0.910147
30.468357 -6.978186 0.000000 0.950000
30.449797 -6.978186 1.063330 0.910147
30.394138 -6.978186 2.125365 0.832222
30.301449 -6.978186 3.184811 0.777067
30.344084 -6.035851 -3.189292 0.777067
30.436903 -6.035851 -2.128356 0.832222
30.492640 -6.035851 -1.064826 0.910147
30.511227 -6.035851 0.000000 0.950000
30.492640 -6.035851 1.064826 0.910147
30.436903 -6.035851 2.128356 0.832222
30.344084 -6.035851 3.189292 0.777067
30.292538 -5.020675 -3.183874 0.777067
30.385201 -5.020675 -2.124740 0.832222
30.440842 -5.020675 -1.063018 0.910147
30.459396 -5.020675 0.000000 0.950000
30.440842 -5.020675 1.063018 0.910147
30.385201 -5.020675 2.124740 0.832222
30.292538 -5.020675 3.183874 0.777067
30.368595 -3.971337 -3.191868 0.777067
30.461491 -3.971337 -2.130075 0.832222
30.517273 -3.971337 -1.065687 0.910147
30.535873 -3.971337 0.000000 0.950000
30.517273 -3.971337 1.065687 0.910147
30.461491 -3.971337 2.130075 0.832222
30.368595 -3.971337 3.191868 0.777067
30.325035 -2.989774 -3.187289 0.777067
30.417797 -2.989774 -2.127019 0.832222
30.473499 -2.989774 -1.064158 0.910147
30.492073 -2.989774 0.000000 0.950000
30.473499 -2.989774 1.064158 0.910147
30.417797 -2.989774 2.127019 0.832222
30.325035 -2.989774 3.187289 0.777067
30.327044 -2.020070 -3.187501 0.777067
30.419811 -2.020070 -2.127160 0.832222
30.475517 -2.020070 -1.064228 0.910147
30.494093 -2.020070 0.000000 0.950000
30.475517 -2.020070 1.064228 0.910147
30.419811 -2.020070 2.127160 0.832222
30.327044 -2.020070 3.187501 0.777067
30.300592 -0.989418 -3.184721 0.777067
30.393280 -0.989418 -2.125305 0.832222
30.448936 -0.989418 -1.063300 0.910147
30.467497 -0.989418 0.000000 0.950000
30.448936 -0.989418 1.063300 0.910147
30.393280 -0.989418 2.125305 0.832222
30.300592 -0.989418 3.184721 0.777067
30.316549 -0.031922 -3.186398 0.777067
30.409286 -0.031922 -2.126424 0.832222
30.464972 -0.031922 -1.063860 0.910147
30.483541 -0.031922 0.000000 0.950000
30.464972 -0.031922 1.063860 0.910147
30.409286 -0.031922 2.126424 0.832222
30.316549 -0.031922 3.186398 0.777067
30.300592 0.989418 -3.184721 0.777067
30.393280 0.989418 -2.125305 0.832222
30.448936 0.989418 -1.063300 0.910147
30.467497 0.989418 0.000000 0.950000
30.448936 0.989418 1.063300 0.910147
30.393280 0.989418 2.125305 0.832222
30.300592 0.989418 3.184721 0.777067
30.327044 2.020070 -3.187501 0.777067
30.419811 2.020070 -2.127160 0.832222
30.475517 2.020070 -1.064228 0.910147
30.494093 2.020070 0.000000 0.950000
30.475517 2.020070 1.064228 0.910147
30.419811 2.020070 2.127160 0.832222
30.327044 2.020070 3.187501 0.777067
30.325035 2.989774 -3.187289 0.777067
30.417797 2.989774 -2.127019 0.832222
30.473499 2.989774 -1.064158 0.910147
30.492073 2.989774 0.000000 0.950000
30.473499 2.989774 1.064158 0.910147
30.417797 2.989774 2.127019 0.832222
30.325035 2.989774 3.187289 0.777067
30.368595 3.971337 -3.191868 0.777067
30.461491 3.971337 -2.130075 0.832222
30.517273 3.971337 -1.065687 0.910147
30.535873 3.971337 0.000000 0.950000
30.517273 3.971337 1.065687 0.910147
30.461491 3.971337 2.130075 0.832222
30.368595 3.971337 3.191868 0.777067
30.292538 5.020675 -3.183874 0.777067
30.385201 5.020675 -2.124740 0.832222
30.440842 5.020675 -1.063018 0.910147
30.459396 5.020675 0.000000 0.950000
30.440842 5.020675 1.063018 0.910147
30.385201 5.020675 2.124740 0.832222
30.292538 5.020675 3.183874 0.777067
30.344084 6.035851 -3.189292 0.777067
30.436903 6.035851 -2.128356 0.832222
30.492640 6.035851 -1.064826 0.910147
30.511227 6.035851 0.000000 0.950000
30.492640 6.035851 1.064826 0.910147
30.436903 6.035851 2.128356 0.832222
30.344084 6.035851 3.189292 0.777067
30.301449 6.978186 -3.184811 0.777067
30.394138 6.978186 -2.125365 0.832222
30.449797 6.978186 -1.063330 0.910147
30.468357 6.978186 0.000000 0.950000
30.449797 6.978186 1.063330 0.910147
30.394138 6.978186 2.125365 0.832222
30.301449 6.978186 3.184811 0.777067
30.357857 8.042279 -3.190739 0.777067
30.450720 8.042279 -2.129322 0.832222
30.506481 8.042279 -1.065310 0.910147
30.525076 8.042279 0.000000 0.950000
30.506481 8.042279 1.065310 0.910147
30.450720 8.042279 2.129322 0.832222
30.357857 8.042279 3.190739 0.777067
30.323898 9.026037 -3.187170 0.777067
30.416656 9.026037 -2.126940 0.832222
30.472357 9.026037 -1.064118 0.910147
30.490931 9.026037 0.000000 0.950000
30.472357 9.026037 1.064118 0.910147
30.416656 9.026037 2.126940 0.832222
30.323898 9.026037 3.187170 0.777067
30.350540 9.980624 -3.189970 0.777067
30.443380 9.980624 -2.128808 0.832222
30.499128 9.980624 -1.065053 0.910147
30.517719 9.980624 0.000000 0.950000
30.499128 9.980624 1.065053 0.910147
30.443380 9.980624 2.128808 0.832222
30.350540 9.980624 3.189970 0.777067
30.318914 11.023713 -3.186646 0.777067
30.411657 11.023713 -2.126590 0.832222
30.467348 11.023713 -1.063943 0.910147
30.485918 11.023713 0.000000 0.950000
30.467348 11.023713 1.063943 0.910147
30.411657 11.023713 2.126590 0.832222
30.318914 11.023713 3.186646 0.777067
30.348549 12.038921 -3.189761 0.777067
30.441383 12.038921 -2.128669 0.832222
30.497128 12.038921 -1.064983 0.910147
30.515717 12.038921 0.000000 0.950000
30.497128 12.038921 1.064983 0.910147
30.441383 12.038921 2.128669 0.832222
30.348549 12.038921 3.189761 0.777067
30.372032 13.000936 -3.192229 0.777067
30.464937 13.000936 -2.130316 0.832222
30.520727 13.000936 -1.065807 0.910147
30.539330 13.000936 0.000000 0.950000
30.520727 13.000936 1.065807 0.910147
30.464937 13.000936 2.130316 0.832222
30.372032 13.000936 3.192229 0.777067
30.363386 13.978017 -3.191320 0.777067
30.456266 13.978017 -2.129709 0.832222
30.512037 13.978017 -1.065504 0.910147
30.530636 13.978017 0.000000 0.950000
30.512037 13.978017 1.065504 0.910147
30.456266 13.978017 2.129709 0.832222
30.363386 13.978017 3.191320 0.777067
30.316402 14.979868 -3.186382 0.777067
30.409138 14.979868 -2.126414 0.832222
30.464823 14.979868 -1.063855 0.910147
30.483393 14.979868 0.000000 0.950000
30.464823 14.979868 1.063855 0.910147
30.409138 14.979868 2.126414 0.832222
30.316402 14.979868 3.186382 0.777067
30.341543 15.956329 -3.189025 0.777067
30.434357 15.956329 -2.128177 0.832222
30.490088 15.956329 -1.064737 0.910147
30.508673 15.956329 0.000000 0.950000
30.490088 15.956329 1.064737 0.910147
30.434357 15.956329 2.128177 0.832222
30.341543 15.956329 3.189025 0.777067
30.330885 16.954035 -3.187904 0.777067
30.423664 16.954035 -2.127430 0.832222
30.479378 16.954035 -1.064363 0.910147
30.497955 16.954035 0.000000 0.950000
30.479378 16.954035 1.064363 0.910147
30.423664 16.954035 2.127430 0.832222
30.330885 16.954035 3.187904 0.777067
30.345999 18.016687 -3.189493 0.777067
30.438826 18.016687 -2.128490 0.832222
30.494566 18.016687 -1.064894 0.910147
30.513153 18.016687 0.000000 0.950000
30.494566 18.016687 1.064894 0.910147
30.438826 18.016687 2.128490 0.832222
30.345999 18.016687 3.189493 0.777067
30.307339 18.975948 -3.185430 0.777067
30.400047 18.975948 -2.125778 0.832222
30.455715 18.975948 -1.063537 0.910147
30.474279 18.975948 0.000000 0.950000
30.455715 18.975948 1.063537 0.910147
30.400047 18.975948 2.125778 0.832222
30.307339 18.975948 3.185430 0.777067
30.294285 20.001627 -3.184057 0.777067
30.386951 20.001627 -2.124862 0.832222
30.442596 20.001627 -1.063079 0.910147
30.461153 20.001627 0.000000 0.950000
30.442596 20.001627 1.063079 0.910147
30.386951 20.001627 2.124862 0.832222
30.294285 20.001627 3.184057 0.777067
30.363838 21.006983 -3.191368 0.777067
30.456718 21.006983 -2.129741 0.832222
30.512491 21.006983 -1.065520 0.910147
30.531090 21.006983 0.000000 0.950000
30.512491 21.006983 1.065520 0.910147
30.456718 21.006983 2.129741 0.832222
30.363838 21.006983 3.191368 0.777067
31.378674 -22.055511 -2.745278 0.799870
31.421806 -22.055511 -2.197227 0.832222
31.479347 -22.055511 -1.099283 0.910147
31.498535 -22.055511 0.000000 0.950000
31.479347 -22.055511 1.099283 0.910147
31.421806 -22.055511 2.197227 0.832222
31.378674 -22.055511 2.745278 0.799870
31.337830 -21.019253 -2.741705 0.799870
31.380907 -21.019253 -2.194367 0.832222
31.438372 -21.019253 -1.097852 0.910147
31.457535 -21.019253 0.000000 0.950000
31.438372 -21.019253 1.097852 0.910147
31.380907 -21.019253 2.194367 0.832222
31.337830 -21.019253 2.741705 0.799870
31.377338 -19.965601 -2.745162 0.799870
31.420469 -19.965601 -2.197133 0.832222
31.478008 -19.965601 -1.099236 0.910147
31.497194 -19.965601 0.000000 0.950000
31.478008 -19.965601 1.099236 0.910147
31.420469 -19.965601 2.197133 0.832222
31.377338 -19.965601 2.745162 0.799870
31.328665 -19.015793 -2.740903 0.799870
31.371729 -19.015793 -2.193725 0.832222
31.429176 -19.015793 -1.097531 0.910147
31.448334 -19.015793 0.000000 0.950000
31.429176 -19.015793 1.097531 0.910147
31.371729 -19.015793 2.193725 0.832222
31.328665 -19.015793 2.740903 0.799870
31.365013 -18.038826 -2.744083 0.799870
31.408127 -18.038826 -2.196270 0.832222
31.465643 -18.038826 -1.098804 0.910147
31.484821 -18.038826 0.000000 0.950000
31.465643 -18.038826 1.098804 0.910147
31.408127 -18.038826 2.196270 0.832222
31.365013 -18.038826 2.744083 0.799870
31.408665 -17.004827 -2.747902 0.799870
31.451839 -17.004827 -2.199327 0.832222
31.509436 -17.004827 -1.100334 0.910147
31.528641 -17.004827 0.000000 0.950000
31.509436 -17.004827 1.100334 0.910147
31.451839 -17.004827 2.199327 0.832222
31.408665 -17.004827 2.747902 0.799870
31.414822 -15.991608 -2.748441 0.799870
31.458004 -15.991608 -2.199758 0.832222
31.515612 -15.991608 -1.100549 0.910147
31.534821 -15.991608 0.000000 0.950000
31.515612 -15.991608 1.100549 0.910147
31.458004 -15.991608 2.199758 0.832222
31.414822 -15.991608 2.748441 0.799870
31.385061 -15.000098 -2.745837 0.799870
31.428202 -15.000098 -2.197674 0.832222
31.485754 -15.000098 -1.099507 0.910147
31.504946 -15.000098 0.000000 0.950000
31.485754 -15.000098 1.099507 0.910147
31.428202 -15.000098 2.197674 0.832222
31.385061 -15.000098 2.745837 0.799870
31.427902 -13.980127 -2.749585 0.799870
31.471102 -13.980127 -2.200674 0.832222
31.528732 -13.980127 -1.101008 0.910147
31.547951 -13.980127 0.000000 0.950000
31.528732 -13.980127 1.101008 0.910147
31.471102 -13.980127 2.200674 0.832222
31.427902 -13.980127 2.749585 0.799870
31.363155 -12.950632 -2.743921 0.799870
31.406265 -12.950632 -2.196140 0.832222
31.463778 -12.950632 -1.098739 0.910147
31.482956 -12.950632 0.000000 0.950000
31.463778 -12.950632 1.098739 0.910147
31.406265 -12.950632 2.196140 0.832222
31.363155 -12.950632 2.743921 0.799870
31.406208 -12.000862 -2.747687 0.799870
31.449379 -12.000862 -2.199155 0.832222
31.506969 -12.000862 -1.100248 0.910147
31.526175 -12.000862 0.000000 0.950000
31.506969 -12.000862 1.100248 0.910147
31.449379 -12.000862 2.199155 0.832222
31.406208 -12.000862 2.747687 0.799870
31.371557 -10.966462 -2.744656 0.799870
31.414680 -10.966462 -2.196728 0.832222
31.472206 -10.966462 -1.099034 0.910147
31.491390 -10.966462 0.000000 0.950000
31.472206 -10.966462 1.099034 0.910147
31.414680 -10.966462 2.196728 0.832222
31.371557 -10.966462 2.744656 0.799870
31.375698 -9.972829 -2.745018 0.799870
31.418827 -9.972829 -2.197018 0.832222
31.476362 -9.972829 -1.099179 0.910147
31.495548 -9.972829 0.000000 0.950000
31.476362 -9.972829 1.099179 0.910147
31.418827 -9.972829 2.197018 0.832222
31.375698 -9.972829 2.745018 0.799870
31.346027 -8.998894 -2.742422 0.799870
31.389114 -8.998894 -2.194941 0.832222
31.446596 -8.998894 -1.098139 0.910147
31.465763 -8.998894 0.000000 0.950000
31.446596 -8.998894 1.098139 0.910147
31.389114 -8.998894 2.194941 0.832222
31.346027 -8.998894 2.742422 0.799870
31.378248 -7.987797 -2.745241 0.799870
31.421381 -7.987797 -2.197197 0.832222
31.478920 -7.987797 -1.099268 0.910147
31.498108 -7.987797 0.000000 0.950000
31.478920 -7.987797 1.099268 0.910147
31.421381 -7.987797 2.197197 0.832222
31.378248 -7.987797 2.745241 0.799870
31.377218 -6.988501 -2.745151 0.799870
31.420349 -6.988501 -2.197125 0.832222
31.477888 -6.988501 -1.099232 0.910147
31.497074 -6.988501 0.000000 0.950000
31.477888 -6.988501 1.099232 0.910147
31.420349 -6.988501 2.197125 0.832222
31.377218 -6.988501 2.745151 0.799870
31.343864 -6.002001 -2.742233 0.799870
31.386950 -6.002001 -2.194789 0.832222
31.444426 -6.002001 -1.098063 0.910147
31.463593 -6.002001 0.000000 0.950000
31.444426 -6.002001 1.098063 0.910147
31.386950 -6.002001 2.194789 0.832222
31.343864 -6.002001 2.742233 0.799870
31.366552 -4.970052 -2.744218 0.799870
31.409668 -4.970052 -2.196378 0.832222
31.467186 -4.970052 -1.098858 0.910147
31.486366 -4.970052 0.000000 0.950000
31.467186 -4.970052 1.098858 0.910147
31.409668 -4.970052 2.196378 0.832222
31.366552 -4.970052 2.744218 0.799870
31.346020 -4.019693 -2.742421 0.799870
31.389107 -4.019693 -2.194940 0.832222
31.446589 -4.019693 -1.098139 0.910147
31.465755 -4.019693 0.000000 0.950000
31.446589 -4.019693 1.098139 0.910147
31.389107 -4.019693 2.194940 0.832222
31.346020 -4.019693 2.742421 0.799870
31.380136 -3.016460 -2.745406 0.799870
31.423271 -3.016460 -2.197329 0.832222
31.480814 -3.016460 -1.099334 0.910147
31.500002 -3.016460 0.000000 0.950000
31.480814 -3.016460 1.099334 0.910147
31.423271 -3.016460 2.197329 0.832222
31.380136 -3.016460 2.745406 0.799870
31.382473 -2.015082 -2.745610 0.799870
31.425611 -2.015082 -2.197493 0.832222
31.483158 -2.015082 -1.099416 0.910147
31.502348 -2.015082 0.000000 0.950000
31.483158 -2.015082 1.099416 0.910147
31.425611 -2.015082 2.197493 0.832222
31.382473 -2.015082 2.745610 0.799870
31.353008 -1.022063 -2.743033 0.799870
31.396105 -1.022063 -2.195429 0.832222
31.453598 -1.022063 -1.098384 0.910147
31.472771 -1.022063 0.000000 0.950000
31.453598 -1.022063 1.098384 0.910147
31.396105 -1.022063 2.195429 0.832222
31.353008 -1.022063 2.743033 0.799870
31.369518 -0.032976 -2.744477 0.799870
31.412638 -0.032976 -2.196585 0.832222
31.470161 -0.032976 -1.098962 0.910147
31.489344 -0.032976 0.000000 0.950000
31.470161 -0.032976 1.098962 0.910147
31.412638 -0.032976 2.196585 0.832222
31.369518 -0.032976 2.744477 0.799870
31.353008 1.022063 -2.743033 0.799870
31.396105 1.022063 -2.195429 0.832222
31.453598 1.022063 -1.098384 0.910147
31.472771 1.022063 0.000000 0.950000
31.453598 1.022063 1.098384 0.910147
31.396105 1.022063 2.195429 0.832222
31.353008 1.022063 2.743033 0.799870
31.382473 2.015082 -2.745610 0.799870
31.425611 2.015082 -2.197493 0.832222
31.483158 2.015082 -1.099416 0.910147
31.502348 2.015082 0.000000 0.950000
31.483158 2.015082 1.099416 0.910147
31.425611 2.015082 2.197493 0.832222
31.382473 2.015082 2.745610 0.799870
31.380136 3.016460 -2.745406 0.799870
31.423271 3.016460 -2.197329 0.832222
31.480814 3.016460 -1.099334 0.910147
31.500002 3.016460 0.000000 0.950000
31.480814 3.016460 1.099334 0.910147
31.423271 3.016460 2.197329 0.832222
31.380136 3.016460 2.745406 0.799870
31.346020 4.019693 -2.742421 0.799870
31.389107 4.019693 -2.194940 0.832222
31.446589 4.019693 -1.098139 0.910147
31.465755 4.019693 0.000000 0.950000
31.446589 4.019693 1.098139 0.910147
31.389107 4.019693 2.194940 0.832222
31.346020 4.019693 2.742421 0.799870
31.366552 4.970052 -2.744218 0.799870
31.409668 4.970052 -2.196378 0.832222
31.467186 4.970052 -1.098858 0.910147
31.486366 4.970052 0.000000 0.950000
31.467186 4.970052 1.098858 0.910147
31.409668 4.970052 2.196378 0.832222
31.366552 4.970052 2.744218 0.799870
31.343864 6.002001 -2.742233 0.799870
31.386950 6.002001 -2.194789 0.832222
31.444426 6.002001 -1.098063 0.910147
31.463593 6.002001 0.000000 0.950000
31.444426 6.002001 1.098063 0.910147
31.386950 6.002001 2.194789 0.832222
31.343864 6.002001 2.742233 0.799870
31.377218 6.988501 -2.745151 0.799870
31.420349 6.988501 -2.197125 0.832222
31.477888 6.988501 -1.099232 0.910147
31.497074 6.988501 0.000000 0.950000
31.477888 6.988501 1.099232 0.910147
31.420349 6.988501 2.197125 0.832222
31.377218 6.988501 2.745151 0.799870
31.378248 7.987797 -2.745241 0.799870
31.421381 7.987797 -2.197197 0.832222
31.478920 7.987797 -1.099268 0.910147
31.498108 7.987797 0.000000 0.950000
31.478920 7.987797 1.099268 0.910147
31.421381 7.987797 2.197197 0.832222
31.378248 7.987797 2.745241 0.799870
31.346027 8.998894 -2.742422 0.799870
31.389114 8.998894 -2.194941 0.832222
31.446596 8.998894 -1.098139 0.910147
31.465763 8.998894 0.000000 0.950000
31.446596 8.998894 1.098139 0.910147
31.389114 8.998894 2.194941 0.832222
31.346027 8.998894 2.742422 0.799870
31.375698 9.972829 -2.745018 0.799870
31.418827 9.972829 -2.197018 0.832222
31.476362 9.972829 -1.099179 0.910147
31.495548 9.972829 0.000000 0.950000
31.476362 9.972829 1.099179 0.910147
31.418827 9.972829 2.197018 0.832222
31.375698 9.972829 2.745018 0.799870
31.371557 10.966462 -2.744656 0.799870
31.414680 10.966462 -2.196728 0.832222
31.472206 10.966462 -1.099034 0.910147
31.491390 10.966462 0.000000 0.950000
31.472206 10.966462 1.099034 0.910147
31.414680 10.966462 2.196728 0.832222
31.371557 10.966462 2.744656 0.799870
31.406208 12.000862 -2.747687 0.799870
31.449379 12.000862 -2.199155 0.832222
31.506969 12.000862 -1.100248 0.910147
31.526175 12.000862 0.000000 0.950000
31.506969 12.000862 1.100248 0.910147
31.449379 12.000862 2.199155 0.832222
31.406208 12.000862 2.747687 0.799870
31.363155 12.950632 -2.743921 0.799870
31.406265 12.950632 -2.196140 0.832222
31.463778 12.950632 -1.098739 0.910147
31.482956 12.950632 0.000000 0.950000
31.463778 12.950632 1.098739 0.910147
31.406265 12.950632 2.196140 0.832222
31.363155 12.950632 2.743921 0.799870
31.427902 13.980127 -2.749585 0.799870
31.471102 13.980127 -2.200674 0.832222
31.528732 13.980127 -1.101008 0.910147
31.547951 13.980127 0.000000 0.950000
31.528732 13.980127 1.101008 0.910147
31.471102 13.980127 2.200674 0.832222
31.427902 13.980127 2.749585 0.799870
31.385061 15.000098 -2.745837 0.799870
31.428202 15.000098 -2.197674 0.832222
31.485754 15.000098 -1.099507 0.910147
31.504946 15.000098 0.000000 0.950000
31.485754 15.000098 1.099507 0.910147
31.428202 15.000098 2.197674 0.832222
31.385061 15.000098 2.745837 0.799870
31.414822 15.991608 -2.748441 0.799870
31.458004 15.991608 -2.199758 0.832222
31.515612 15.991608 -1.100549 0.910147
31.534821 15.991608 0.000000 0.950000
31.515612 15.991608 1.100549 0.910147
31.458004 15.991608 2.199758 0.832222
31.414822 15.991608 2.748441 0.799870
31.408665 17.004827 -2.747902 0.799870
31.451839 17.004827 -2.199327 0.832222
31.509436 17.004827 -1.100334 0.910147
31.528641 17.004827 0.000000 0.950000
31.509436 17.004827 1.100334 0.910147
31.451839 17.004827 2.199327 0.832222
31.408665 17.004827 2.747902 0.799870
31.365013 18.038826 -2.744083 0.799870
31.408127 18.038826 -2.196270 0.832222
31.465643 18.038826 -1.098804 0.910147
31.484821 18.038826 0.000000 0.950000
31.465643 18.038826 1.098804 0.910147
31.408127 18.038826 2.196270 0.832222
31.365013 18.038826 2.744083 0.799870
31.328665 19.015793 -2.740903 0.799870
31.371729 19.015793 -2.193725 0.832222
31.429176 19.015793 -1.097531 0.910147
31.448334 19.015793 0.000000 0.950000
31.429176 19.015793 1.097531 0.910147
31.371729 19.015793 2.193725 0.832222
31.328665 19.015793 2.740903 0.799870
31.377338 19.965601 -2.745162 0.799870
31.420469 19.965601 -2.197133 0.832222
31.478008 19.965601 -1.099236 0.910147
31.497194 19.965601 0.000000 0.950000
31.478008 19.965601 1.099236 0.910147
31.420469 19.965601 2.197133 0.832222
31.377338 19.965601 2.745162 0.799870
31.337830 21.019253 -2.741705 0.799870
31.380907 21.019253 -2.194367 0.832222
31.438372 21.019253 -1.097852 0.910147
31.457535 21.019253 0.000000 0.950000
31.438372 21.019253 1.097852 0.910147
31.380907 21.019253 2.194367 0.832222
31.337830 21.019253 2.741705 0.799870
31.378674 22.055511 -2.745278 0.799870
31.421806 22.055511 -2.197227 0.832222
31.479347 22.055511 -1.099283 0.910147
31.498535 22.055511 0.000000 0.950000
31.479347 22.055511 1.099283 0.910147
31.421806 22.055511 2.197227 0.832222
31.378674 22.055511 2.745278 0.799870
32.641399 -22.943058 -2.855752 0.799870
32.559822 -22.854303 -2.276804 0.832222
32.619446 -22.854303 -1.139096 0.910147
32.639328 -22.854303 0.000000 0.950000
32.619446 -22.854303 1.139096 0.910147
32.559822 -22.854303 2.276804 0.832222
32.641399 -22.943058 2.855752 0.799870
32.373432 -21.969114 -2.832308 0.799870
32.417934 -21.969114 -2.266882 0.832222
32.477299 -21.969114 -1.134132 0.910147
32.497093 -21.969114 0.000000 0.950000
32.477299 -21.969114 1.134132 0.910147
32.417934 -21.969114 2.266882 0.832222
32.373432 -21.969114 2.832308 0.799870
32.386055 -20.967180 -2.833413 0.799870
32.430573 -20.967180 -2.267766 0.832222
32.489964 -20.967180 -1.134574 0.910147
32.509766 -20.967180 0.000000 0.950000
32.489964 -20.967180 1.134574 0.910147
32.430573 -20.967180 2.267766 0.832222
32.386055 -20.967180 2.833413 0.799870
32.360435 -19.992134 -2.831171 0.799870
32.404919 -19.992134 -2.265972 0.832222
32.464260 -19.992134 -1.133677 0.910147
32.484047 -19.992134 0.000000 0.950000
32.464260 -19.992134 1.133677 0.910147
32.404919 -19.992134 2.265972 0.832222
32.360435 -19.992134 2.831171 0.799870
32.421230 -18.987339 -2.836490 0.799870
32.465797 -18.987339 -2.270230 0.832222
32.525249 -18.987339 -1.135807 0.910147
32.545074 -18.987339 0.000000 0.950000
32.525249 -18.987339 1.135807 0.910147
32.465797 -18.987339 2.270230 0.832222
32.421230 -18.987339 2.836490 0.799870
32.379330 -17.964838 -2.832824 0.799870
32.423840 -17.964838 -2.267296 0.832222
32.483215 -17.964838 -1.134339 0.910147
32.503014 -17.964838 0.000000 0.950000
32.483215 -17.964838 1.134339 0.910147
32.423840 -17.964838 2.267296 0.832222
32.379330 -17.964838 2.832824 0.799870
32.373219 -16.996180 -2.832290 0.799870
32.417721 -16.996180 -2.266868 0.832222
32.477085 -16.996180 -1.134125 0.910147
32.496880 -16.996180 0.000000 0.950000
32.477085 -16.996180 1.134125 0.910147
32.417721 -16.996180 2.266868 0.832222
32.373219 -16.996180 2.832290 0.799870
32.373440 -15.969427 -2.832309 0.799870
32.417942 -15.969427 -2.266883 0.832222
32.477306 -15.969427 -1.134132 0.910147
32.497101 -15.969427 0.000000 0.950000
32.477306 -15.969427 1.134132 0.910147
32.417942 -15.969427 2.266883 0.832222
32.373440 -15.969427 2.832309 0.799870
32.407761 -14.997251 -2.835312 0.799870
32.452309 -14.997251 -2.269286 0.832222
32.511734 -14.997251 -1.135335 0.910147
32.531551 -14.997251 0.000000 0.950000
32.511734 -14.997251 1.135335 0.910147
32.452309 -14.997251 2.269286 0.832222
32.407761 -14.997251 2.835312 0.799870
32.340969 -14.008300 -2.829468 0.799870
32.385422 -14.008300 -2.264609 0.832222
32.444729 -14.008300 -1.132995 0.910147
32.464504 -14.008300 0.000000 0.950000
32.444729 -14.008300 1.132995 0.910147
32.385422 -14.008300 2.264609 0.832222
32.340969 -14.008300 2.829468 0.799870
32.344246 -12.992766 -2.829755 0.799870
32.388706 -12.992766 -2.264839 0.832222
32.448017 -12.992766 -1.133110 0.910147
32.467796 -12.992766 0.000000 0.950000
32.448017 -12.992766 1.133110 0.910147
32.388706 -12.992766 2.264839 0.832222
32.344246 -12.992766 2.829755 0.799870
32.387032 -12.019639 -2.833498 0.799870
32.431549 -12.019639 -2.267835 0.832222
32.490936 -12.019639 -1.134609 0.910147
32.510742 -12.019639 0.000000 0.950000
32.490936 -12.019639 1.134609 0.910147
32.431549 -12.019639 2.267835 0.832222
32.387032 -12.019639 2.833498 0.799870
32.351311 -10.960567 -2.830373 0.799870
32.395782 -10.960567 -2.265334 0.832222
32.455105 -10.960567 -1.133357 0.910147
32.474888 -10.960567 0.000000 0.950000
32.455105 -10.960567 1.133357 0.910147
32.395782 -10.960567 2.265334 0.832222
32.351311 -10.960567 2.830373 0.799870
32.329716 -10.021124 -2.828484 0.799870
32.374157 -10.021124 -2.263821 0.832222
32.433441 -10.021124 -1.132601 0.910147
32.453209 -10.021124 0.000000 0.950000
32.433441 -10.021124 1.132601 0.910147
32.374157 -10.021124 2.263821 0.832222
32.329716 -10.021124 2.828484 0.799870
32.395035 -8.969377 -2.834198 0.799870
32.439564 -8.969377 -2.268395 0.832222
32.498966 -8.969377 -1.134889 0.910147
32.518776 -8.969377 0.000000 0.950000
32.498966 -8.969377 1.134889 0.910147
32.439564 -8.969377 2.268395 0.832222
32.395035 -8.969377 2.834198 0.799870
32.405968 -8.008135 -2.835155 0.799870
32.450512 -8.008135 -2.269161 0.832222
32.509933 -8.008135 -1.135272 0.910147
32.529751 -8.008135 0.000000 0.950000
32.509933 -8.008135 1.135272 0.910147
32.450512 -8.008135 2.269161 0.832222
32.405968 -8.008135 2.835155 0.799870
32.404736 -6.979448 -2.835047 0.799870
32.449280 -6.979448 -2.269074 0.832222
32.508701 -6.979448 -1.135229 0.910147
32.528515 -6.979448 0.000000 0.950000
32.508701 -6.979448 1.135229 0.910147
32.449280 -6.979448 2.269074 0.832222
32.404736 -6.979448 2.835047 0.799870
32.369320 -5.969437 -2.831949 0.799870
32.413815 -5.969437 -2.266595 0.832222
32.473171 -5.969437 -1.133988 0.910147
32.492966 -5.969437 0.000000 0.950000
32.473171 -5.969437 1.133988 0.910147
32.413815 -5.969437 2.266595 0.832222
32.369320 -5.969437 2.831949 0.799870
32.379116 -4.979433 -2.832806 0.799870
32.423626 -4.979433 -2.267281 0.832222
32.483002 -4.979433 -1.134331 0.910147
32.502800 -4.979433 0.000000 0.950000
32.483002 -4.979433 1.134331 0.910147
32.423626 -4.979433 2.267281 0.832222
32.379116 -4.979433 2.832806 0.799870
32.358330 -3.999790 -2.830987 0.799870
32.402809 -3.999790 -2.265825 0.832222
32.462147 -3.999790 -1.133603 0.910147
32.481934 -3.999790 0.000000 0.950000
32.462147 -3.999790 1.133603 0.910147
32.402809 -3.999790 2.265825 0.832222
32.358330 -3.999790 2.830987 0.799870
32.391281 -2.964820 -2.833870 0.799870
32.435806 -2.964820 -2.268132 0.832222
32.495205 -2.964820 -1.134758 0.910147
32.515011 -2.964820 0.000000 0.950000
32.495205 -2.964820 1.134758 0.910147
32.435806 -2.964820 2.268132 0.832222
32.391281 -2.964820 2.833870 0.799870
32.387024 -2.005528 -2.833497 0.799870
32.431541 -2.005528 -2.267834 0.832222
32.490929 -2.005528 -1.134608 0.910147
32.510735 -2.005528 0.000000 0.950000
32.490929 -2.005528 1.134608 0.910147
32.431541 -2.005528 2.267834 0.832222
32.387024 -2.005528 2.833497 0.799870
32.356758 -0.981016 -2.830849 0.799870
32.401234 -0.981016 -2.265715 0.832222
32.460567 -0.981016 -1.133548 0.910147
32.480354 -0.981016 0.000000 0.950000
32.460567 -0.981016 1.133548 0.910147
32.401234 -0.981016 2.265715 0.832222
32.356758 -0.981016 2.830849 0.799870
32.371494 -0.034029 -2.832139 0.799870
32.415993 -0.034029 -2.266747 0.832222
32.475353 -0.034029 -1.134064 0.910147
32.495148 -0.034029 0.000000 0.950000
32.475353 -0.034029 1.134064 0.910147
32.415993 -0.034029 2.266747 0.832222
32.371494 -0.034029 2.832139 0.799870
32.356758 0.981016 -2.830849 0.799870
32.401234 0.981016 -2.265715 0.832222
32.460567 0.981016 -1.133548 0.910147
32.480354 0.981016 0.000000 0.950000
32.460567 0.981016 1.133548 0.910147
32.401234 0.981016 2.265715 0.832222
32.356758 0.981016 2.830849 0.799870
32.387024 2.005528 -2.833497 0.799870
32.431541 2.005528 -2.267834 0.832222
32.490929 2.005528 -1.134608 0.910147
32.510735 2.005528 0.000000 0.950000
32.490929 2.005528 1.134608 0.910147
32.431541 2.005528 2.267834 0.832222
32.387024 2.005528 2.833497 0.799870
32.391281 2.964820 -2.833870 0.799870
32.435806 2.964820 -2.268132 0.832222
32.495205 2.964820 -1.134758 0.910147
32.515011 2.964820 0.000000 0.950000
32.495205 2.964820 1.134758 0.910147
32.435806 2.964820 2.268132 0.832222
32.391281 2.964820 2.833870 0.799870
32.358330 3.999790 -2.830987 0.799870
32.402809 3.999790 -2.265825 0.832222
32.462147 3.999790 -1.133603 0.910147
32.481934 3.999790 0.000000 0.950000
32.462147 3.999790 1.133603 0.910147
32.402809 3.999790 2.265825 0.832222
32.358330 3.999790 2.830987 0.799870
32.379116 4.979433 -2.832806 0.799870
32.423626 4.979433 -2.267281 0.832222
32.483002 4.979433 -1.134331 0.910147
32.502800 4.979433 0.000000 0.950000
32.483002 4.979433 1.134331 0.910147
32.423626 4.979433 2.267281 0.832222
32.379116 4.979433 2.832806 0.799870
32.369320 5.969437 -2.831949 0.799870
32.413815 5.969437 -2.266595 0.832222
32.473171 5.969437 -1.133988 0.910147
32.492966 5.969437 0.000000 0.950000
32.473171 5.969437 1.133988 0.910147
32.413815 5.969437 2.266595 0.832222
32.369320 5.969437 2.831949 0.799870
32.404736 6.979448 -2.835047 0.799870
32.449280 6.979448 -2.269074 0.832222
32.508701 6.979448 -1.135229 0.910147
32.528515 6.979448 0.000000 0.950000
32.508701 6.979448 1.135229 0.910147
32.449280 6.979448 2.269074 0.832222
32.404736 6.979448 2.835047 0.799870
32.405968 8.008135 -2.835155 0.799870
32.450512 8.008135 -2.269161 0.832222
32.509933 8.008135 -1.135272 0.910147
32.529751 8.008135 0.000000 0.950000
32.509933 8.008135 1.135272 0.910147
32.450512 8.008135 2.269161 0.832222
32.405968 8.008135 2.835155 0.799870
32.395035 8.969377 -2.834198 0.799870
32.439564 8.969377 -2.268395 0.832222
32.498966 8.969377 -1.134889 0.910147
32.518776 8.969377 0.000000 0.950000
32.498966 8.969377 1.134889 0.910147
32.439564 8.969377 2.268395 0.832222
32.395035 8.969377 2.834198 0.799870
32.329716 10.021124 -2.828484 0.799870
32.374157 10.021124 -2.263821 0.832222
32.433441 10.021124 -1.132601 0.910147
32.453209 10.021124 0.000000 0.950000
32.433441 10.021124 1.132601 0.910147
32.374157 10.021124 2.263821 0.832222
32.329716 10.021124 2.828484 0.799870
32.351311 10.960567 -2.830373 0.799870
32.395782 10.960567 -2.265334 0.832222
32.455105 10.960567 -1.133357 0.910147
32.474888 10.960567 0.000000 0.950000
32.455105 10.960567 1.133357 0.910147
32.395782 10.960567 2.265334 0.832222
32.351311 10.960567 2.830373 0.799870
32.387032 12.019639 -2.833498 0.799870
32.431549 12.019639 -2.267835 0.832222
32.490936 12.019639 -1.134609 0.910147
32.510742 12.019639 0.000000 0.950000
32.490936 12.019639 1.134609 0.910147
32.431549 12.019639 2.267835 0.832222
32.387032 12.019639 2.833498 0.799870
32.344246 12.992766 -2.829755 0.799870
32.388706 12.992766 -2.264839 0.832222
32.448017 12.992766 -1.133110 0.910147
32.467796 12.992766 0.000000 0.950000
32.448017 12.992766 1.133110 0.910147
32.388706 12.992766 2.264839 0.832222
32.344246 12.992766 2.829755 0.799870
32.340969 14.008300 -2.829468 0.799870
32.385422 14.008300 -2.264609 0.832222
32.444729 14.008300 -1.132995 0.910147
32.464504 14.008300 0.000000 0.950000
32.444729 14.008300 1.132995 0.910147
32.385422 14.008300 2.264609 0.832222
32.340969 14.008300 2.829468 0.799870
32.407761 14.997251 -2.835312 0.799870
32.452309 14.997251 -2.269286 0.832222
32.511734 14.997251 -1.135335 0.910147
32.531551 14.997251 0.000000 0.950000
32.511734 14.997251 1.135335 0.910147
32.452309 14.997251 2.269286 0.832222
32.407761 14.997251 2.835312 0.799870
32.373440 15.969427 -2.832309 0.799870
32.417942 15.969427 -2.266883 0.832222
32.477306 15.969427 -1.134132 0.910147
32.497101 15.969427 0.000000 0.950000
32.477306 15.969427 1.134132 0.910147
32.417942 15.969427 2.266883 0.832222
32.373440 15.969427 2.832309 0.799870
32.373219 16.996180 -2.832290 0.799870
32.417721 16.996180 -2.266868 0.832222
32.477085 16.996180 -1.134125 0.910147
32.496880 16.996180 0.000000 0.950000
32.477085 16.996180 1.134125 0.910147
32.417721 16.996180 2.266868 0.832222
32.373219 16.996180 2.832290 0.799870
32.379330 17.964838 -2.832824 0.799870
32.423840 17.964838 -2.267296 0.832222
32.483215 17.964838 -1.134339 0.910147
32.503014 17.964838 0.000000 0.950000
32.483215 17.964838 1.134339 0.910147
32.423840 17.964838 2.267296 0.832222
32.379330 17.964838 2.832824 0.799870
32.421230 18.987339 -2.836490 0.799870
32.465797 18.987339 -2.270230 0.832222
32.525249 18.987339 -1.135807 0.910147
32.545074 18.987339 0.000000 0.950000
32.525249 18.987339 1.135807 0.910147
32.465797 18.987339 2.270230 0.832222
32.421230 18.987339 2.836490 0.799870
32.360435 19.992134 -2.831171 0.799870
32.404919 19.992134 -2.265972 0.832222
32.464260 19.992134 -1.133677 0.910147
32.484047 19.992134 0.000000 0.950000
32.464260 19.992134 1.133677 0.910147
32.404919 19.992134 2.265972 0.832222
32.360435 19.992134 2.831171 0.799870
32.386055 20.967180 -2.833413 0.799870
32.430573 20.967180 -2.267766 0.832222
32.489964 20.967180 -1.134574 0.910147
32.509766 20.967180 0.000000 0.950000
32.489964 20.967180 1.134574 0.910147
32.430573 20.967180 2.267766 0.832222
32.386055 20.967180 2.833413 0.799870
32.373432 21.969114 -2.832308 0.799870
32.417934 21.969114 -2.266882 0.832222
32.477299 21.969114 -1.134132 0.910147
32.497093 21.969114 0.000000 0.950000
32.477299 21.969114 1.134132 0.910147
32.417934 21.969114 2.266882 0.832222
32.373432 21.969114 2.832308 0.799870
32.641399 22.943058 -2.855752 0.799870
32.559822 22.854303 -2.276804 0.832222
32.619446 22.854303 -1.139096 0.910147
32.639328 22.854303 0.000000 0.950000
32.619446 22.854303 1.139096 0.910147
32.559822 22.854303 2.276804 0.832222
32.641399 22.943058 2.855752 0.799870
32.835503 -22.581396 -3.451150 0.777067
32.890732 -22.581396 -2.877566 0.799870
32.971119 -22.581396 -1.727943 0.871306
32.933105 -22.673508 -1.150049 0.910147
32.953178 -22.673508 0.000000 0.950000
32.933105 -22.673508 1.150049 0.910147
32.971119 -22.581396 1.727943 0.871306
32.890732 -22.581396 2.877566 0.799870
32.835503 -22.581396 3.451150 0.777067
33.370609 -21.773849 -3.507392 0.777067
33.308891 -21.955078 -2.914150 0.799870
33.390305 -21.955078 -1.749912 0.871306
33.415760 -21.955078 -1.166904 0.910147
33.436127 -21.955078 0.000000 0.950000
33.415760 -21.955078 1.166904 0.910147
33.390305 -21.955078 1.749912 0.871306
33.308891 -21.955078 2.914150 0.799870
33.370609 -21.773849 3.507392 0.777067
33.322735 -20.985872 -3.502361 0.777067
33.378784 -20.985872 -2.920265 0.799870
33.460365 -20.985872 -1.753584 0.871306
33.485874 -20.985872 -1.169353 0.910147
33.506287 -20.985872 0.000000 0.950000
33.485874 -20.985872 1.169353 0.910147
33.460365 -20.985872 1.753584 0.871306
33.378784 -20.985872 2.920265 0.799870
33.322735 -20.985872 3.502361 0.777067
33.290154 -20.001764 -3.498936 0.777067
33.346149 -20.001764 -2.917410 0.799870
33.427650 -20.001764 -1.751869 0.871306
33.453136 -20.001764 -1.168209 0.910147
33.473526 -20.001764 0.000000 0.950000
33.453136 -20.001764 1.168209 0.910147
33.427650 -20.001764 1.751869 0.871306
33.346149 -20.001764 2.917410 0.799870
33.290154 -20.001764 3.498936 0.777067
33.344494 -18.984776 -3.504647 0.777067
33.400581 -18.984776 -2.922172 0.799870
33.482212 -18.984776 -1.754728 0.871306
33.507740 -18.984776 -1.170116 0.910147
33.528164 -18.984776 0.000000 0.950000
33.507740 -18.984776 1.170116 0.910147
33.482212 -18.984776 1.754728 0.871306
33.400581 -18.984776 2.922172 0.799870
33.344494 -18.984776 3.504647 0.777067
33.363712 -17.988007 -3.506668 0.777067
33.419830 -17.988007 -2.923856 0.799870
33.501514 -17.988007 -1.755740 0.871306
33.527054 -17.988007 -1.170790 0.910147
33.547489 -17.988007 0.000000 0.950000
33.527054 -17.988007 1.170790 0.910147
33.501514 -17.988007 1.755740 0.871306
33.419830 -17.988007 2.923856 0.799870
33.363712 -17.988007 3.506668 0.777067
33.352222 -17.006392 -3.505460 0.777067
33.408321 -17.006392 -2.922849 0.799870
33.489975 -17.006392 -1.755135 0.871306
33.515507 -17.006392 -1.170387 0.910147
33.535934 -17.006392 0.000000 0.950000
33.515507 -17.006392 1.170387 0.910147
33.489975 -17.006392 1.755135 0.871306
33.408321 -17.006392 2.922849 0.799870
33.352222 -17.006392 3.505460 0.777067
33.347076 -15.964628 -3.504919 0.777067
33.403168 -15.964628 -2.922399 0.799870
33.484810 -15.964628 -1.754864 0.871306
33.510338 -15.964628 -1.170207 0.910147
33.530762 -15.964628 0.000000 0.950000
33.510338 -15.964628 1.170207 0.910147
33.484810 -15.964628 1.754864 0.871306
33.403168 -15.964628 2.922399 0.799870
33.347076 -15.964628 3.504919 0.777067
33.272259 -15.021477 -3.497055 0.777067
33.328224 -15.021477 -2.915842 0.799870
33.409683 -15.021477 -1.750927 0.871306
33.435154 -15.021477 -1.167581 0.910147
33.455532 -15.021477 0.000000 0.950000
33.435154 -15.021477 1.167581 0.910147
33.409683 -15.021477 1.750927 0.871306
33.328224 -15.021477 2.915842 0.799870
33.272259 -15.021477 3.497055 0.777067
33.306648 -13.968026 -3.500670 0.777067
33.362671 -13.968026 -2.918855 0.799870
33.444210 -13.968026 -1.752737 0.871306
33.469707 -13.968026 -1.168788 0.910147
33.490108 -13.968026 0.000000 0.950000
33.469707 -13.968026 1.168788 0.910147
33.444210 -13.968026 1.752737 0.871306
33.362671 -13.968026 2.918855 0.799870
33.306648 -13.968026 3.500670 0.777067
33.275253 -13.011315 -3.497370 0.777067
33.331223 -13.011315 -2.916104 0.799870
33.412685 -13.011315 -1.751085 0.871306
33.438160 -13.011315 -1.167686 0.910147
33.458542 -13.011315 0.000000 0.950000
33.438160 -13.011315 1.167686 0.910147
33.412685 -13.011315 1.751085 0.871306
33.331223 -13.011315 2.916104 0.799870
33.275253 -13.011315 3.497370 0.777067
33.314991 -12.020590 -3.501546 0.777067
33.371025 -12.020590 -2.919586 0.799870
33.452587 -12.020590 -1.753176 0.871306
33.478092 -12.020590 -1.169081 0.910147
33.498497 -12.020590 0.000000 0.950000
33.478092 -12.020590 1.169081 0.910147
33.452587 -12.020590 1.753176 0.871306
33.371025 -12.020590 2.919586 0.799870
33.314991 -12.020590 3.501546 0.777067
33.349026 -10.966661 -3.505124 0.777067
33.405121 -10.966661 -2.922569 0.799870
33.486767 -10.966661 -1.754967 0.871306
33.512295 -10.966661 -1.170275 0.910147
33.532722 -10.966661 0.000000 0.950000
33.512295 -10.966661 1.170275 0.910147
33.486767 -10.966661 1.754967 0.871306
33.405121 -10.966661 2.922569 0.799870
33.349026 -10.966661 3.505124 0.777067
33.324692 -10.008350 -3.502566 0.777067
33.380741 -10.008350 -2.920437 0.799870
33.462330 -10.008350 -1.753686 0.871306
33.487839 -10.008350 -1.169421 0.910147
33.508251 -10.008350 0.000000 0.950000
33.487839 -10.008350 1.169421 0.910147
33.462330 -10.008350 1.753686 0.871306
33.380741 -10.008350 2.920437 0.799870
33.324692 -10.008350 3.502566 0.777067
33.293922 -8.982745 -3.499332 0.777067
33.349922 -8.982745 -2.917740 0.799870
33.431435 -8.982745 -1.752067 0.871306
33.456921 -8.982745 -1.168341 0.910147
33.477314 -8.982745 0.000000 0.950000
33.456921 -8.982745 1.168341 0.910147
33.431435 -8.982745 1.752067 0.871306
33.349922 -8.982745 2.917740 0.799870
33.293922 -8.982745 3.499332 0.777067
33.304459 -7.996477 -3.500440 0.777067
33.360477 -7.996477 -2.918664 0.799870
33.442013 -7.996477 -1.752622 0.871306
33.467506 -7.996477 -1.168711 0.910147
33.487907 -7.996477 0.000000 0.950000
33.467506 -7.996477 1.168711 0.910147
33.442013 -7.996477 1.752622 0.871306
33.360477 -7.996477 2.918664 0.799870
33.304459 -7.996477 3.500440 0.777067
33.285156 -7.022421 -3.498411 0.777067
33.341141 -7.022421 -2.916972 0.799870
33.422630 -7.022421 -1.751606 0.871306
33.448109 -7.022421 -1.168034 0.910147
33.468498 -7.022421 0.000000 0.950000
33.448109 -7.022421 1.168034 0.910147
33.422630 -7.022421 1.751606 0.871306
33.341141 -7.022421 2.916972 0.799870
33.285156 -7.022421 3.498411 0.777067
33.326210 -5.999176 -3.502726 0.777067
33.382267 -5.999176 -2.920570 0.799870
33.463856 -5.999176 -1.753766 0.871306
33.489368 -5.999176 -1.169474 0.910147
33.509781 -5.999176 0.000000 0.950000
33.489368 -5.999176 1.169474 0.910147
33.463856 -5.999176 1.753766 0.871306
33.382267 -5.999176 2.920570 0.799870
33.326210 -5.999176 3.502726 0.777067
33.336319 -4.979688 -3.503788 0.777067
33.392391 -4.979688 -2.921456 0.799870
33.474003 -4.979688 -1.754298 0.871306
33.499523 -4.979688 -1.169829 0.910147
33.519943 -4.979688 0.000000 0.950000
33.499523 -4.979688 1.169829 0.910147
33.474003 -4.979688 1.754298 0.871306
33.392391 -4.979688 2.921456 0.799870
33.336319 -4.979688 3.503788 0.777067
33.315052 -3.970745 -3.501553 0.777067
33.371090 -3.970745 -2.919592 0.799870
33.452652 -3.970745 -1.753179 0.871306
33.478157 -3.970745 -1.169083 0.910147
33.498562 -3.970745 0.000000 0.950000
33.478157 -3.970745 1.169083 0.910147
33.452652 -3.970745 1.753179 0.871306
33.371090 -3.970745 2.919592 0.799870
33.315052 -3.970745 3.501553 0.777067
33.339863 -2.980098 -3.504161 0.777067
33.395939 -2.980098 -2.921766 0.799870
33.477562 -2.980098 -1.754485 0.871306
33.503086 -2.980098 -1.169953 0.910147
33.523506 -2.980098 0.000000 0.950000
33.503086 -2.980098 1.169953 0.910147
33.477562 -2.980098 1.754485 0.871306
33.395939 -2.980098 2.921766 0.799870
33.339863 -2.980098 3.504161 0.777067
33.335266 -1.997259 -3.503678 0.777067
33.391338 -1.997259 -2.921364 0.799870
33.472950 -1.997259 -1.754243 0.871306
33.498466 -1.997259 -1.169792 0.910147
33.518887 -1.997259 0.000000 0.950000
33.498466 -1.997259 1.169792 0.910147
33.472950 -1.997259 1.754243 0.871306
33.391338 -1.997259 2.921364 0.799870
33.335266 -1.997259 3.503678 0.777067
33.302261 -1.011381 -3.500209 0.777067
33.358276 -1.011381 -2.918471 0.799870
33.439808 -1.011381 -1.752506 0.871306
33.465302 -1.011381 -1.168634 0.910147
33.485699 -1.011381 0.000000 0.950000
33.465302 -1.011381 1.168634 0.910147
33.439808 -1.011381 1.752506 0.871306
33.358276 -1.011381 2.918471 0.799870
33.302261 -1.011381 3.500209 0.777067
33.317429 -0.035082 -3.501803 0.777067
33.373470 -0.035082 -2.919800 0.799870
33.455036 -0.035082 -1.753304 0.871306
33.480541 -0.035082 -1.169166 0.910147
33.500950 -0.035082 0.000000 0.950000
33.480541 -0.035082 1.169166 0.910147
33.455036 -0.035082 1.753304 0.871306
33.373470 -0.035082 2.919800 0.799870
33.317429 -0.035082 3.501803 0.777067
33.302261 1.011381 -3.500209 0.777067
33.358276 1.011381 -2.918471 0.799870
33.439808 1.011381 -1.752506 0.871306
33.465302 1.011381 -1.168634 0.910147
33.485699 1.011381 0.000000 0.950000
33.465302 1.011381 1.168634 0.910147
33.439808 1.011381 1.752506 0.871306
33.358276 1.011381 2.918471 0.799870
33.302261 1.011381 3.500209 0.777067
33.335266 1.997259 -3.503678 0.777067
33.391338 1.997259 -2.921364 0.799870
33.472950 1.997259 -1.754243 0.871306
33.498466 1.997259 -1.169792 0.910147
33.518887 1.997259 0.000000 0.950000
33.498466 1.997259 1.169792 0.910147
33.472950 1.997259 1.754243 0.871306
33.391338 1.997259 2.921364 0.799870
33.335266 1.997259 3.503678 0.777067
33.339863 2.980098 -3.504161 0.777067
33.395939 2.980098 -2.921766 0.799870
33.477562 2.980098 -1.754485 0.871306
33.503086 2.980098 -1.169953 0.910147
33.523506 2.980098 0.000000 0.950000
33.503086 2.980098 1.169953 0.910147
33.477562 2.980098 1.754485 0.871306
33.395939 2.980098 2.921766 0.799870
33.339863 2.980098 3.504161 0.777067
33.315052 3.970745 -3.501553 0.777067
33.371090 3.970745 -2.919592 0.799870
33.452652 3.970745 -1.753179 0.871306
33.478157 3.970745 -1.169083 0.910147
33.498562 3.970745 0.000000 0.950000
33.478157 3.970745 1.169083 0.910147
33.452652 3.970745 1.753179 0.871306
33.371090 3.970745 2.919592 0.799870
33.315052 3.970745 3.501553 0.777067
33.336319 4.979688 -3.503788 0.777067
33.392391 4.979688 -2.921456 0.799870
33.474003 4.979688 -1.754298 0.871306
33.499523 4.979688 -1.169829 0.910147
33.519943 4.979688 0.000000 0.950000
33.499523 4.979688 1.169829 0.910147
33.474003 4.979688 1.754298 0.871306
33.392391 4.979688 2.921456 0.799870
33.336319 4.979688 3.503788 0.777067
33.326210 5.999176 -3.502726 0.777067
33.382267 5.999176 -2.920570 0.799870
33.463856 5.999176 -1.753766 0.871306
33.489368 5.999176 -1.169474 0.910147
33.509781 5.999176 0.000000 0.950000
33.489368 5.999176 1.169474 0.910147
33.463856 5.999176 1.753766 0.871306
33.382267 5.999176 2.920570 0.799870
33.326210 5.999176 3.502726 0.777067
33.285156 7.022421 -3.498411 0.777067
33.341141 7.022421 -2.916972 0.799870
33.422630 7.022421 -1.751606 0.871306
33.448109 7.022421 -1.168034 0.910147
33.468498 7.022421 0.000000 0.950000
33.448109 7.022421 1.168034 0.910147
33.422630 7.022421 1.751606 0.871306
33.341141 7.022421 2.916972 0.799870
33.285156 7.022421 3.498411 0.777067
33.304459 7.996477 -3.500440 0.777067
33.360477 7.996477 -2.918664 0.799870
33.442013 7.996477 -1.752622 0.871306
33.467506 7.996477 -1.168711 0.910147
33.487907 7.996477 0.000000 0.950000
33.467506 7.996477 1.168711 0.910147
33.442013 7.996477 1.752622 0.871306
33.360477 7.996477 2.918664 0.799870
33.304459 7.996477 3.500440 0.777067
33.293922 8.982745 -3.499332 0.777067
33.349922 8.982745 -2.917740 0.799870
33.431435 8.982745 -1.752067 0.871306
33.456921 8.982745 -1.168341 0.910147
33.477314 8.982745 0.000000 0.950000
33.456921 8.982745 1.168341 0.910147
33.431435 8.982745 1.752067 0.871306
33.349922 8.982745 2.917740 0.799870
33.293922 8.982745 3.499332 0.777067
33.324692 10.008350 -3.502566 0.777067
33.380741 10.008350 -2.920437 0.799870
33.462330 10.008350 -1.753686 0.871306
33.487839 10.008350 -1.169421 0.910147
33.508251 10.008350 0.000000 0.950000
33.487839 10.008350 1.169421 0.910147
33.462330 10.008350 1.753686 0.871306
33.380741 10.008350 2.920437 0.799870
33.324692 10.008350 3.502566 0.777067
33.349026 10.966661 -3.505124 0.777067
33.405121 10.966661 -2.922569 0.799870
33.486767 10.966661 -1.754967 0.871306
33.512295 10.966661 -1.170275 0.910147
33.532722 10.966661 0.000000 0.950000
33.512295 10.966661 1.170275 0.910147
33.486767 10.966661 1.754967 0.871306
33.405121 10.966661 2.922569 0.799870
33.349026 10.966661 3.505124 0.777067
33.314991 12.020590 -3.501546 0.777067
33.371025 12.020590 -2.919586 0.799870
33.452587 12.020590 -1.753176 0.871306
33.478092 12.020590 -1.169081 0.910147
33.498497 12.020590 0.000000 0.950000
33.478092 12.020590 1.169081 0.910147
33.452587 12.020590 1.753176 0.871306
33.371025 12.020590 2.919586 0.799870
33.314991 12.020590 3.501546 0.777067
33.275253 13.011315 -3.497370 0.777067
33.331223 13.011315 -2.916104 0.799870
33.412685 13.011315 -1.751085 0.871306
33.438160 13.011315 -1.167686 0.910147
33.458542 13.011315 0.000000 0.950000
33.438160 13.011315 1.167686 0.910147
33.412685 13.011315 1.751085 0.871306
33.331223 13.011315 2.916104 0.799870
33.275253 13.011315 3.497370 0.777067
33.306648 13.968026 -3.500670 0.777067
33.362671 13.968026 -2.918855 0.799870
33.444210 13.968026 -1.752737 0.871306
33.469707 13.968026 -1.168788 0.910147
33.490108 13.968026 0.000000 0.950000
33.469707 13.968026 1.168788 0.910147
33.444210 13.968026 1.752737 0.871306
33.362671 13.968026 2.918855 0.799870
33.306648 13.968026 3.500670 0.777067
33.272259 15.021477 -3.497055 0.777067
33.328224 15.021477 -2.915842 0.799870
33.409683 15.021477 -1.750927 0.871306
33.435154 15.021477 -1.167581 0.910147
33.455532 15.021477 0.000000 0.950000
33.435154 15.021477 1.167581 0.910147
33.409683 15.021477 1.750927 0.871306
33.328224 15.021477 2.915842 0.799870
33.272259 15.021477 3.497055 0.777067
33.347076 15.964628 -3.504919 0.777067
33.403168 15.964628 -2.922399 0.799870
33.484810 15.964628 -1.754864 0.871306
33.510338 15.964628 -1.170207 0.910147
33.530762 15.964628 0.000000 0.950000
33.510338 15.964628 1.170207 0.910147
33.484810 15.964628 1.754864 0.871306
33.403168 15.964628 2.922399 0.799870
33.347076 15.964628 3.504919 0.777067
33.352222 17.006392 -3.505460 0.777067
33.408321 17.006392 -2.922849 0.799870
33.489975 17.006392 -1.755135 0.871306
33.515507 17.006392 -1.170387 0.910147
33.535934 17.006392 0.000000 0.950000
33.515507 17.006392 1.170387 0.910147
33.489975 17.006392 1.755135 0.871306
33.408321 17.006392 2.922849 0.799870
33.352222 17.006392 3.505460 0.777067
33.363712 17.988007 -3.506668 0.777067
33.419830 17.988007 -2.923856 0.799870
33.501514 17.988007 -1.755740 0.871306
33.527054 17.988007 -1.170790 0.910147
33.547489 17.988007 0.000000 0.950000
33.527054 17.988007 1.170790 0.910147
33.501514 17.988007 1.755740 0.871306
33.419830 17.988007 2.923856 0.799870
33.363712 17.988007 3.506668 0.777067
33.344494 18.984776 -3.504647 0.777067
33.400581 18.984776 -2.922172 0.799870
33.482212 18.984776 -1.754728 0.871306
33.507740 18.984776 -1.170116 0.910147
33.528164 18.984776 0.000000 0.950000
33.507740 18.984776 1.170116 0.910147
33.482212 18.984776 1.754728 0.871306
33.400581 18.984776 2.922172 0.799870
33.344494 18.984776 3.504647 0.777067
33.290154 20.001764 -3.498936 0.777067
33.346149 20.001764 -2.917410 0.799870
33.427650 20.001764 -1.751869 0.871306
33.453136 20.001764 -1.168209 0.910147
33.473526 20.001764 0.000000 0.950000
33.453136 20.001764 1.168209 0.910147
33.427650 20.001764 1.751869 0.871306
33.346149 20.001764 2.917410 0.799870
33.290154 20.001764 3.498936 0.777067
33.322735 20.985872 -3.502361 0.777067
33.378784 20.985872 -2.920265 0.799870
33.460365 20.985872 -1.753584 0.871306
33.485874 20.985872 -1.169353 0.910147
33.506287 20.985872 0.000000 0.950000
33.485874 20.985872 1.169353 0.910147
33.460365 20.985872 1.753584 0.871306
33.378784 20.985872 2.920265 0.799870
33.322735 20.985872 3.502361 0.777067
33.370609 21.773849 -3.507392 0.777067
33.308891 21.955078 -2.914150 0.799870
33.390305 21.955078 -1.749912 0.871306
33.415760 21.955078 -1.166904 0.910147
33.436127 21.955078 0.000000 0.950000
33.415760 21.955078 1.166904 0.910147
33.390305 21.955078 1.749912 0.871306
33.308891 21.955078 2.914150 0.799870
33.370609 21.773849 3.507392 0.777067
32.835503 22.581396 -3.451150 0.777067
32.890732 22.581396 -2.877566 0.799870
32.971119 22.581396 -1.727943 0.871306
32.933105 22.673508 -1.150049 0.910147
32.953178 22.673508 0.000000 0.950000
32.933105 22.673508 1.150049 0.910147
32.971119 22.581396 1.727943 0.871306
32.890732 22.581396 2.877566 0.799870
32.835503 22.581396 3.451150 0.777067
32.713512 -22.759701 -3.438329 0.777067
32.768536 -22.759701 -2.866876 0.799870
32.785030 -22.851467 -1.718191 0.871306
32.810024 -22.851467 -1.145751 0.910147
32.830025 -22.851467 0.000000 0.950000
32.810024 -22.851467 1.145751 0.910147
32.785030 -22.851467 1.718191 0.871306
32.768536 -22.759701 2.866876 0.799870
32.713512 -22.759701 3.438329 0.777067
33.252960 -21.955078 -3.495027 0.777067
33.132225 -22.222809 -2.898694 0.799870
33.213203 -22.222809 -1.740630 0.871306
33.238525 -22.222809 -1.160715 0.910147
33.258785 -22.222809 0.000000 0.950000
33.238525 -22.222809 1.160715 0.910147
33.213203 -22.222809 1.740630 0.871306
33.132225 -22.222809 2.898694 0.799870
33.252960 -21.955078 3.495027 0.777067
33.599262 -21.415386 -3.531425 0.777067
33.655777 -21.415386 -2.944499 0.799870
33.681931 -21.503759 -1.765195 0.871306
33.707607 -21.503759 -1.177096 0.910147
33.728153 -21.503759 0.000000 0.950000
33.707607 -21.503759 1.177096 0.910147
33.681931 -21.503759 1.765195 0.871306
33.655777 -21.415386 2.944499 0.799870
33.599262 -21.415386 3.531425 0.777067
33.987511 -20.786730 -3.572232 0.777067
34.044682 -20.786730 -2.978523 0.799870
34.127888 -20.786730 -1.788567 0.871306
34.153908 -20.786730 -1.192681 0.910147
34.174725 -20.786730 0.000000 0.950000
34.153908 -20.786730 1.192681 0.910147
34.127888 -20.786730 1.788567 0.871306
34.044682 -20.786730 2.978523 0.799870
33.987511 -20.786730 3.572232 0.777067
34.465130 -19.975811 -3.622431 0.777067
34.523102 -19.975811 -3.020380 0.799870
34.421459 -19.988842 -1.803952 0.871306
34.447701 -19.988842 -1.202940 0.910147
34.468697 -19.988842 0.000000 0.950000
34.447701 -19.988842 1.202940 0.910147
34.421459 -19.988842 1.803952 0.871306
34.523102 -19.975811 3.020380 0.799870
34.465130 -19.975811 3.622431 0.777067
34.327408 -18.959915 -3.607956 0.777067
34.385147 -18.959915 -3.008311 0.799870
34.469185 -18.959915 -1.806453 0.871306
34.495464 -18.959915 -1.204608 0.910147
34.516491 -18.959915 0.000000 0.950000
34.495464 -18.959915 1.204608 0.910147
34.469185 -18.959915 1.806453 0.871306
34.385147 -18.959915 3.008311 0.799870
34.327408 -18.959915 3.607956 0.777067
34.296173 -18.036032 -3.604673 0.777067
34.353859 -18.036032 -3.005573 0.799870
34.437824 -18.036032 -1.804810 0.871306
34.464077 -18.036032 -1.203512 0.910147
34.485085 -18.036032 0.000000 0.950000
34.464077 -18.036032 1.203512 0.910147
34.437824 -18.036032 1.804810 0.871306
34.353859 -18.036032 3.005573 0.799870
34.296173 -18.036032 3.604673 0.777067
34.321758 -16.958986 -3.607362 0.777067
34.379486 -16.958986 -3.007815 0.799870
34.463512 -16.958986 -1.806156 0.871306
34.489788 -16.958986 -1.204410 0.910147
34.510811 -16.958986 0.000000 0.950000
34.489788 -16.958986 1.204410 0.910147
34.463512 -16.958986 1.806156 0.871306
34.379486 -16.958986 3.007815 0.799870
34.321758 -16.958986 3.607362 0.777067
34.340961 -16.021023 -3.609380 0.777067
34.398724 -16.021023 -3.009498 0.799870
34.482800 -16.021023 -1.807167 0.871306
34.509087 -16.021023 -1.205084 0.910147
34.530121 -16.021023 0.000000 0.950000
34.509087 -16.021023 1.205084 0.910147
34.482800 -16.021023 1.807167 0.871306
34.398724 -16.021023 3.009498 0.799870
34.340961 -16.021023 3.609380 0.777067
34.299179 -14.981544 -3.604989 0.777067
34.356873 -14.981544 -3.005837 0.799870
34.440845 -14.981544 -1.804968 0.871306
34.467102 -14.981544 -1.203618 0.910147
34.488110 -14.981544 0.000000 0.950000
34.467102 -14.981544 1.203618 0.910147
34.440845 -14.981544 1.804968 0.871306
34.356873 -14.981544 3.005837 0.799870
34.299179 -14.981544 3.604989 0.777067
34.296455 -13.989037 -3.604703 0.777067
34.354145 -13.989037 -3.005598 0.799870
34.438110 -13.989037 -1.804825 0.871306
34.464363 -13.989037 -1.203522 0.910147
34.485371 -13.989037 0.000000 0.950000
34.464363 -13.989037 1.203522 0.910147
34.438110 -13.989037 1.804825 0.871306
34.354145 -13.989037 3.005598 0.799870
34.296455 -13.989037 3.604703 0.777067
34.333652 -13.045068 -3.608612 0.777067
34.391399 -13.045068 -3.008858 0.799870
34.475456 -13.045068 -1.806782 0.871306
34.501740 -13.045068 -1.204827 0.910147
34.522770 -13.045068 0.000000 0.950000
34.501740 -13.045068 1.204827 0.910147
34.475456 -13.045068 1.806782 0.871306
34.391399 -13.045068 3.008858 0.799870
34.333652 -13.045068 3.608612 0.777067
34.298168 -12.009676 -3.604883 0.777067
34.355858 -12.009676 -3.005748 0.799870
34.439827 -12.009676 -1.804915 0.871306
34.466084 -12.009676 -1.203582 0.910147
34.487091 -12.009676 0.000000 0.950000
34.466084 -12.009676 1.203582 0.910147
34.439827 -12.009676 1.804915 0.871306
34.355858 -12.009676 3.005748 0.799870
34.298168 -12.009676 3.604883 0.777067
34.305859 -11.008702 -3.605691 0.777067
34.363560 -11.008702 -3.006422 0.799870
34.447548 -11.008702 -1.805320 0.871306
34.473812 -11.008702 -1.203852 0.910147
34.494823 -11.008702 0.000000 0.950000
34.473812 -11.008702 1.203852 0.910147
34.447548 -11.008702 1.805320 0.871306
34.363560 -11.008702 3.006422 0.799870
34.305859 -11.008702 3.605691 0.777067
34.281658 -10.027652 -3.603147 0.777067
34.339321 -10.027652 -3.004301 0.799870
34.423248 -10.027652 -1.804046 0.871306
34.449490 -10.027652 -1.203003 0.910147
34.470490 -10.027652 0.000000 0.950000
34.449490 -10.027652 1.203003 0.910147
34.423248 -10.027652 1.804046 0.871306
34.339321 -10.027652 3.004301 0.799870
34.281658 -10.027652 3.603147 0.777067
34.323383 -9.002684 -3.607533 0.777067
34.381115 -9.002684 -3.007958 0.799870
34.465145 -9.002684 -1.806242 0.871306
34.491421 -9.002684 -1.204467 0.910147
34.512444 -9.002684 0.000000 0.950000
34.491421 -9.002684 1.204467 0.910147
34.465145 -9.002684 1.806242 0.871306
34.381115 -9.002684 3.007958 0.799870
34.323383 -9.002684 3.607533 0.777067
34.333706 -7.989264 -3.608618 0.777067
34.391453 -7.989264 -3.008862 0.799870
34.475510 -7.989264 -1.806785 0.871306
34.501793 -7.989264 -1.204829 0.910147
34.522823 -7.989264 0.000000 0.950000
34.501793 -7.989264 1.204829 0.910147
34.475510 -7.989264 1.806785 0.871306
34.391453 -7.989264 3.008862 0.799870
34.333706 -7.989264 3.608618 0.777067
34.313488 -6.988262 -3.606493 0.777067
34.371204 -6.988262 -3.007091 0.799870
34.455208 -6.988262 -1.805721 0.871306
34.481476 -6.988262 -1.204120 0.910147
34.502495 -6.988262 0.000000 0.950000
34.481476 -6.988262 1.204120 0.910147
34.455208 -6.988262 1.805721 0.871306
34.371204 -6.988262 3.007091 0.799870
34.313488 -6.988262 3.606493 0.777067
34.339413 -6.013780 -3.609218 0.777067
34.397175 -6.013780 -3.009363 0.799870
34.481243 -6.013780 -1.807085 0.871306
34.507530 -6.013780 -1.205029 0.910147
34.528564 -6.013780 0.000000 0.950000
34.507530 -6.013780 1.205029 0.910147
34.481243 -6.013780 1.807085 0.871306
34.397175 -6.013780 3.009363 0.799870
34.339413 -6.013780 3.609218 0.777067
34.348541 -4.970811 -3.610177 0.777067
34.406319 -4.970811 -3.010163 0.799870
34.490410 -4.970811 -1.807566 0.871306
34.516705 -4.970811 -1.205350 0.910147
34.537743 -4.970811 0.000000 0.950000
34.516705 -4.970811 1.205350 0.910147
34.490410 -4.970811 1.807566 0.871306
34.406319 -4.970811 3.010163 0.799870
34.348541 -4.970811 3.610177 0.777067
34.317532 -4.010856 -3.606918 0.777067
34.375256 -4.010856 -3.007445 0.799870
34.459270 -4.010856 -1.805934 0.871306
34.485542 -4.010856 -1.204262 0.910147
34.506561 -4.010856 0.000000 0.950000
34.485542 -4.010856 1.204262 0.910147
34.459270 -4.010856 1.805934 0.871306
34.375256 -4.010856 3.007445 0.799870
34.317532 -4.010856 3.606918 0.777067
34.343063 -2.990816 -3.609601 0.777067
34.400829 -2.990816 -3.009683 0.799870
34.484909 -2.990816 -1.807277 0.871306
34.511200 -2.990816 -1.205158 0.910147
34.532234 -2.990816 0.000000 0.950000
34.511200 -2.990816 1.205158 0.910147
34.484909 -2.990816 1.807277 0.871306
34.400829 -2.990816 3.009683 0.799870
34.343063 -2.990816 3.609601 0.777067
34.338341 -1.978750 -3.609105 0.777067
34.396099 -1.978750 -3.009269 0.799870
34.480164 -1.978750 -1.807029 0.871306
34.506451 -1.978750 -1.204992 0.910147
34.527485 -1.978750 0.000000 0.950000
34.506451 -1.978750 1.204992 0.910147
34.480164 -1.978750 1.807029 0.871306
34.396099 -1.978750 3.009269 0.799870
34.338341 -1.978750 3.609105 0.777067
34.304359 -0.963486 -3.605533 0.777067
34.362061 -0.963486 -3.006291 0.799870
34.446045 -0.963486 -1.805241 0.871306
34.472305 -0.963486 -1.203799 0.910147
34.493317 -0.963486 0.000000 0.950000
34.472305 -0.963486 1.203799 0.910147
34.446045 -0.963486 1.805241 0.871306
34.362061 -0.963486 3.006291 0.799870
34.304359 -0.963486 3.605533 0.777067
34.317722 -0.036135 -3.606938 0.777067
34.375443 -0.036135 -3.007462 0.799870
34.459461 -0.036135 -1.805944 0.871306
34.485733 -0.036135 -1.204268 0.910147
34.506752 -0.036135 0.000000 0.950000
34.485733 -0.036135 1.204268 0.910147
34.459461 -0.036135 1.805944 0.871306
34.375443 -0.036135 3.007462 0.799870
34.317722 -0.036135 3.606938 0.777067
34.304359 0.963486 -3.605533 0.777067
34.362061 0.963486 -3.006291 0.799870
34.446045 0.963486 -1.805241 0.871306
34.472305 0.963486 -1.203799 0.910147
34.493317 0.963486 0.000000 0.950000
34.472305 0.963486 1.203799 0.910147
34.446045 0.963486 1.805241 0.871306
34.362061 0.963486 3.006291 0.799870
34.304359 0.963486 3.605533 0.777067
34.338341 1.978750 -3.609105 0.777067
34.396099 1.978750 -3.009269 0.799870
34.480164 1.978750 -1.807029 0.871306
34.506451 1.978750 -1.204992 0.910147
34.527485 1.978750 0.000000 0.950000
34.506451 1.978750 1.204992 0.910147
34.480164 1.978750 1.807029 0.871306
34.396099 1.978750 3.009269 0.799870
34.338341 1.978750 3.609105 0.777067
34.343063 2.990816 -3.609601 0.777067
34.400829 2.990816 -3.009683 0.799870
34.484909 2.990816 -1.807277 0.871306
34.511200 2.990816 -1.205158 0.910147
34.532234 2.990816 0.000000 0.950000
34.511200 2.990816 1.205158 0.910147
34.484909 2.990816 1.807277 0.871306
34.400829 2.990816 3.009683 0.799870
34.343063 2.990816 3.609601 0.777067
34.317532 4.010856 -3.606918 0.777067
34.375256 4.010856 -3.007445 0.799870
34.459270 4.010856 -1.805934 0.871306
34.485542 4.010856 -1.204262 0.910147
34.506561 4.010856 0.000000 0.950000
34.485542 4.010856 1.204262 0.910147
34.459270 4.010856 1.805934 0.871306
34.375256 4.010856 3.007445 0.799870
34.317532 4.010856 3.606918 0.777067
34.348541 4.970811 -3.610177 0.777067
34.406319 4.970811 -3.010163 0.799870
34.490410 4.970811 -1.807566 0.871306
34.516705 4.970811 -1.205350 0.910147
34.537743 4.970811 0.000000 0.950000
34.516705 4.970811 1.205350 0.910147
34.490410 4.970811 1.807566 0.871306
34.406319 4.970811 3.010163 0.799870
34.348541 4.970811 3.610177 0.777067
34.339413 6.013780 -3.609218 0.777067
34.397175 6.013780 -3.009363 0.799870
34.481243 6.013780 -1.807085 0.871306
34.507530 6.013780 -1.205029 0.910147
34.528564 6.013780 0.000000 0.950000
34.507530 6.013780 1.205029 0.910147
34.481243 6.013780 1.807085 0.871306
34.397175 6.013780 3.009363 0.799870
34.339413 6.013780 3.609218 0.777067
34.313488 6.988262 -3.606493 0.777067
34.371204 6.988262 -3.007091 0.799870
34.455208 6.988262 -1.805721 0.871306
34.481476 6.988262 -1.204120 0.910147
34.502495 6.988262 0.000000 0.950000
34.481476 6.988262 1.204120 0.910147
34.455208 6.988262 1.805721 0.871306
34.371204 6.988262 3.007091 0.799870
34.313488 6.988262 3.606493 0.777067
34.333706 7.989264 -3.608618 0.777067
34.391453 7.989264 -3.008862 0.799870
34.475510 7.989264 -1.806785 0.871306
34.501793 7.989264 -1.204829 0.910147
34.522823 7.989264 0.000000 0.950000
34.501793 7.989264 1.204829 0.910147
34.475510 7.989264 1.806785 0.871306
34.391453 7.989264 3.008862 0.799870
34.333706 7.989264 3.608618 0.777067
34.323383 9.002684 -3.607533 0.777067
34.381115 9.002684 -3.007958 0.799870
34.465145 9.002684 -1.806242 0.871306
34.491421 9.002684 -1.204467 0.910147
34.512444 9.002684 0.000000 0.950000
34.491421 9.002684 1.204467 0.910147
34.465145 9.002684 1.806242 0.871306
34.381115 9.002684 3.007958 0.799870
34.323383 9.002684 3.607533 0.777067
34.281658 10.027652 -3.603147 0.777067
34.339321 10.027652 -3.004301 0.799870
34.423248 10.027652 -1.804046 0.871306
34.449490 10.027652 -1.203003 0.910147
34.470490 10.027652 0.000000 0.950000
34.449490 10.027652 1.203003 0.910147
34.423248 10.027652 1.804046 0.871306
34.339321 10.027652 3.004301 0.799870
34.281658 10.027652 3.603147 0.777067
34.305859 11.008702 -3.605691 0.777067
34.363560 11.008702 -3.006422 0.799870
34.447548 11.008702 -1.805320 0.871306
34.473812 11.008702 -1.203852 0.910147
34.494823 11.008702 0.000000 0.950000
34.473812 11.008702 1.203852 0.910147
34.447548 11.008702 1.805320 0.871306
34.363560 11.008702 3.006422 0.799870
34.305859 11.008702 3.605691 0.777067
34.298168 12.009676 -3.604883 0.777067
34.355858 12.009676 -3.005748 0.799870
34.439827 12.009676 -1.804915 0.871306
34.466084 12.009676 -1.203582 0.910147
34.487091 12.009676 0.000000 0.950000
34.466084 12.009676 1.203582 0.910147
34.439827 12.009676 1.804915 0.871306
34.355858 12.009676 3.005748 0.799870
34.298168 12.009676 3.604883 0.777067
34.333652 13.045068 -3.608612 0.777067
34.391399 13.045068 -3.008858 0.799870
34.475456 13.045068 -1.806782 0.871306
34.501740 13.045068 -1.204827 0.910147
34.522770 13.045068 0.000000 0.950000
34.501740 13.045068 1.204827 0.910147
34.475456 13.045068 1.806782 0.871306
34.391399 13.045068 3.008858 0.799870
34.333652 13.045068 3.608612 0.777067
34.296455 13.989037 -3.604703 0.777067
34.354145 13.989037 -3.005598 0.799870
34.438110 13.989037 -1.804825 0.871306
34.464363 13.989037 -1.203522 0.910147
34.485371 13.989037 0.000000 0.950000
34.464363 13.989037 1.203522 0.910147
34.438110 13.989037 1.804825 0.871306
34.354145 13.989037 3.005598 0.799870
34.296455 13.989037 3.604703 0.777067
34.299179 14.981544 -3.604989 0.777067
34.356873 14.981544 -3.005837 0.799870
34.440845 14.981544 -1.804968 0.871306
34.467102 14.981544 -1.203618 0.910147
34.488110 14.981544 0.000000 0.950000
34.467102 14.981544 1.203618 0.910147
34.440845 14.981544 1.804968 0.871306
34.356873 14.981544 3.005837 0.799870
34.299179 14.981544 3.604989 0.777067
34.340961 16.021023 -3.609380 0.777067
34.398724 16.021023 -3.009498 0.799870
34.482800 16.021023 -1.807167 0.871306
34.509087 16.021023 -1.205084 0.910147
34.530121 16.021023 0.000000 0.950000
34.509087 16.021023 1.205084 0.910147
34.482800 16.021023 1.807167 0.871306
34.398724 16.021023 3.009498 0.799870
34.340961 16.021023 3.609380 0.777067
34.321758 16.958986 -3.607362 0.777067
34.379486 16.958986 -3.007815 0.799870
34.463512 16.958986 -1.806156 0.871306
34.489788 16.958986 -1.204410 0.910147
34.510811 16.958986 0.000000 0.950000
34.489788 16.958986 1.204410 0.910147
34.463512 16.958986 1.806156 0.871306
34.379486 16.958986 3.007815 0.799870
34.321758 16.958986 3.607362 0.777067
34.296173 18.036032 -3.604673 0.777067
34.353859 18.036032 -3.005573 0.799870
34.437824 18.036032 -1.804810 0.871306
34.464077 18.036032 -1.203512 0.910147
34.485085 18.036032 0.000000 0.950000
34.464077 18.036032 1.203512 0.910147
34.437824 18.036032 1.804810 0.871306
34.353859 18.036032 3.005573 0.799870
34.296173 18.036032 3.604673 0.777067
34.327408 18.959915 -3.607956 0.777067
34.385147 18.959915 -3.008311 0.799870
34.469185 18.959915 -1.806453 0.871306
34.495464 18.959915 -1.204608 0.910147
34.516491 18.959915 0.000000 0.950000
34.495464 18.959915 1.204608 0.910147
34.469185 18.959915 1.806453 0.871306
34.385147 18.959915 3.008311 0.799870
34.327408 18.959915 3.607956 0.777067
34.465130 19.975811 -3.622431 0.777067
34.523102 19.975811 -3.020380 0.799870
34.421459 19.988842 -1.803952 0.871306
34.447701 19.988842 -1.202940 0.910147
34.468697 19.988842 0.000000 0.950000
34.447701 19.988842 1.202940 0.910147
34.421459 19.988842 1.803952 0.871306
34.523102 19.975811 3.020380 0.799870
34.465130 19.975811 3.622431 0.777067
33.987511 20.786730 -3.572232 0.777067
34.044682 20.786730 -2.978523 0.799870
34.127888 20.786730 -1.788567 0.871306
34.153908 20.786730 -1.192681 0.910147
34.174725 20.786730 0.000000 0.950000
34.153908 20.786730 1.192681 0.910147
34.127888 20.786730 1.788567 0.871306
34.044682 20.786730 2.978523 0.799870
33.987511 20.786730 3.572232 0.777067
33.599262 21.415386 -3.531425 0.777067
33.655777 21.415386 -2.944499 0.799870
33.681931 21.503759 -1.765195 0.871306
33.707607 21.503759 -1.177096 0.910147
33.728153 21.503759 0.000000 0.950000
33.707607 21.503759 1.177096 0.910147
33.681931 21.503759 1.765195 0.871306
33.655777 21.415386 2.944499 0.799870
33.599262 21.415386 3.531425 0.777067
33.252960 21.955078 -3.495027 0.777067
33.132225 22.222809 -2.898694 0.799870
33.213203 22.222809 -1.740630 0.871306
33.238525 22.222809 -1.160715 0.910147
33.258785 22.222809 0.000000 0.950000
33.238525 22.222809 1.160715 0.910147
33.213203 22.222809 1.740630 0.871306
33.132225 22.222809 2.898694 0.799870
33.252960 21.955078 3.495027 0.777067
32.713512 22.759701 -3.438329 0.777067
32.768536 22.759701 -2.866876 0.799870
32.785030 22.851467 -1.718191 0.871306
32.810024 22.851467 -1.145751 0.910147
32.830025 22.851467 0.000000 0.950000
32.810024 22.851467 1.145751 0.910147
32.785030 22.851467 1.718191 0.871306
32.768536 22.759701 2.866876 0.799870
32.713512 22.759701 3.438329 0.777067
32.586586 -22.943058 -3.424988 0.777067
32.641399 -22.943058 -2.855752 0.799870
32.721176 -22.943058 -1.714844 0.871306
32.746124 -22.943058 -1.143520 0.910147
32.766083 -22.943058 0.000000 0.950000
32.746124 -22.943058 1.143520 0.910147
32.721176 -22.943058 1.714844 0.871306
32.641399 -22.943058 2.855752 0.799870
32.586586 -22.943058 3.424988 0.777067
33.076591 -22.222809 -3.476490 0.777067
33.011963 -22.402430 -2.888172 0.799870
33.092648 -22.402430 -1.734312 0.871306
33.117874 -22.402430 -1.156502 0.910147
33.138062 -22.402430 0.000000 0.950000
33.117874 -22.402430 1.156502 0.910147
33.092648 -22.402430 1.734312 0.871306
33.011963 -22.402430 2.888172 0.799870
33.076591 -22.222809 3.476490 0.777067
33.487286 -21.591986 -3.519655 0.777067
33.426739 -21.773849 -2.924461 0.799870
33.508438 -21.773849 -1.756103 0.871306
33.533985 -21.773849 -1.171032 0.910147
33.554424 -21.773849 0.000000 0.950000
33.533985 -21.773849 1.171032 0.910147
33.508438 -21.773849 1.756103 0.871306
33.426739 -21.773849 2.924461 0.799870
33.487286 -21.591986 3.519655 0.777067
33.824100 -21.054493 -3.555056 0.777067
33.880997 -21.054493 -2.964203 0.799870
33.963802 -21.054493 -1.779968 0.871306
33.989697 -21.054493 -1.186946 0.910147
34.010414 -21.054493 0.000000 0.950000
33.989697 -21.054493 1.186946 0.910147
33.963802 -21.054493 1.779968 0.871306
33.880997 -21.054493 2.964203 0.799870
33.824100 -21.054493 3.555056 0.777067
34.308037 -20.247372 -3.605920 0.777067
34.312820 -20.337616 -3.001983 0.799870
34.396683 -20.337616 -1.802654 0.871306
34.422909 -20.337616 -1.202074 0.910147
34.443890 -20.337616 0.000000 0.950000
34.422909 -20.337616 1.202074 0.910147
34.396683 -20.337616 1.802654 0.871306
34.312820 -20.337616 3.001983 0.799870
34.308037 -20.247372 3.605920 0.777067
34.718830 -19.526573 -3.649096 0.777067
34.726181 -19.617901 -3.038147 0.799870
34.811054 -19.617901 -1.824370 0.871306
34.837593 -19.617901 -1.216556 0.910147
34.858829 -19.617901 0.000000 0.950000
34.837593 -19.617901 1.216556 0.910147
34.811054 -19.617901 1.824370 0.871306
34.726181 -19.617901 3.038147 0.799870
34.718830 -19.526573 3.649096 0.777067
35.108116 -18.809675 -3.690012 0.777067
35.167171 -18.809675 -3.076729 0.799870
35.253120 -18.809675 -1.847538 0.871306
35.230663 -18.902031 -1.230282 0.910147
35.252136 -18.902031 0.000000 0.950000
35.230663 -18.902031 1.230282 0.910147
35.253120 -18.809675 1.847538 0.871306
35.167171 -18.809675 3.076729 0.799870
35.108116 -18.809675 3.690012 0.777067
35.479630 -18.091162 -3.729059 0.777067
35.539307 -18.091162 -3.109287 0.799870
35.419441 -17.986185 -1.856254 0.871306
35.446442 -17.986185 -1.237817 0.910147
35.468048 -17.986185 0.000000 0.950000
35.446442 -17.986185 1.237817 0.910147
35.419441 -17.986185 1.856254 0.871306
35.539307 -18.091162 3.109287 0.799870
35.479630 -18.091162 3.729059 0.777067
35.320553 -17.015987 -3.712339 0.777067
35.379963 -17.015987 -3.095345 0.799870
35.466434 -17.015987 -1.858717 0.871306
35.493473 -17.015987 -1.239459 0.910147
35.515106 -17.015987 0.000000 0.950000
35.493473 -17.015987 1.239459 0.910147
35.466434 -17.015987 1.858717 0.871306
35.379963 -17.015987 3.095345 0.799870
35.320553 -17.015987 3.712339 0.777067
35.269062 -16.027214 -3.706928 0.777067
35.328384 -16.027214 -3.090833 0.799870
35.414730 -16.027214 -1.856007 0.871306
35.441730 -16.027214 -1.237652 0.910147
35.463333 -16.027214 0.000000 0.950000
35.441730 -16.027214 1.237652 0.910147
35.414730 -16.027214 1.856007 0.871306
35.328384 -16.027214 3.090833 0.799870
35.269062 -16.027214 3.706928 0.777067
35.293617 -15.005327 -3.709508 0.777067
35.352982 -15.005327 -3.092985 0.799870
35.439384 -15.005327 -1.857300 0.871306
35.466404 -15.005327 -1.238514 0.910147
35.488022 -15.005327 0.000000 0.950000
35.466404 -15.005327 1.238514 0.910147
35.439384 -15.005327 1.857300 0.871306
35.352982 -15.005327 3.092985 0.799870
35.293617 -15.005327 3.709508 0.777067
35.287346 -13.998085 -3.708849 0.777067
35.346699 -13.998085 -3.092435 0.799870
35.433090 -13.998085 -1.856969 0.871306
35.460102 -13.998085 -1.238294 0.910147
35.481716 -13.998085 0.000000 0.950000
35.460102 -13.998085 1.238294 0.910147
35.433090 -13.998085 1.856969 0.871306
35.346699 -13.998085 3.092435 0.799870
35.287346 -13.998085 3.708849 0.777067
35.323437 -13.032903 -3.712643 0.777067
35.382854 -13.032903 -3.095598 0.799870
35.469334 -13.032903 -1.858869 0.871306
35.496372 -13.032903 -1.239561 0.910147
35.518009 -13.032903 0.000000 0.950000
35.496372 -13.032903 1.239561 0.910147
35.469334 -13.032903 1.858869 0.871306
35.382854 -13.032903 3.095598 0.799870
35.323437 -13.032903 3.712643 0.777067
35.286098 -11.974976 -3.708719 0.777067
35.345451 -11.974976 -3.092326 0.799870
35.431839 -11.974976 -1.856904 0.871306
35.458851 -11.974976 -1.238250 0.910147
35.480465 -11.974976 0.000000 0.950000
35.458851 -11.974976 1.238250 0.910147
35.431839 -11.974976 1.856904 0.871306
35.345451 -11.974976 3.092326 0.799870
35.286098 -11.974976 3.708719 0.777067
35.289761 -10.957038 -3.709103 0.777067
35.349117 -10.957038 -3.092647 0.799870
35.435516 -10.957038 -1.857097 0.871306
35.462532 -10.957038 -1.238379 0.910147
35.484146 -10.957038 0.000000 0.950000
35.462532 -10.957038 1.238379 0.910147
35.435516 -10.957038 1.857097 0.871306
35.349117 -10.957038 3.092647 0.799870
35.289761 -10.957038 3.709103 0.777067
35.335457 -9.980369 -3.713906 0.777067
35.394894 -9.980369 -3.096652 0.799870
35.481400 -9.980369 -1.859501 0.871306
35.508450 -9.980369 -1.239982 0.910147
35.530094 -9.980369 0.000000 0.950000
35.508450 -9.980369 1.239982 0.910147
35.481400 -9.980369 1.859501 0.871306
35.394894 -9.980369 3.096652 0.799870
35.335457 -9.980369 3.713906 0.777067
35.278545 -8.995781 -3.707925 0.777067
35.337887 -8.995781 -3.091664 0.799870
35.424255 -8.995781 -1.856507 0.871306
35.451260 -8.995781 -1.237985 0.910147
35.472870 -8.995781 0.000000 0.950000
35.451260 -8.995781 1.237985 0.910147
35.424255 -8.995781 1.856507 0.871306
35.337887 -8.995781 3.091664 0.799870
35.278545 -8.995781 3.707925 0.777067
35.287960 -7.957255 -3.708914 0.777067
35.347313 -7.957255 -3.092489 0.799870
35.433704 -7.957255 -1.857002 0.871306
35.460720 -7.957255 -1.238316 0.910147
35.482334 -7.957255 0.000000 0.950000
35.460720 -7.957255 1.238316 0.910147
35.433704 -7.957255 1.857002 0.871306
35.347313 -7.957255 3.092489 0.799870
35.287960 -7.957255 3.708914 0.777067
35.325947 -7.026813 -3.712907 0.777067
35.385365 -7.026813 -3.095818 0.799870
35.471851 -7.026813 -1.859001 0.871306
35.498894 -7.026813 -1.239649 0.910147
35.520531 -7.026813 0.000000 0.950000
35.498894 -7.026813 1.239649 0.910147
35.471851 -7.026813 1.859001 0.871306
35.385365 -7.026813 3.095818 0.799870
35.325947 -7.026813 3.712907 0.777067
35.276562 -6.012186 -3.707716 0.777067
35.335899 -6.012186 -3.091491 0.799870
35.422264 -6.012186 -1.856402 0.871306
35.449268 -6.012186 -1.237916 0.910147
35.470875 -6.012186 0.000000 0.950000
35.449268 -6.012186 1.237916 0.910147
35.422264 -6.012186 1.856402 0.871306
35.335899 -6.012186 3.091491 0.799870
35.276562 -6.012186 3.707716 0.777067
35.273895 -5.022611 -3.707436 0.777067
35.333225 -5.022611 -3.091257 0.799870
35.419582 -5.022611 -1.856262 0.871306
35.446587 -5.022611 -1.237822 0.910147
35.468193 -5.022611 0.000000 0.950000
35.446587 -5.022611 1.237822 0.910147
35.419582 -5.022611 1.856262 0.871306
35.333225 -5.022611 3.091257 0.799870
35.273895 -5.022611 3.707436 0.777067
35.328705 -3.972022 -3.713197 0.777067
35.388126 -3.972022 -3.096060 0.799870
35.474621 -3.972022 -1.859146 0.871306
35.501663 -3.972022 -1.239745 0.910147
35.523304 -3.972022 0.000000 0.950000
35.501663 -3.972022 1.239745 0.910147
35.474621 -3.972022 1.859146 0.871306
35.388126 -3.972022 3.096060 0.799870
35.328705 -3.972022 3.713197 0.777067
35.269806 -2.990469 -3.707006 0.777067
35.329128 -2.990469 -3.090898 0.799870
35.415478 -2.990469 -1.856047 0.871306
35.442478 -2.990469 -1.237679 0.910147
35.464081 -2.990469 0.000000 0.950000
35.442478 -2.990469 1.237679 0.910147
35.415478 -2.990469 1.856047 0.871306
35.329128 -2.990469 3.090898 0.799870
35.269806 -2.990469 3.707006 0.777067
35.336994 -2.036298 -3.714068 0.777067
35.396431 -2.036298 -3.096786 0.799870
35.482944 -2.036298 -1.859582 0.871306
35.509995 -2.036298 -1.240036 0.910147
35.531639 -2.036298 0.000000 0.950000
35.509995 -2.036298 1.240036 0.910147
35.482944 -2.036298 1.859582 0.871306
35.396431 -2.036298 3.096786 0.799870
35.336994 -2.036298 3.714068 0.777067
35.304260 -0.991569 -3.710627 0.777067
35.363644 -0.991569 -3.093918 0.799870
35.450077 -0.991569 -1.857860 0.871306
35.477100 -0.991569 -1.238888 0.910147
35.498726 -0.991569 0.000000 0.950000
35.477100 -0.991569 1.238888 0.910147
35.450077 -0.991569 1.857860 0.871306
35.363644 -0.991569 3.093918 0.799870
35.304260 -0.991569 3.710627 0.777067
35.318012 -0.037189 -3.712073 0.777067
35.377419 -0.037189 -3.095123 0.799870
35.463886 -0.037189 -1.858583 0.871306
35.490921 -0.037189 -1.239370 0.910147
35.512554 -0.037189 0.000000 0.950000
35.490921 -0.037189 1.239370 0.910147
35.463886 -0.037189 1.858583 0.871306
35.377419 -0.037189 3.095123 0.799870
35.318012 -0.037189 3.712073 0.777067
35.304260 0.991569 -3.710627 0.777067
35.363644 0.991569 -3.093918 0.799870
35.450077 0.991569 -1.857860 0.871306
35.477100 0.991569 -1.238888 0.910147
35.498726 0.991569 0.000000 0.950000
35.477100 0.991569 1.238888 0.910147
35.450077 0.991569 1.857860 0.871306
35.363644 0.991569 3.093918 0.799870
35.304260 0.991569 3.710627 0.777067
35.336994 2.036298 -3.714068 0.777067
35.396431 2.036298 -3.096786 0.799870
35.482944 2.036298 -1.859582 0.871306
35.509995 2.036298 -1.240036 0.910147
35.531639 2.036298 0.000000 0.950000
35.509995 2.036298 1.240036 0.910147
35.482944 2.036298 1.859582 0.871306
35.396431 2.036298 3.096786 0.799870
35.336994 2.036298 3.714068 0.777067
35.269806 2.990469 -3.707006 0.777067
35.329128 2.990469 -3.090898 0.799870
35.415478 2.990469 -1.856047 0.871306
35.442478 2.990469 -1.237679 0.910147
35.464081 2.990469 0.000000 0.950000
35.442478 2.990469 1.237679 0.910147
35.415478 2.990469 1.856047 0.871306
35.329128 2.990469 3.090898 0.799870
35.269806 2.990469 3.707006 0.777067
35.328705 3.972022 -3.713197 0.777067
35.388126 3.972022 -3.096060 0.799870
35.474621 3.972022 -1.859146 0.871306
35.501663 3.972022 -1.239745 0.910147
35.523304 3.972022 0.000000 0.950000
35.501663 3.972022 1.239745 0.910147
35.474621 3.972022 1.859146 0.871306
35.388126 3.972022 3.096060 0.799870
35.328705 3.972022 3.713197 0.777067
35.273895 5.022611 -3.707436 0.777067
35.333225 5.022611 -3.091257 0.799870
35.419582 5.022611 -1.856262 0.871306
35.446587 5.022611 -1.237822 0.910147
35.468193 5.022611 0.000000 0.950000
35.446587 5.022611 1.237822 0.910147
35.419582 5.022611 1.856262 0.871306
35.333225 5.022611 3.091257 0.799870
35.273895 5.022611 3.707436 0.777067
35.276562 6.012186 -3.707716 0.777067
35.335899 6.012186 -3.091491 0.799870
35.422264 6.012186 -1.856402 0.871306
35.449268 6.012186 -1.237916 0.910147
35.470875 6.012186 0.000000 0.950000
35.449268 6.012186 1.237916 0.910147
35.422264 6.012186 1.856402 0.871306
35.335899 6.012186 3.091491 0.799870
35.276562 6.012186 3.707716 0.777067
35.325947 7.026813 -3.712907 0.777067
35.385365 7.026813 -3.095818 0.799870
35.471851 7.026813 -1.859001 0.871306
35.498894 7.026813 -1.239649 0.910147
35.520531 7.026813 0.000000 0.950000
35.498894 7.026813 1.239649 0.910147
35.471851 7.026813 1.859001 0.871306
35.385365 7.026813 3.095818 0.799870
35.325947 7.026813 3.712907 0.777067
35.287960 7.957255 -3.708914 0.777067
35.347313 7.957255 -3.092489 0.799870
35.433704 7.957255 -1.857002 0.871306
35.460720 7.957255 -1.238316 0.910147
35.482334 7.957255 0.000000 0.950000
35.460720 7.957255 1.238316 0.910147
35.433704 7.957255 1.857002 0.871306
35.347313 7.957255 3.092489 0.799870
35.287960 7.957255 3.708914 0.777067
35.278545 8.995781 -3.707925 0.777067
35.337887 8.995781 -3.091664 0.799870
35.424255 8.995781 -1.856507 0.871306
35.451260 8.995781 -1.237985 0.910147
35.472870 8.995781 0.000000 0.950000
35.451260 8.995781 1.237985 0.910147
35.424255 8.995781 1.856507 0.871306
35.337887 8.995781 3.091664 0.799870
35.278545 8.995781 3.707925 0.777067
35.335457 9.980369 -3.713906 0.777067
35.394894 9.980369 -3.096652 0.799870
35.481400 9.980369 -1.859501 0.871306
35.508450 9.980369 -1.239982 0.910147
35.530094 9.980369 0.000000 0.950000
35.508450 9.980369 1.239982 0.910147
35.481400 9.980369 1.859501 0.871306
35.394894 9.980369 3.096652 0.799870
35.335457 9.980369 3.713906 0.777067
35.289761 10.957038 -3.709103 0.777067
35.349117 10.957038 -3.092647 0.799870
35.435516 10.957038 -1.857097 0.871306
35.462532 10.957038 -1.238379 0.910147
35.484146 10.957038 0.000000 0.950000
35.462532 10.957038 1.238379 0.910147
35.435516 10.957038 1.857097 0.871306
35.349117 10.957038 3.092647 0.799870
35.289761 10.957038 3.709103 0.777067
35.286098 11.974976 -3.708719 0.777067
35.345451 11.974976 -3.092326 0.799870
35.431839 11.974976 -1.856904 0.871306
35.458851 11.974976 -1.238250 0.910147
35.480465 11.974976 0.000000 0.950000
35.458851 11.974976 1.238250 0.910147
35.431839 11.974976 1.856904 0.871306
35.345451 11.974976 3.092326 0.799870
35.286098 11.974976 3.708719 0.777067
35.323437 13.032903 -3.712643 0.777067
35.382854 13.032903 -3.095598 0.799870
35.469334 13.032903 -1.858869 0.871306
35.496372 13.032903 -1.239561 0.910147
35.518009 13.032903 0.000000 0.950000
35.496372 13.032903 1.239561 0.910147
35.469334 13.032903 1.858869 0.871306
35.382854 13.032903 3.095598 0.799870
35.323437 13.032903 3.712643 0.777067
35.287346 13.998085 -3.708849 0.777067
35.346699 13.998085 -3.092435 0.799870
35.433090 13.998085 -1.856969 0.871306
35.460102 13.998085 -1.238294 0.910147
35.481716 13.998085 0.000000 0.950000
35.460102 13.998085 1.238294 0.910147
35.433090 13.998085 1.856969 0.871306
35.346699 13.998085 3.092435 0.799870
35.287346 13.998085 3.708849 0.777067
35.293617 15.005327 -3.709508 0.777067
35.352982 15.005327 -3.092985 0.799870
35.439384 15.005327 -1.857300 0.871306
35.466404 15.005327 -1.238514 0.910147
35.488022 15.005327 0.000000 0.950000
35.466404 15.005327 1.238514 0.910147
35.439384 15.005327 1.857300 0.871306
35.352982 15.005327 3.092985 0.799870
35.293617 15.005327 3.709508 0.777067
35.269062 16.027214 -3.706928 0.777067
35.328384 16.027214 -3.090833 0.799870
35.414730 16.027214 -1.856007 0.871306
35.441730 16.027214 -1.237652 0.910147
35.463333 16.027214 0.000000 0.950000
35.441730 16.027214 1.237652 0.910147
35.414730 16.027214 1.856007 0.871306
35.328384 16.027214 3.090833 0.799870
35.269062 16.027214 3.706928 0.777067
35.320553 17.015987 -3.712339 0.777067
35.379963 17.015987 -3.095345 0.799870
35.466434 17.015987 -1.858717 0.871306
35.493473 17.015987 -1.239459 0.910147
35.515106 17.015987 0.000000 0.950000
35.493473 17.015987 1.239459 0.910147
35.466434 17.015987 1.858717 0.871306
35.379963 17.015987 3.095345 0.799870
35.320553 17.015987 3.712339 0.777067
35.479630 18.091162 -3.729059 0.777067
35.539307 18.091162 -3.109287 0.799870
35.419441 17.986185 -1.856254 0.871306
35.446442 17.986185 -1.237817 0.910147
35.468048 17.986185 0.000000 0.950000
35.446442 17.986185 1.237817 0.910147
35.419441 17.986185 1.856254 0.871306
35.539307 18.091162 3.109287 0.799870
35.479630 18.091162 3.729059 0.777067
35.108116 18.809675 -3.690012 0.777067
35.167171 18.809675 -3.076729 0.799870
35.253120 18.809675 -1.847538 0.871306
35.230663 18.902031 -1.230282 0.910147
35.252136 18.902031 0.000000 0.950000
35.230663 18.902031 1.230282 0.910147
35.253120 18.809675 1.847538 0.871306
35.167171 18.809675 3.076729 0.799870
35.108116 18.809675 3.690012 0.777067
34.718830 19.526573 -3.649096 0.777067
34.726181 19.617901 -3.038147 0.799870
34.811054 19.617901 -1.824370 0.871306
34.837593 19.617901 -1.216556 0.910147
34.858829 19.617901 0.000000 0.950000
34.837593 19.617901 1.216556 0.910147
34.811054 19.617901 1.824370 0.871306
34.726181 19.617901 3.038147 0.799870
34.718830 19.526573 3.649096 0.777067
34.308037 20.247372 -3.605920 0.777067
34.312820 20.337616 -3.001983 0.799870
34.396683 20.337616 -1.802654 0.871306
34.422909 20.337616 -1.202074 0.910147
34.443890 20.337616 0.000000 0.950000
34.422909 20.337616 1.202074 0.910147
34.396683 20.337616 1.802654 0.871306
34.312820 20.337616 3.001983 0.799870
34.308037 20.247372 3.605920 0.777067
33.824100 21.054493 -3.555056 0.777067
33.880997 21.054493 -2.964203 0.799870
33.963802 21.054493 -1.779968 0.871306
33.989697 21.054493 -1.186946 0.910147
34.010414 21.054493 0.000000 0.950000
33.989697 21.054493 1.186946 0.910147
33.963802 21.054493 1.779968 0.871306
33.880997 21.054493 2.964203 0.799870
33.824100 21.054493 3.555056 0.777067
33.487286 21.591986 -3.519655 0.777067
33.426739 21.773849 -2.924461 0.799870
33.508438 21.773849 -1.756103 0.871306
33.533985 21.773849 -1.171032 0.910147
33.554424 21.773849 0.000000 0.950000
33.533985 21.773849 1.171032 0.910147
33.508438 21.773849 1.756103 0.871306
33.426739 21.773849 2.924461 0.799870
33.487286 21.591986 3.519655 0.777067
33.076591 22.222809 -3.476490 0.777067
33.011963 22.402430 -2.888172 0.799870
33.092648 22.402430 -1.734312 0.871306
33.117874 22.402430 -1.156502 0.910147
33.138062 22.402430 0.000000 0.950000
33.117874 22.402430 1.156502 0.910147
33.092648 22.402430 1.734312 0.871306
33.011963 22.402430 2.888172 0.799870
33.076591 22.222809 3.476490 0.777067
32.586586 22.943058 -3.424988 0.777067
32.641399 22.943058 -2.855752 0.799870
32.721176 22.943058 -1.714844 0.871306
32.746124 22.943058 -1.143520 0.910147
32.766083 22.943058 0.000000 0.950000
32.746124 22.943058 1.143520 0.910147
32.721176 22.943058 1.714844 0.871306
32.641399 22.943058 2.855752 0.799870
32.586586 22.943058 3.424988 0.777067
32.586586 -22.943058 -3.424988 0.777067
32.641399 -22.943058 -2.855752 0.799870
32.721176 -22.943058 -1.714844 0.871306
32.746124 -22.943058 -1.143520 0.910147
32.766083 -22.943058 0.000000 0.950000
32.746124 -22.943058 1.143520 0.910147
32.721176 -22.943058 1.714844 0.871306
32.641399 -22.943058 2.855752 0.799870
32.586586 -22.943058 3.424988 0.777067
32.835503 -22.581396 -3.451150 0.777067
32.890732 -22.581396 -2.877566 0.799870
32.971119 -22.581396 -1.727943 0.871306
32.996258 -22.581396 -1.152255 0.910147
33.016369 -22.581396 0.000000 0.950000
32.996258 -22.581396 1.152255 0.910147
32.971119 -22.581396 1.727943 0.871306
32.890732 -22.581396 2.877566 0.799870
32.835503 -22.581396 3.451150 0.777067
33.252960 -21.955078 -3.495027 0.777067
33.308891 -21.955078 -2.914150 0.799870
33.390305 -21.955078 -1.749912 0.871306
33.415760 -21.955078 -1.166904 0.910147
33.436127 -21.955078 0.000000 0.950000
33.415760 -21.955078 1.166904 0.910147
33.390305 -21.955078 1.749912 0.871306
33.308891 -21.955078 2.914150 0.799870
33.252960 -21.955078 3.495027 0.777067
33.658604 -21.320959 -3.537662 0.777067
33.715221 -21.320959 -2.949699 0.799870
33.797623 -21.320959 -1.771258 0.871306
33.823391 -21.320959 -1.181139 0.910147
33.844006 -21.320959 0.000000 0.950000
33.823391 -21.320959 1.181139 0.910147
33.797623 -21.320959 1.771258 0.871306
33.715221 -21.320959 2.949699 0.799870
33.658604 -21.320959 3.537662 0.777067
34.148830 -20.517683 -3.589186 0.777067
34.152641 -20.607508 -2.987969 0.799870
34.236111 -20.607508 -1.794239 0.871306
34.262211 -20.607508 -1.196463 0.910147
34.283096 -20.607508 0.000000 0.950000
34.262211 -20.607508 1.196463 0.910147
34.236111 -20.607508 1.794239 0.871306
34.152641 -20.607508 2.987969 0.799870
34.148830 -20.517683 3.589186 0.777067
34.517021 -19.885015 -3.627885 0.777067
34.575081 -19.885015 -3.024927 0.799870
34.659584 -19.885015 -1.816432 0.871306
34.633862 -19.975811 -1.209441 0.910147
34.654972 -19.975811 0.000000 0.950000
34.633862 -19.975811 1.209441 0.910147
34.659584 -19.885015 1.816432 0.871306
34.575081 -19.885015 3.024927 0.799870
34.517021 -19.885015 3.627885 0.777067
34.916954 -19.166059 -3.669920 0.777067
34.975685 -19.166059 -3.059976 0.799870
35.061169 -19.166059 -1.837478 0.871306
35.037636 -19.257910 -1.223541 0.910147
35.058990 -19.257910 0.000000 0.950000
35.037636 -19.257910 1.223541 0.910147
35.061169 -19.166059 1.837478 0.871306
34.975685 -19.166059 3.059976 0.799870
34.916954 -19.166059 3.669920 0.777067
35.295685 -18.451365 -3.709726 0.777067
35.355053 -18.451365 -3.093166 0.799870
35.441463 -18.451365 -1.857408 0.871306
35.468483 -18.451365 -1.238587 0.910147
35.490101 -18.451365 0.000000 0.950000
35.468483 -18.451365 1.238587 0.910147
35.441463 -18.451365 1.857408 0.871306
35.355053 -18.451365 3.093166 0.799870
35.295685 -18.451365 3.709726 0.777067
35.659943 -17.729107 -3.748011 0.777067
35.719921 -17.729107 -3.125088 0.799870
35.807224 -17.729107 -1.876577 0.871306
35.834522 -17.729107 -1.251369 0.910147
35.856365 -17.729107 0.000000 0.950000
35.834522 -17.729107 1.251369 0.910147
35.807224 -17.729107 1.876577 0.871306
35.719921 -17.729107 3.125088 0.799870
35.659943 -17.729107 3.748011 0.777067
36.044910 -16.923710 -3.788473 0.777067
36.105537 -16.923710 -3.158825 0.799870
36.193783 -16.923710 -1.896836 0.871306
36.221375 -16.923710 -1.264878 0.910147
36.243454 -16.923710 0.000000 0.950000
36.221375 -16.923710 1.264878 0.910147
36.193783 -16.923710 1.896836 0.871306
36.105537 -16.923710 3.158825 0.799870
36.044910 -16.923710 3.788473 0.777067
36.525608 -15.847465 -3.838996 0.777067
36.470337 -16.116257 -3.190741 0.799870
36.457108 -15.964756 -1.910636 0.871306
36.484901 -15.964756 -1.274081 0.910147
36.507141 -15.964756 0.000000 0.950000
36.484901 -15.964756 1.274081 0.910147
36.457108 -15.964756 1.910636 0.871306
36.470337 -16.116257 3.190741 0.799870
36.525608 -15.847465 3.838996 0.777067
36.291702 -15.010961 -3.814412 0.777067
36.352745 -15.010961 -3.180453 0.799870
36.441597 -15.010961 -1.909823 0.871306
36.469379 -15.010961 -1.273539 0.910147
36.491608 -15.010961 0.000000 0.950000
36.469379 -15.010961 1.273539 0.910147
36.441597 -15.010961 1.909823 0.871306
36.352745 -15.010961 3.180453 0.799870
36.291702 -15.010961 3.814412 0.777067
36.281487 -13.989264 -3.813338 0.777067
36.342514 -13.989264 -3.179558 0.799870
36.431339 -13.989264 -1.909286 0.871306
36.459110 -13.989264 -1.273180 0.910147
36.481335 -13.989264 0.000000 0.950000
36.459110 -13.989264 1.273180 0.910147
36.431339 -13.989264 1.909286 0.871306
36.342514 -13.989264 3.179558 0.799870
36.281487 -13.989264 3.813338 0.777067
36.316074 -13.002804 -3.816973 0.777067
36.377159 -13.002804 -3.182589 0.799870
36.466068 -13.002804 -1.911106 0.871306
36.493870 -13.002804 -1.274394 0.910147
36.516113 -13.002804 0.000000 0.950000
36.493870 -13.002804 1.274394 0.910147
36.466068 -13.002804 1.911106 0.871306
36.377159 -13.002804 3.182589 0.799870
36.316074 -13.002804 3.816973 0.777067
36.318359 -12.041966 -3.817213 0.777067
36.379448 -12.041966 -3.182789 0.799870
36.468361 -12.041966 -1.911226 0.871306
36.496162 -12.041966 -1.274474 0.910147
36.518410 -12.041966 0.000000 0.950000
36.496162 -12.041966 1.274474 0.910147
36.468361 -12.041966 1.911226 0.871306
36.379448 -12.041966 3.182789 0.799870
36.318359 -12.041966 3.817213 0.777067
36.322777 -10.999084 -3.817678 0.777067
36.383873 -10.999084 -3.183177 0.799870
36.472801 -10.999084 -1.911458 0.871306
36.500607 -10.999084 -1.274629 0.910147
36.522854 -10.999084 0.000000 0.950000
36.500607 -10.999084 1.274629 0.910147
36.472801 -10.999084 1.911458 0.871306
36.383873 -10.999084 3.183177 0.799870
36.322777 -10.999084 3.817678 0.777067
36.294556 -9.976912 -3.814712 0.777067
36.355606 -9.976912 -3.180703 0.799870
36.444462 -9.976912 -1.909973 0.871306
36.472244 -9.976912 -1.273639 0.910147
36.494476 -9.976912 0.000000 0.950000
36.472244 -9.976912 1.273639 0.910147
36.444462 -9.976912 1.909973 0.871306
36.355606 -9.976912 3.180703 0.799870
36.294556 -9.976912 3.814712 0.777067
36.311440 -8.988346 -3.816486 0.777067
36.372517 -8.988346 -3.182183 0.799870
36.461414 -8.988346 -1.910862 0.871306
36.489212 -8.988346 -1.274231 0.910147
36.511452 -8.988346 0.000000 0.950000
36.489212 -8.988346 1.274231 0.910147
36.461414 -8.988346 1.910862 0.871306
36.372517 -8.988346 3.182183 0.799870
36.311440 -8.988346 3.816486 0.777067
36.301933 -8.005427 -3.815487 0.777067
36.362991 -8.005427 -3.181350 0.799870
36.451866 -8.005427 -1.910361 0.871306
36.479656 -8.005427 -1.273898 0.910147
36.501892 -8.005427 0.000000 0.950000
36.479656 -8.005427 1.273898 0.910147
36.451866 -8.005427 1.910361 0.871306
36.362991 -8.005427 3.181350 0.799870
36.301933 -8.005427 3.815487 0.777067
36.279690 -6.958842 -3.813149 0.777067
36.340714 -6.958842 -3.179400 0.799870
36.429531 -6.958842 -1.909191 0.871306
36.457306 -6.958842 -1.273117 0.910147
36.479527 -6.958842 0.000000 0.950000
36.457306 -6.958842 1.273117 0.910147
36.429531 -6.958842 1.909191 0.871306
36.340714 -6.958842 3.179400 0.799870
36.279690 -6.958842 3.813149 0.777067
36.290306 -6.014744 -3.814265 0.777067
36.351349 -6.014744 -3.180331 0.799870
36.440193 -6.014744 -1.909750 0.871306
36.467976 -6.014744 -1.273490 0.910147
36.490204 -6.014744 0.000000 0.950000
36.467976 -6.014744 1.273490 0.910147
36.440193 -6.014744 1.909750 0.871306
36.351349 -6.014744 3.180331 0.799870
36.290306 -6.014744 3.814265 0.777067
36.287235 -4.998113 -3.813942 0.777067
36.348270 -4.998113 -3.180062 0.799870
36.437107 -4.998113 -1.909588 0.871306
36.464886 -4.998113 -1.273382 0.910147
36.487114 -4.998113 0.000000 0.950000
36.464886 -4.998113 1.273382 0.910147
36.437107 -4.998113 1.909588 0.871306
36.348270 -4.998113 3.180062 0.799870
36.287235 -4.998113 3.813942 0.777067
36.331924 -4.000910 -3.818639 0.777067
36.393036 -4.000910 -3.183978 0.799870
36.481983 -4.000910 -1.911940 0.871306
36.509796 -4.000910 -1.274950 0.910147
36.532051 -4.000910 0.000000 0.950000
36.509796 -4.000910 1.274950 0.910147
36.481983 -4.000910 1.911940 0.871306
36.393036 -4.000910 3.183978 0.799870
36.331924 -4.000910 3.818639 0.777067
36.272888 -2.998601 -3.812434 0.777067
36.333897 -2.998601 -3.178804 0.799870
36.422703 -2.998601 -1.908833 0.871306
36.450470 -2.998601 -1.272878 0.910147
36.472687 -2.998601 0.000000 0.950000
36.450470 -2.998601 1.272878 0.910147
36.422703 -2.998601 1.908833 0.871306
36.333897 -2.998601 3.178804 0.799870
36.272888 -2.998601 3.812434 0.777067
36.263451 -2.006691 -3.811442 0.777067
36.324448 -2.006691 -3.177977 0.799870
36.413227 -2.006691 -1.908336 0.871306
36.440987 -2.006691 -1.272547 0.910147
36.463200 -2.006691 0.000000 0.950000
36.440987 -2.006691 1.272547 0.910147
36.413227 -2.006691 1.908336 0.871306
36.324448 -2.006691 3.177977 0.799870
36.263451 -2.006691 3.811442 0.777067
36.304165 -1.019653 -3.815722 0.777067
36.365231 -1.019653 -3.181545 0.799870
36.454109 -1.019653 -1.910479 0.871306
36.481903 -1.019653 -1.273976 0.910147
36.504139 -1.019653 0.000000 0.950000
36.481903 -1.019653 1.273976 0.910147
36.454109 -1.019653 1.910479 0.871306
36.365231 -1.019653 3.181545 0.799870
36.304165 -1.019653 3.815722 0.777067
36.318306 -0.038242 -3.817208 0.777067
36.379395 -0.038242 -3.182785 0.799870
36.468307 -0.038242 -1.911223 0.871306
36.496109 -0.038242 -1.274472 0.910147
36.518356 -0.038242 0.000000 0.950000
36.496109 -0.038242 1.274472 0.910147
36.468307 -0.038242 1.911223 0.871306
36.379395 -0.038242 3.182785 0.799870
36.318306 -0.038242 3.817208 0.777067
36.304165 1.019653 -3.815722 0.777067
36.365231 1.019653 -3.181545 0.799870
36.454109 1.019653 -1.910479 0.871306
36.481903 1.019653 -1.273976 0.910147
36.504139 1.019653 0.000000 0.950000
36.481903 1.019653 1.273976 0.910147
36.454109 1.019653 1.910479 0.871306
36.365231 1.019653 3.181545 0.799870
36.304165 1.019653 3.815722 0.777067
36.263451 2.006691 -3.811442 0.777067
36.324448 2.006691 -3.177977 0.799870
36.413227 2.006691 -1.908336 0.871306
36.440987 2.006691 -1.272547 0.910147
36.463200 2.006691 0.000000 0.950000
36.440987 2.006691 1.272547 0.910147
36.413227 2.006691 1.908336 0.871306
36.324448 2.006691 3.177977 0.799870
36.263451 2.006691 3.811442 0.777067
36.272888 2.998601 -3.812434 0.777067
36.333897 2.998601 -3.178804 0.799870
36.422703 2.998601 -1.908833 0.871306
36.450470 2.998601 -1.272878 0.910147
36.472687 2.998601 0.000000 0.950000
36.450470 2.998601 1.272878 0.910147
36.422703 2.998601 1.908833 0.871306
36.333897 2.998601 3.178804 0.799870
36.272888 2.998601 3.812434 0.777067
36.331924 4.000910 -3.818639 0.777067
36.393036 4.000910 -3.183978 0.799870
36.481983 4.000910 -1.911940 0.871306
36.509796 4.000910 -1.274950 0.910147
36.532051 4.000910 0.000000 0.950000
36.509796 4.000910 1.274950 0.910147
36.481983 4.000910 1.911940 0.871306
36.393036 4.000910 3.183978 0.799870
36.331924 4.000910 3.818639 0.777067
36.287235 4.998113 -3.813942 0.777067
36.348270 4.998113 -3.180062 0.799870
36.437107 4.998113 -1.909588 0.871306
36.464886 4.998113 -1.273382 0.910147
36.487114 4.998113 0.000000 0.950000
36.464886 4.998113 1.273382 0.910147
36.437107 4.998113 1.909588 0.871306
36.348270 4.998113 3.180062 0.799870
36.287235 4.998113 3.813942 0.777067
36.290306 6.014744 -3.814265 0.777067
36.351349 6.014744 -3.180331 0.799870
36.440193 6.014744 -1.909750 0.871306
36.467976 6.014744 -1.273490 0.910147
36.490204 6.014744 0.000000 0.950000
36.467976 6.014744 1.273490 0.910147
36.440193 6.014744 1.909750 0.871306
36.351349 6.014744 3.180331 0.799870
36.290306 6.014744 3.814265 0.777067
36.279690 6.958842 -3.813149 0.777067
36.340714 6.958842 -3.179400 0.799870
36.429531 6.958842 -1.909191 0.871306
36.457306 6.958842 -1.273117 0.910147
36.479527 6.958842 0.000000 0.950000
36.457306 6.958842 1.273117 0.910147
36.429531 6.958842 1.909191 0.871306
36.340714 6.958842 3.179400 0.799870
36.279690 6.958842 3.813149 0.777067
36.301933 8.005427 -3.815487 0.777067
36.362991 8.005427 -3.181350 0.799870
36.451866 8.005427 -1.910361 0.871306
36.479656 8.005427 -1.273898 0.910147
36.501892 8.005427 0.000000 0.950000
36.479656 8.005427 1.273898 0.910147
36.451866 8.005427 1.910361 0.871306
36.362991 8.005427 3.181350 0.799870
36.301933 8.005427 3.815487 0.777067
36.311440 8.988346 -3.816486 0.777067
36.372517 8.988346 -3.182183 0.799870
36.461414 8.988346 -1.910862 0.871306
36.489212 8.988346 -1.274231 0.910147
36.511452 8.988346 0.000000 0.950000
36.489212 8.988346 1.274231 0.910147
36.461414 8.988346 1.910862 0.871306
36.372517 8.988346 3.182183 0.799870
36.311440 8.988346 3.816486 0.777067
36.294556 9.976912 -3.814712 0.777067
36.355606 9.976912 -3.180703 0.799870
36.444462 9.976912 -1.909973 0.871306
36.472244 9.976912 -1.273639 0.910147
36.494476 9.976912 0.000000 0.950000
36.472244 9.976912 1.273639 0.910147
36.444462 9.976912 1.909973 0.871306
36.355606 9.976912 3.180703 0.799870
36.294556 9.976912 3.814712 0.777067
36.322777 10.999084 -3.817678 0.777067
36.383873 10.999084 -3.183177 0.799870
36.472801 10.999084 -1.911458 0.871306
36.500607 10.999084 -1.274629 0.910147
36.522854 10.999084 0.000000 0.950000
36.500607 10.999084 1.274629 0.910147
36.472801 10.999084 1.911458 0.871306
36.383873 10.999084 3.183177 0.799870
36.322777 10.999084 3.817678 0.777067
36.318359 12.041966 -3.817213 0.777067
36.379448 12.041966 -3.182789 0.799870
36.468361 12.041966 -1.911226 0.871306
36.496162 12.041966 -1.274474 0.910147
36.518410 12.041966 0.000000 0.950000
36.496162 12.041966 1.274474 0.910147
36.468361 12.041966 1.911226 0.871306
36.379448 12.041966 3.182789 0.799870
36.318359 12.041966 3.817213 0.777067
36.316074 13.002804 -3.816973 0.777067
36.377159 13.002804 -3.182589 0.799870
36.466068 13.002804 -1.911106 0.871306
36.493870 13.002804 -1.274394 0.910147
36.516113 13.002804 0.000000 0.950000
36.493870 13.002804 1.274394 0.910147
36.466068 13.002804 1.911106 0.871306
36.377159 13.002804 3.182589 0.799870
36.316074 13.002804 3.816973 0.777067
36.281487 13.989264 -3.813338 0.777067
36.342514 13.989264 -3.179558 0.799870
36.431339 13.989264 -1.909286 0.871306
36.459110 13.989264 -1.273180 0.910147
36.481335 13.989264 0.000000 0.950000
36.459110 13.989264 1.273180 0.910147
36.431339 13.989264 1.909286 0.871306
36.342514 13.989264 3.179558 0.799870
36.281487 13.989264 3.813338 0.777067
36.291702 15.010961 -3.814412 0.777067
36.352745 15.010961 -3.180453 0.799870
36.441597 15.010961 -1.909823 0.871306
36.469379 15.010961 -1.273539 0.910147
36.491608 15.010961 0.000000 0.950000
36.469379 15.010961 1.273539 0.910147
36.441597 15.010961 1.909823 0.871306
36.352745 15.010961 3.180453 0.799870
36.291702 15.010961 3.814412 0.777067
36.525608 15.847465 -3.838996 0.777067
36.470337 16.116257 -3.190741 0.799870
36.457108 15.964756 -1.910636 0.871306
36.484901 15.964756 -1.274081 0.910147
36.507141 15.964756 0.000000 0.950000
36.484901 15.964756 1.274081 0.910147
36.457108 15.964756 1.910636 0.871306
36.470337 16.116257 3.190741 0.799870
36.525608 15.847465 3.838996 0.777067
36.044910 16.923710 -3.788473 0.777067
36.105537 16.923710 -3.158825 0.799870
36.193783 16.923710 -1.896836 0.871306
36.221375 16.923710 -1.264878 0.910147
36.243454 16.923710 0.000000 0.950000
36.221375 16.923710 1.264878 0.910147
36.193783 16.923710 1.896836 0.871306
36.105537 16.923710 3.158825 0.799870
36.044910 16.923710 3.788473 0.777067
35.659943 17.729107 -3.748011 0.777067
35.719921 17.729107 -3.125088 0.799870
35.807224 17.729107 -1.876577 0.871306
35.834522 17.729107 -1.251369 0.910147
35.856365 17.729107 0.000000 0.950000
35.834522 17.729107 1.251369 0.910147
35.807224 17.729107 1.876577 0.871306
35.719921 17.729107 3.125088 0.799870
35.659943 17.729107 3.748011 0.777067
35.295685 18.451365 -3.709726 0.777067
35.355053 18.451365 -3.093166 0.799870
35.441463 18.451365 -1.857408 0.871306
35.468483 18.451365 -1.238587 0.910147
35.490101 18.451365 0.000000 0.950000
35.468483 18.451365 1.238587 0.910147
35.441463 18.451365 1.857408 0.871306
35.355053 18.451365 3.093166 0.799870
35.295685 18.451365 3.709726 0.777067
34.916954 19.166059 -3.669920 0.777067
34.975685 19.166059 -3.059976 0.799870
35.061169 19.166059 -1.837478 0.871306
35.037636 19.257910 -1.223541 0.910147
35.058990 19.257910 0.000000 0.950000
35.037636 19.257910 1.223541 0.910147
35.061169 19.166059 1.837478 0.871306
34.975685 19.166059 3.059976 0.799870
34.916954 19.166059 3.669920 0.777067
34.517021 19.885015 -3.627885 0.777067
34.575081 19.885015 -3.024927 0.799870
34.659584 19.885015 -1.816432 0.871306
34.633862 19.975811 -1.209441 0.910147
34.654972 19.975811 0.000000 0.950000
34.633862 19.975811 1.209441 0.910147
34.659584 19.885015 1.816432 0.871306
34.575081 19.885015 3.024927 0.799870
34.517021 19.885015 3.627885 0.777067
34.148830 20.517683 -3.589186 0.777067
34.152641 20.607508 -2.987969 0.799870
34.236111 20.607508 -1.794239 0.871306
34.262211 20.607508 -1.196463 0.910147
34.283096 20.607508 0.000000 0.950000
34.262211 20.607508 1.196463 0.910147
34.236111 20.607508 1.794239 0.871306
34.152641 20.607508 2.987969 0.799870
34.148830 20.517683 3.589186 0.777067
33.658604 21.320959 -3.537662 0.777067
33.715221 21.320959 -2.949699 0.799870
33.797623 21.320959 -1.771258 0.871306
33.823391 21.320959 -1.181139 0.910147
33.844006 21.320959 0.000000 0.950000
33.823391 21.320959 1.181139 0.910147
33.797623 21.320959 1.771258 0.871306
33.715221 21.320959 2.949699 0.799870
33.658604 21.320959 3.537662 0.777067
33.252960 21.955078 -3.495027 0.777067
33.308891 21.955078 -2.914150 0.799870
33.390305 21.955078 -1.749912 0.871306
33.415760 21.955078 -1.166904 0.910147
33.436127 21.955078 0.000000 0.950000
33.415760 21.955078 1.166904 0.910147
33.390305 21.955078 1.749912 0.871306
33.308891 21.955078 2.914150 0.799870
33.252960 21.955078 3.495027 0.777067
32.835503 22.581396 -3.451150 0.777067
32.890732 22.581396 -2.877566 0.799870
32.971119 22.581396 -1.727943 0.871306
32.996258 22.581396 -1.152255 0.910147
33.016369 22.581396 0.000000 0.950000
32.996258 22.581396 1.152255 0.910147
32.971119 22.581396 1.727943 0.871306
32.890732 22.581396 2.877566 0.799870
32.835503 22.581396 3.451150 0.777067
32.586586 22.943058 -3.424988 0.777067
32.641399 22.943058 -2.855752 0.799870
32.721176 22.943058 -1.714844 0.871306
32.746124 22.943058 -1.143520 0.910147
32.766083 22.943058 0.000000 0.950000
32.746124 22.943058 1.143520 0.910147
32.721176 22.943058 1.714844 0.871306
32.641399 22.943058 2.855752 0.799870
32.586586 22.943058 3.424988 0.777067
32.772659 -22.673508 -3.444545 0.777067
32.768536 -22.759701 -2.866876 0.799870
32.848625 -22.759701 -1.721524 0.871306
32.873669 -22.759701 -1.147974 0.910147
32.893707 -22.759701 0.000000 0.950000
32.873669 -22.759701 1.147974 0.910147
32.848625 -22.759701 1.721524 0.871306
32.768536 -22.759701 2.866876 0.799870
32.772659 -22.673508 3.444545 0.777067
33.076591 -22.222809 -3.476490 0.777067
33.132225 -22.222809 -2.898694 0.799870
33.213203 -22.222809 -1.740630 0.871306
33.238525 -22.222809 -1.160715 0.910147
33.258785 -22.222809 0.000000 0.950000
33.238525 -22.222809 1.160715 0.910147
33.213203 -22.222809 1.740630 0.871306
33.132225 -22.222809 2.898694 0.799870
33.076591 -22.222809 3.476490 0.777067
33.543388 -21.503759 -3.525552 0.777067
33.599808 -21.503759 -2.939602 0.799870
33.681931 -21.503759 -1.765195 0.871306
33.651230 -21.591986 -1.175127 0.910147
33.671741 -21.591986 0.000000 0.950000
33.651230 -21.591986 1.175127 0.910147
33.681931 -21.503759 1.765195 0.871306
33.599808 -21.503759 2.939602 0.799870
33.543388 -21.503759 3.525552 0.777067
33.987511 -20.786730 -3.572232 0.777067
33.990353 -20.876127 -2.973771 0.799870
34.073429 -20.876127 -1.785713 0.871306
34.099403 -20.876127 -1.190777 0.910147
34.120190 -20.876127 0.000000 0.950000
34.099403 -20.876127 1.190777 0.910147
34.073429 -20.876127 1.785713 0.871306
33.990353 -20.876127 2.973771 0.799870
33.987511 -20.786730 3.572232 0.777067
34.360638 -20.156990 -3.611448 0.777067
34.418430 -20.156990 -3.011223 0.799870
34.449734 -20.247372 -1.805434 0.871306
34.475998 -20.247372 -1.203928 0.910147
34.497013 -20.247372 0.000000 0.950000
34.475998 -20.247372 1.203928 0.910147
34.449734 -20.247372 1.805434 0.871306
34.418430 -20.156990 3.011223 0.799870
34.360638 -20.156990 3.611448 0.777067
34.769550 -19.435112 -3.654427 0.777067
34.777225 -19.526573 -3.042613 0.799870
34.862225 -19.526573 -1.827052 0.871306
34.888802 -19.526573 -1.218344 0.910147
34.910069 -19.526573 0.000000 0.950000
34.888802 -19.526573 1.218344 0.910147
34.862225 -19.526573 1.827052 0.871306
34.777225 -19.526573 3.042613 0.799870
34.769550 -19.435112 3.654427 0.777067
35.108116 -18.809675 -3.690012 0.777067
35.167171 -18.809675 -3.076729 0.799870
35.253120 -18.809675 -1.847538 0.871306
35.279999 -18.809675 -1.232005 0.910147
35.301502 -18.809675 0.000000 0.950000
35.279999 -18.809675 1.232005 0.910147
35.253120 -18.809675 1.847538 0.871306
35.167171 -18.809675 3.076729 0.799870
35.108116 -18.809675 3.690012 0.777067
35.479630 -18.091162 -3.729059 0.777067
35.539307 -18.091162 -3.109287 0.799870
35.626167 -18.091162 -1.867088 0.871306
35.653328 -18.091162 -1.245042 0.910147
35.675060 -18.091162 0.000000 0.950000
35.653328 -18.091162 1.245042 0.910147
35.626167 -18.091162 1.867088 0.871306
35.539307 -18.091162 3.109287 0.799870
35.479630 -18.091162 3.729059 0.777067
35.875687 -17.283430 -3.770687 0.777067
35.936031 -17.283430 -3.143995 0.799870
36.023861 -17.283430 -1.887931 0.871306
36.051327 -17.283430 -1.258940 0.910147
36.073299 -17.283430 0.000000 0.950000
36.051327 -17.283430 1.258940 0.910147
36.023861 -17.283430 1.887931 0.871306
35.936031 -17.283430 3.143995 0.799870
35.875687 -17.283430 3.770687 0.777067
36.250706 -16.473299 -3.810102 0.777067
36.311680 -16.473299 -3.176860 0.799870
36.400429 -16.473299 -1.907666 0.871306
36.428177 -16.473299 -1.272100 0.910147
36.450382 -16.473299 0.000000 0.950000
36.428177 -16.473299 1.272100 0.910147
36.400429 -16.473299 1.907666 0.871306
36.311680 -16.473299 3.176860 0.799870
36.250706 -16.473299 3.810102 0.777067
36.602192 -15.667794 -3.847045 0.777067
36.663757 -15.667794 -3.207663 0.799870
36.753368 -15.667794 -1.926162 0.871306
36.781387 -15.667794 -1.284434 0.910147
36.803806 -15.667794 0.000000 0.950000
36.781387 -15.667794 1.284434 0.910147
36.753368 -15.667794 1.926162 0.871306
36.663757 -15.667794 3.207663 0.799870
36.602192 -15.667794 3.847045 0.777067
36.933403 -14.861196 -3.881857 0.777067
36.995525 -14.861196 -3.236689 0.799870
37.085945 -14.861196 -1.943592 0.871306
37.114220 -14.861196 -1.296057 0.910147
37.136841 -14.861196 0.000000 0.950000
37.114220 -14.861196 1.296057 0.910147
37.085945 -14.861196 1.943592 0.871306
36.995525 -14.861196 3.236689 0.799870
36.933403 -14.861196 3.881857 0.777067
37.278633 -13.962510 -3.918142 0.777067
37.341339 -13.962510 -3.266944 0.799870
37.432602 -13.962510 -1.961760 0.871306
37.461140 -13.962510 -1.308172 0.910147
37.483974 -13.962510 0.000000 0.950000
37.461140 -13.962510 1.308172 0.910147
37.432602 -13.962510 1.961760 0.871306
37.341339 -13.962510 3.266944 0.799870
37.278633 -13.962510 3.918142 0.777067
37.309063 -12.961263 -3.921341 0.777067
37.371819 -12.961263 -3.269610 0.799870
37.463158 -12.961263 -1.963361 0.871306
37.491718 -12.961263 -1.309240 0.910147
37.514572 -12.961263 0.000000 0.950000
37.491718 -12.961263 1.309240 0.910147
37.463158 -12.961263 1.963361 0.871306
37.371819 -12.961263 3.269610 0.799870
37.309063 -12.961263 3.921341 0.777067
37.311283 -11.973140 -3.921574 0.777067
37.374043 -11.973140 -3.269805 0.799870
37.465389 -11.973140 -1.963478 0.871306
37.493950 -11.973140 -1.309317 0.910147
37.516804 -11.973140 0.000000 0.950000
37.493950 -11.973140 1.309317 0.910147
37.465389 -11.973140 1.963478 0.871306
37.374043 -11.973140 3.269805 0.799870
37.311283 -11.973140 3.921574 0.777067
37.284222 -11.005353 -3.918730 0.777067
37.346935 -11.005353 -3.267433 0.799870
37.438213 -11.005353 -1.962054 0.871306
37.466755 -11.005353 -1.308368 0.910147
37.489594 -11.005353 0.000000 0.950000
37.466755 -11.005353 1.308368 0.910147
37.438213 -11.005353 1.962054 0.871306
37.346935 -11.005353 3.267433 0.799870
37.284222 -11.005353 3.918730 0.777067
37.329647 -9.980348 -3.923504 0.777067
37.392433 -9.980348 -3.271414 0.799870
37.483826 -9.980348 -1.964444 0.871306
37.512402 -9.980348 -1.309962 0.910147
37.535267 -9.980348 0.000000 0.950000
37.512402 -9.980348 1.309962 0.910147
37.483826 -9.980348 1.964444 0.871306
37.392433 -9.980348 3.271414 0.799870
37.329647 -9.980348 3.923504 0.777067
37.250767 -9.033875 -3.915214 0.777067
37.313427 -9.033875 -3.264502 0.799870
37.404621 -9.033875 -1.960293 0.871306
37.433140 -9.033875 -1.307194 0.910147
37.455956 -9.033875 0.000000 0.950000
37.433140 -9.033875 1.307194 0.910147
37.404621 -9.033875 1.960293 0.871306
37.313427 -9.033875 3.264502 0.799870
37.250767 -9.033875 3.915214 0.777067
37.333790 -7.965558 -3.923939 0.777067
37.396584 -7.965558 -3.271777 0.799870
37.487984 -7.965558 -1.964662 0.871306
37.516563 -7.965558 -1.310107 0.910147
37.539433 -7.965558 0.000000 0.950000
37.516563 -7.965558 1.310107 0.910147
37.487984 -7.965558 1.964662 0.871306
37.396584 -7.965558 3.271777 0.799870
37.333790 -7.965558 3.923939 0.777067
37.294136 -6.977215 -3.919772 0.777067
37.356865 -6.977215 -3.268302 0.799870
37.448170 -6.977215 -1.962575 0.871306
37.476719 -6.977215 -1.308716 0.910147
37.499561 -6.977215 0.000000 0.950000
37.476719 -6.977215 1.308716 0.910147
37.448170 -6.977215 1.962575 0.871306
37.356865 -6.977215 3.268302 0.799870
37.294136 -6.977215 3.919772 0.777067
37.304783 -6.008171 -3.920890 0.777067
37.367527 -6.008171 -3.269235 0.799870
37.458858 -6.008171 -1.963136 0.871306
37.487415 -6.008171 -1.309089 0.910147
37.510265 -6.008171 0.000000 0.950000
37.487415 -6.008171 1.309089 0.910147
37.458858 -6.008171 1.963136 0.871306
37.367527 -6.008171 3.269235 0.799870
37.304783 -6.008171 3.920890 0.777067
37.301064 -4.964469 -3.920500 0.777067
37.363804 -4.964469 -3.268909 0.799870
37.455124 -4.964469 -1.962940 0.871306
37.483681 -4.964469 -1.308959 0.910147
37.506527 -4.964469 0.000000 0.950000
37.483681 -4.964469 1.308959 0.910147
37.455124 -4.964469 1.962940 0.871306
37.363804 -4.964469 3.268909 0.799870
37.301064 -4.964469 3.920500 0.777067
37.258945 -4.016993 -3.916073 0.777067
37.321613 -4.016993 -3.265218 0.799870
37.412830 -4.016993 -1.960723 0.871306
37.441353 -4.016993 -1.307481 0.910147
37.464176 -4.016993 0.000000 0.950000
37.441353 -4.016993 1.307481 0.910147
37.412830 -4.016993 1.960723 0.871306
37.321613 -4.016993 3.265218 0.799870
37.258945 -4.016993 3.916073 0.777067
37.276672 -2.995979 -3.917936 0.777067
37.339375 -2.995979 -3.266772 0.799870
37.430634 -2.995979 -1.961656 0.871306
37.459171 -2.995979 -1.308103 0.910147
37.482002 -2.995979 0.000000 0.950000
37.459171 -2.995979 1.308103 0.910147
37.430634 -2.995979 1.961656 0.871306
37.339375 -2.995979 3.266772 0.799870
37.276672 -2.995979 3.917936 0.777067
37.266788 -1.976944 -3.916897 0.777067
37.329472 -1.976944 -3.265906 0.799870
37.420712 -1.976944 -1.961136 0.871306
37.449238 -1.976944 -1.307756 0.910147
37.472065 -1.976944 0.000000 0.950000
37.449238 -1.976944 1.307756 0.910147
37.420712 -1.976944 1.961136 0.871306
37.329472 -1.976944 3.265906 0.799870
37.266788 -1.976944 3.916897 0.777067
37.306335 -0.962627 -3.921054 0.777067
37.369087 -0.962627 -3.269372 0.799870
37.460419 -0.962627 -1.963217 0.871306
37.488979 -0.962627 -1.309144 0.910147
37.511829 -0.962627 0.000000 0.950000
37.488979 -0.962627 1.309144 0.910147
37.460419 -0.962627 1.963217 0.871306
37.369087 -0.962627 3.269372 0.799870
37.306335 -0.962627 3.921054 0.777067
37.318600 -0.039295 -3.922343 0.777067
37.381367 -0.039295 -3.270446 0.799870
37.472733 -0.039295 -1.963863 0.871306
37.501301 -0.039295 -1.309574 0.910147
37.524158 -0.039295 0.000000 0.950000
37.501301 -0.039295 1.309574 0.910147
37.472733 -0.039295 1.963863 0.871306
37.381367 -0.039295 3.270446 0.799870
37.318600 -0.039295 3.922343 0.777067
37.306335 0.962627 -3.921054 0.777067
37.369087 0.962627 -3.269372 0.799870
37.460419 0.962627 -1.963217 0.871306
37.488979 0.962627 -1.309144 0.910147
37.511829 0.962627 0.000000 0.950000
37.488979 0.962627 1.309144 0.910147
37.460419 0.962627 1.963217 0.871306
37.369087 0.962627 3.269372 0.799870
37.306335 0.962627 3.921054 0.777067
37.266788 1.976944 -3.916897 0.777067
37.329472 1.976944 -3.265906 0.799870
37.420712 1.976944 -1.961136 0.871306
37.449238 1.976944 -1.307756 0.910147
37.472065 1.976944 0.000000 0.950000
37.449238 1.976944 1.307756 0.910147
37.420712 1.976944 1.961136 0.871306
37.329472 1.976944 3.265906 0.799870
37.266788 1.976944 3.916897 0.777067
37.276672 2.995979 -3.917936 0.777067
37.339375 2.995979 -3.266772 0.799870
37.430634 2.995979 -1.961656 0.871306
37.459171 2.995979 -1.308103 0.910147
37.482002 2.995979 0.000000 0.950000
37.459171 2.995979 1.308103 0.910147
37.430634 2.995979 1.961656 0.871306
37.339375 2.995979 3.266772 0.799870
37.276672 2.995979 3.917936 0.777067
37.258945 4.016993 -3.916073 0.777067
37.321613 4.016993 -3.265218 0.799870
37.412830 4.016993 -1.960723 0.871306
37.441353 4.016993 -1.307481 0.910147
37.464176 4.016993 0.000000 0.950000
37.441353 4.016993 1.307481 0.910147
37.412830 4.016993 1.960723 0.871306
37.321613 4.016993 3.265218 0.799870
37.258945 4.016993 3.916073 0.777067
37.301064 4.964469 -3.920500 0.777067
37.363804 4.964469 -3.268909 0.799870
37.455124 4.964469 -1.962940 0.871306
37.483681 4.964469 -1.308959 0.910147
37.506527 4.964469 0.000000 0.950000
37.483681 4.964469 1.308959 0.910147
37.455124 4.964469 1.962940 0.871306
37.363804 4.964469 3.268909 0.799870
37.301064 4.964469 3.920500 0.777067
37.304783 6.008171 -3.920890 0.777067
37.367527 6.008171 -3.269235 0.799870
37.458858 6.008171 -1.963136 0.871306
37.487415 6.008171 -1.309089 0.910147
37.510265 6.008171 0.000000 0.950000
37.487415 6.008171 1.309089 0.910147
37.458858 6.008171 1.963136 0.871306
37.367527 6.008171 3.269235 0.799870
37.304783 6.008171 3.920890 0.777067
37.294136 6.977215 -3.919772 0.777067
37.356865 6.977215 -3.268302 0.799870
37.448170 6.977215 -1.962575 0.871306
37.476719 6.977215 -1.308716 0.910147
37.499561 6.977215 0.000000 0.950000
37.476719 6.977215 1.308716 0.910147
37.448170 6.977215 1.962575 0.871306
37.356865 6.977215 3.268302 0.799870
37.294136 6.977215 3.919772 0.777067
37.333790 7.965558 -3.923939 0.777067
37.396584 7.965558 -3.271777 0.799870
37.487984 7.965558 -1.964662 0.871306
37.516563 7.965558 -1.310107 0.910147
37.539433 7.965558 0.000000 0.950000
37.516563 7.965558 1.310107 0.910147
37.487984 7.965558 1.964662 0.871306
37.396584 7.965558 3.271777 0.799870
37.333790 7.965558 3.923939 0.777067
37.250767 9.033875 -3.915214 0.777067
37.313427 9.033875 -3.264502 0.799870
37.404621 9.033875 -1.960293 0.871306
37.433140 9.033875 -1.307194 0.910147
37.455956 9.033875 0.000000 0.950000
37.433140 9.033875 1.307194 0.910147
37.404621 9.033875 1.960293 0.871306
37.313427 9.033875 3.264502 0.799870
37.250767 9.033875 3.915214 0.777067
37.329647 9.980348 -3.923504 0.777067
37.392433 9.980348 -3.271414 0.799870
37.483826 9.980348 -1.964444 0.871306
37.512402 9.980348 -1.309962 0.910147
37.535267 9.980348 0.000000 0.950000
37.512402 9.980348 1.309962 0.910147
37.483826 9.980348 1.964444 0.871306
37.392433 9.980348 3.271414 0.799870
37.329647 9.980348 3.923504 0.777067
37.284222 11.005353 -3.918730 0.777067
37.346935 11.005353 -3.267433 0.799870
37.438213 11.005353 -1.962054 0.871306
37.466755 11.005353 -1.308368 0.910147
37.489594 11.005353 0.000000 0.950000
37.466755 11.005353 1.308368 0.910147
37.438213 11.005353 1.962054 0.871306
37.346935 11.005353 3.267433 0.799870
37.284222 11.005353 3.918730 0.777067
37.311283 11.973140 -3.921574 0.777067
37.374043 11.973140 -3.269805 0.799870
37.465389 11.973140 -1.963478 0.871306
37.493950 11.973140 -1.309317 0.910147
37.516804 11.973140 0.000000 0.950000
37.493950 11.973140 1.309317 0.910147
37.465389 11.973140 1.963478 0.871306
37.374043 11.973140 3.269805 0.799870
37.311283 11.973140 3.921574 0.777067
37.309063 12.961263 -3.921341 0.777067
37.371819 12.961263 -3.269610 0.799870
37.463158 12.961263 -1.963361 0.871306
37.491718 12.961263 -1.309240 0.910147
37.514572 12.961263 0.000000 0.950000
37.491718 12.961263 1.309240 0.910147
37.463158 12.961263 1.963361 0.871306
37.371819 12.961263 3.269610 0.799870
37.309063 12.961263 3.921341 0.777067
37.278633 13.962510 -3.918142 0.777067
37.341339 13.962510 -3.266944 0.799870
37.432602 13.962510 -1.961760 0.871306
37.461140 13.962510 -1.308172 0.910147
37.483974 13.962510 0.000000 0.950000
37.461140 13.962510 1.308172 0.910147
37.432602 13.962510 1.961760 0.871306
37.341339 13.962510 3.266944 0.799870
37.278633 13.962510 3.918142 0.777067
36.933403 14.861196 -3.881857 0.777067
36.995525 14.861196 -3.236689 0.799870
37.085945 14.861196 -1.943592 0.871306
37.114220 14.861196 -1.296057 0.910147
37.136841 14.861196 0.000000 0.950000
37.114220 14.861196 1.296057 0.910147
37.085945 14.861196 1.943592 0.871306
36.995525 14.861196 3.236689 0.799870
36.933403 14.861196 3.881857 0.777067
36.602192 15.667794 -3.847045 0.777067
36.663757 15.667794 -3.207663 0.799870
36.753368 15.667794 -1.926162 0.871306
36.781387 15.667794 -1.284434 0.910147
36.803806 15.667794 0.000000 0.950000
36.781387 15.667794 1.284434 0.910147
36.753368 15.667794 1.926162 0.871306
36.663757 15.667794 3.207663 0.799870
36.602192 15.667794 3.847045 0.777067
36.250706 16.473299 -3.810102 0.777067
36.311680 16.473299 -3.176860 0.799870
36.400429 16.473299 -1.907666 0.871306
36.428177 16.473299 -1.272100 0.910147
36.450382 16.473299 0.000000 0.950000
36.428177 16.473299 1.272100 0.910147
36.400429 16.473299 1.907666 0.871306
36.311680 16.473299 3.176860 0.799870
36.250706 16.473299 3.810102 0.777067
35.875687 17.283430 -3.770687 0.777067
35.936031 17.283430 -3.143995 0.799870
36.023861 17.283430 -1.887931 0.871306
36.051327 17.283430 -1.258940 0.910147
36.073299 17.283430 0.000000 0.950000
36.051327 17.283430 1.258940 0.910147
36.023861 17.283430 1.887931 0.871306
35.936031 17.283430 3.143995 0.799870
35.875687 17.283430 3.770687 0.777067
35.479630 18.091162 -3.729059 0.777067
35.539307 18.091162 -3.109287 0.799870
35.626167 18.091162 -1.867088 0.871306
35.653328 18.091162 -1.245042 0.910147
35.675060 18.091162 0.000000 0.950000
35.653328 18.091162 1.245042 0.910147
35.626167 18.091162 1.867088 0.871306
35.539307 18.091162 3.109287 0.799870
35.479630 18.091162 3.729059 0.777067
35.108116 18.809675 -3.690012 0.777067
35.167171 18.809675 -3.076729 0.799870
35.253120 18.809675 -1.847538 0.871306
35.279999 18.809675 -1.232005 0.910147
35.301502 18.809675 0.000000 0.950000
35.279999 18.809675 1.232005 0.910147
35.253120 18.809675 1.847538 0.871306
35.167171 18.809675 3.076729 0.799870
35.108116 18.809675 3.690012 0.777067
34.769550 19.435112 -3.654427 0.777067
34.777225 19.526573 -3.042613 0.799870
34.862225 19.526573 -1.827052 0.871306
34.888802 19.526573 -1.218344 0.910147
34.910069 19.526573 0.000000 0.950000
34.888802 19.526573 1.218344 0.910147
34.862225 19.526573 1.827052 0.871306
34.777225 19.526573 3.042613 0.799870
34.769550 19.435112 3.654427 0.777067
34.360638 20.156990 -3.611448 0.777067
34.418430 20.156990 -3.011223 0.799870
34.449734 20.247372 -1.805434 0.871306
34.475998 20.247372 -1.203928 0.910147
34.497013 20.247372 0.000000 0.950000
34.475998 20.247372 1.203928 0.910147
34.449734 20.247372 1.805434 0.871306
34.418430 20.156990 3.011223 0.799870
34.360638 20.156990 3.611448 0.777067
33.987511 20.786730 -3.572232 0.777067
33.990353 20.876127 -2.973771 0.799870
34.073429 20.876127 -1.785713 0.871306
34.099403 20.876127 -1.190777 0.910147
34.120190 20.876127 0.000000 0.950000
34.099403 20.876127 1.190777 0.910147
34.073429 20.876127 1.785713 0.871306
33.990353 20.876127 2.973771 0.799870
33.987511 20.786730 3.572232 0.777067
33.543388 21.503759 -3.525552 0.777067
33.599808 21.503759 -2.939602 0.799870
33.681931 21.503759 -1.765195 0.871306
33.651230 21.591986 -1.175127 0.910147
33.671741 21.591986 0.000000 0.950000
33.651230 21.591986 1.175127 0.910147
33.681931 21.503759 1.765195 0.871306
33.599808 21.503759 2.939602 0.799870
33.543388 21.503759 3.525552 0.777067
33.076591 22.222809 -3.476490 0.777067
33.132225 22.222809 -2.898694 0.799870
33.213203 22.222809 -1.740630 0.871306
33.238525 22.222809 -1.160715 0.910147
33.258785 22.222809 0.000000 0.950000
33.238525 22.222809 1.160715 0.910147
33.213203 22.222809 1.740630 0.871306
33.132225 22.222809 2.898694 0.799870
33.076591 22.222809 3.476490 0.777067
32.772659 22.673508 -3.444545 0.777067
32.768536 22.759701 -2.866876 0.799870
32.848625 22.759701 -1.721524 0.871306
32.873669 22.759701 -1.147974 0.910147
32.893707 22.759701 0.000000 0.950000
32.873669 22.759701 1.147974 0.910147
32.848625 22.759701 1.721524 0.871306
32.768536 22.759701 2.866876 0.799870
32.772659 22.673508 3.444545 0.777067
32.650181 -22.851467 -3.431672 0.777067
32.686268 -22.943058 -2.285646 0.832222
32.721176 -22.943058 -1.714844 0.871306
32.761093 -22.943058 -0.571847 0.939192
32.766083 -22.943058 0.000000 0.950000
32.761093 -22.943058 0.571847 0.939192
32.721176 -22.943058 1.714844 0.871306
32.686268 -22.943058 2.285646 0.832222
32.650181 -22.851467 3.431672 0.777067
33.076591 -22.222809 -3.476490 0.777067
33.057339 -22.402430 -2.311594 0.832222
33.092648 -22.402430 -1.734312 0.871306
33.133015 -22.402430 -0.578339 0.939192
33.138062 -22.402430 0.000000 0.950000
33.133015 -22.402430 0.578339 0.939192
33.092648 -22.402430 1.734312 0.871306
33.057339 -22.402430 2.311594 0.832222
33.076591 -22.222809 3.476490 0.777067
33.370609 -21.773849 -3.507392 0.777067
33.472687 -21.773849 -2.340638 0.832222
33.508438 -21.773849 -1.756103 0.871306
33.549313 -21.773849 -0.585605 0.939192
33.554424 -21.773849 0.000000 0.950000
33.549313 -21.773849 0.585605 0.939192
33.508438 -21.773849 1.756103 0.871306
33.472687 -21.773849 2.340638 0.832222
33.370609 -21.773849 3.507392 0.777067
33.824100 -21.054493 -3.555056 0.777067
33.872463 -21.143459 -2.368593 0.832222
33.908642 -21.143459 -1.777077 0.871306
33.950005 -21.143459 -0.592600 0.939192
33.955177 -21.143459 0.000000 0.950000
33.950005 -21.143459 0.592600 0.939192
33.908642 -21.143459 1.777077 0.871306
33.872463 -21.143459 2.368593 0.832222
33.824100 -21.054493 3.555056 0.777067
34.148830 -20.517683 -3.589186 0.777067
34.253288 -20.517683 -2.395223 0.832222
34.289871 -20.517683 -1.797056 0.871306
34.331699 -20.517683 -0.599262 0.939192
34.336929 -20.517683 0.000000 0.950000
34.331699 -20.517683 0.599262 0.939192
34.289871 -20.517683 1.797056 0.871306
34.253288 -20.517683 2.395223 0.832222
34.148830 -20.517683 3.589186 0.777067
34.517021 -19.885015 -3.627885 0.777067
34.622604 -19.885015 -2.421048 0.832222
34.659584 -19.885015 -1.816432 0.871306
34.701862 -19.885015 -0.605723 0.939192
34.707150 -19.885015 0.000000 0.950000
34.701862 -19.885015 0.605723 0.939192
34.659584 -19.885015 1.816432 0.871306
34.622604 -19.885015 2.421048 0.832222
34.517021 -19.885015 3.627885 0.777067
34.916954 -19.166059 -3.669920 0.777067
35.023766 -19.166059 -2.449100 0.832222
35.061169 -19.166059 -1.837478 0.871306
35.103939 -19.166059 -0.612742 0.939192
35.109287 -19.166059 0.000000 0.950000
35.103939 -19.166059 0.612742 0.939192
35.061169 -19.166059 1.837478 0.871306
35.023766 -19.166059 2.449100 0.832222
34.916954 -19.166059 3.669920 0.777067
35.295685 -18.451365 -3.709726 0.777067
35.403648 -18.451365 -2.475664 0.832222
35.441463 -18.451365 -1.857408 0.871306
35.484695 -18.451365 -0.619388 0.939192
35.490101 -18.451365 0.000000 0.950000
35.484695 -18.451365 0.619388 0.939192
35.441463 -18.451365 1.857408 0.871306
35.403648 -18.451365 2.475664 0.832222
35.295685 -18.451365 3.709726 0.777067
35.659943 -17.729107 -3.748011 0.777067
35.769020 -17.729107 -2.501214 0.832222
35.807224 -17.729107 -1.876577 0.871306
35.850906 -17.729107 -0.625780 0.939192
35.856365 -17.729107 0.000000 0.950000
35.850906 -17.729107 0.625780 0.939192
35.807224 -17.729107 1.876577 0.871306
35.769020 -17.729107 2.501214 0.832222
35.659943 -17.729107 3.748011 0.777067
36.044910 -16.923710 -3.788473 0.777067
36.155167 -16.923710 -2.528215 0.832222
36.193783 -16.923710 -1.896836 0.871306
36.237934 -16.923710 -0.632535 0.939192
36.243454 -16.923710 0.000000 0.950000
36.237934 -16.923710 0.632535 0.939192
36.193783 -16.923710 1.896836 0.871306
36.155167 -16.923710 2.528215 0.832222
36.044910 -16.923710 3.788473 0.777067
36.409096 -16.116257 -3.826750 0.777067
36.520466 -16.116257 -2.553760 0.832222
36.559471 -16.116257 -1.916001 0.871306
36.604069 -16.116257 -0.638926 0.939192
36.609646 -16.116257 0.000000 0.950000
36.604069 -16.116257 0.638926 0.939192
36.559471 -16.116257 1.916001 0.871306
36.520466 -16.116257 2.553760 0.832222
36.409096 -16.116257 3.826750 0.777067
36.752739 -15.307338 -3.862868 0.777067
36.865162 -15.307338 -2.577863 0.832222
36.904533 -15.307338 -1.934085 0.871306
36.949554 -15.307338 -0.644957 0.939192
36.955181 -15.307338 0.000000 0.950000
36.949554 -15.307338 0.644957 0.939192
36.904533 -15.307338 1.934085 0.871306
36.865162 -15.307338 2.577863 0.832222
36.752739 -15.307338 3.862868 0.777067
37.076092 -14.497521 -3.896854 0.777067
37.189503 -14.497521 -2.600543 0.832222
37.229221 -14.497521 -1.951101 0.871306
37.274639 -14.497521 -0.650631 0.939192
37.280315 -14.497521 0.000000 0.950000
37.274639 -14.497521 0.650631 0.939192
37.229221 -14.497521 1.951101 0.871306
37.189503 -14.497521 2.600543 0.832222
37.076092 -14.497521 3.896854 0.777067
37.377045 -13.693926 -3.928486 0.777067
37.491379 -13.693926 -2.621652 0.832222
37.531422 -13.693926 -1.966938 0.871306
37.577206 -13.693926 -0.655913 0.939192
37.582928 -13.693926 0.000000 0.950000
37.577206 -13.693926 0.655913 0.939192
37.531422 -13.693926 1.966938 0.871306
37.491379 -13.693926 2.621652 0.832222
37.377045 -13.693926 3.928486 0.777067
37.691971 -12.791451 -3.961586 0.777067
37.807270 -12.791451 -2.643742 0.832222
37.847649 -12.791451 -1.983511 0.871306
37.893818 -12.791451 -0.661439 0.939192
37.899590 -12.791451 0.000000 0.950000
37.893818 -12.791451 0.661439 0.939192
37.847649 -12.791451 1.983511 0.871306
37.807270 -12.791451 2.643742 0.832222
37.691971 -12.791451 3.961586 0.777067
37.981224 -11.894995 -3.991987 0.777067
38.097404 -11.894995 -2.664030 0.832222
38.138092 -11.894995 -1.998733 0.871306
38.184616 -11.894995 -0.666515 0.939192
38.190434 -11.894995 0.000000 0.950000
38.184616 -11.894995 0.666515 0.939192
38.138092 -11.894995 1.998733 0.871306
38.097404 -11.894995 2.664030 0.832222
37.981224 -11.894995 3.991987 0.777067
38.247478 -10.998648 -4.019972 0.777067
38.364475 -10.998648 -2.682705 0.832222
38.405449 -10.998648 -2.012744 0.871306
38.452301 -10.998648 -0.671187 0.939192
38.458157 -10.998648 0.000000 0.950000
38.452301 -10.998648 0.671187 0.939192
38.405449 -10.998648 2.012744 0.871306
38.364475 -10.998648 2.682705 0.832222
38.247478 -10.998648 4.019972 0.777067
38.560272 -9.832598 -4.052848 0.777067
38.386517 -10.037700 -2.684247 0.832222
38.427513 -10.037700 -2.013901 0.871306
38.474392 -10.037700 -0.671573 0.939192
38.480251 -10.037700 0.000000 0.950000
38.474392 -10.037700 0.671573 0.939192
38.427513 -10.037700 2.013901 0.871306
38.386517 -10.037700 2.684247 0.832222
38.560272 -9.832598 4.052848 0.777067
38.285042 -9.007875 -4.023920 0.777067
38.402153 -9.007875 -2.685340 0.832222
38.443169 -9.007875 -2.014721 0.871306
38.490063 -9.007875 -0.671847 0.939192
38.495926 -9.007875 0.000000 0.950000
38.490063 -9.007875 0.671847 0.939192
38.443169 -9.007875 2.014721 0.871306
38.402153 -9.007875 2.685340 0.832222
38.285042 -9.007875 4.023920 0.777067
38.273453 -7.983720 -4.022702 0.777067
38.390526 -7.983720 -2.684527 0.832222
38.431530 -7.983720 -2.014111 0.871306
38.478413 -7.983720 -0.671643 0.939192
38.484272 -7.983720 0.000000 0.950000
38.478413 -7.983720 0.671643 0.939192
38.431530 -7.983720 2.014111 0.871306
38.390526 -7.983720 2.684527 0.832222
38.273453 -7.983720 4.022702 0.777067
38.309475 -6.986471 -4.026488 0.777067
38.426659 -6.986471 -2.687054 0.832222
38.467701 -6.986471 -2.016007 0.871306
38.514626 -6.986471 -0.672275 0.939192
38.520493 -6.986471 0.000000 0.950000
38.514626 -6.986471 0.672275 0.939192
38.467701 -6.986471 2.016007 0.871306
38.426659 -6.986471 2.687054 0.832222
38.309475 -6.986471 4.026488 0.777067
38.319923 -5.992461 -4.027586 0.777067
38.437141 -5.992461 -2.687786 0.832222
38.478191 -5.992461 -2.016557 0.871306
38.525131 -5.992461 -0.672459 0.939192
38.530998 -5.992461 0.000000 0.950000
38.525131 -5.992461 0.672459 0.939192
38.478191 -5.992461 2.016557 0.871306
38.437141 -5.992461 2.687786 0.832222
38.319923 -5.992461 4.027586 0.777067
38.304111 -5.009073 -4.025924 0.777067
38.421280 -5.009073 -2.686677 0.832222
38.462315 -5.009073 -2.015724 0.871306
38.509232 -5.009073 -0.672181 0.939192
38.515099 -5.009073 0.000000 0.950000
38.509232 -5.009073 0.672181 0.939192
38.462315 -5.009073 2.015724 0.871306
38.421280 -5.009073 2.686677 0.832222
38.304111 -5.009073 4.025924 0.777067
38.262745 -4.036940 -4.021576 0.777067
38.379787 -4.036940 -2.683776 0.832222
38.420780 -4.036940 -2.013548 0.871306
38.467648 -4.036940 -0.671455 0.939192
38.473507 -4.036940 0.000000 0.950000
38.467648 -4.036940 0.671455 0.939192
38.420780 -4.036940 2.013548 0.871306
38.379787 -4.036940 2.683776 0.832222
38.262745 -4.036940 4.021576 0.777067
38.280624 -2.988791 -4.023456 0.777067
38.397724 -2.988791 -2.685030 0.832222
38.438732 -2.988791 -2.014489 0.871306
38.485622 -2.988791 -0.671769 0.939192
38.491486 -2.988791 0.000000 0.950000
38.485622 -2.988791 0.671769 0.939192
38.438732 -2.988791 2.014489 0.871306
38.397724 -2.988791 2.685030 0.832222
38.280624 -2.988791 4.023456 0.777067
38.265694 -2.029934 -4.021886 0.777067
38.382744 -2.029934 -2.683983 0.832222
38.423740 -2.029934 -2.013703 0.871306
38.470612 -2.029934 -0.671507 0.939192
38.476471 -2.029934 0.000000 0.950000
38.470612 -2.029934 0.671507 0.939192
38.423740 -2.029934 2.013703 0.871306
38.382744 -2.029934 2.683983 0.832222
38.265694 -2.029934 4.021886 0.777067
38.306297 -0.988430 -4.026154 0.777067
38.423473 -0.988430 -2.686831 0.832222
38.464512 -0.988430 -2.015840 0.871306
38.511433 -0.988430 -0.672220 0.939192
38.517300 -0.988430 0.000000 0.950000
38.511433 -0.988430 0.672220 0.939192
38.464512 -0.988430 2.015840 0.871306
38.423473 -0.988430 2.686831 0.832222
38.306297 -0.988430 4.026154 0.777067
38.318890 -0.040348 -4.027478 0.777067
38.436104 -0.040348 -2.687714 0.832222
38.477158 -0.040348 -2.016502 0.871306
38.524094 -0.040348 -0.672441 0.939192
38.529961 -0.040348 0.000000 0.950000
38.524094 -0.040348 0.672441 0.939192
38.477158 -0.040348 2.016502 0.871306
38.436104 -0.040348 2.687714 0.832222
38.318890 -0.040348 4.027478 0.777067
38.306297 0.988430 -4.026154 0.777067
38.423473 0.988430 -2.686831 0.832222
38.464512 0.988430 -2.015840 0.871306
38.511433 0.988430 -0.672220 0.939192
38.517300 0.988430 0.000000 0.950000
38.511433 0.988430 0.672220 0.939192
38.464512 0.988430 2.015840 0.871306
38.423473 0.988430 2.686831 0.832222
38.306297 0.988430 4.026154 0.777067
38.265694 2.029934 -4.021886 0.777067
38.382744 2.029934 -2.683983 0.832222
38.423740 2.029934 -2.013703 0.871306
38.470612 2.029934 -0.671507 0.939192
38.476471 2.029934 0.000000 0.950000
38.470612 2.029934 0.671507 0.939192
38.423740 2.029934 2.013703 0.871306
38.382744 2.029934 2.683983 0.832222
38.265694 2.029934 4.021886 0.777067
38.280624 2.988791 -4.023456 0.777067
38.397724 2.988791 -2.685030 0.832222
38.438732 2.988791 -2.014489 0.871306
38.485622 2.988791 -0.671769 0.939192
38.491486 2.988791 0.000000 0.950000
38.485622 2.988791 0.671769 0.939192
38.438732 2.988791 2.014489 0.871306
38.397724 2.988791 2.685030 0.832222
38.280624 2.988791 4.023456 0.777067
38.262745 4.036940 -4.021576 0.777067
38.379787 4.036940 -2.683776 0.832222
38.420780 4.036940 -2.013548 0.871306
38.467648 4.036940 -0.671455 0.939192
38.473507 4.036940 0.000000 0.950000
38.467648 4.036940 0.671455 0.939192
38.420780 4.036940 2.013548 0.871306
38.379787 4.036940 2.683776 0.832222
38.262745 4.036940 4.021576 0.777067
38.304111 5.009073 -4.025924 0.777067
38.421280 5.009073 -2.686677 0.832222
38.462315 5.009073 -2.015724 0.871306
38.509232 5.009073 -0.672181 0.939192
38.515099 5.009073 0.000000 0.950000
38.509232 5.009073 0.672181 0.939192
38.462315 5.009073 2.015724 0.871306
38.421280 5.009073 2.686677 0.832222
38.304111 5.009073 4.025924 0.777067
38.319923 5.992461 -4.027586 0.777067
38.437141 5.992461 -2.687786 0.832222
38.478191 5.992461 -2.016557 0.871306
38.525131 5.992461 -0.672459 0.939192
38.530998 5.992461 0.000000 0.950000
38.525131 5.992461 0.672459 0.939192
38.478191 5.992461 2.016557 0.871306
38.437141 5.992461 2.687786 0.832222
38.319923 5.992461 4.027586 0.777067
38.309475 6.986471 -4.026488 0.777067
38.426659 6.986471 -2.687054 0.832222
38.467701 6.986471 -2.016007 0.871306
38.514626 6.986471 -0.672275 0.939192
38.520493 6.986471 0.000000 0.950000
38.514626 6.986471 0.672275 0.939192
38.467701 6.986471 2.016007 0.871306
38.426659 6.986471 2.687054 0.832222
38.309475 6.986471 4.026488 0.777067
38.273453 7.983720 -4.022702 0.777067
38.390526 7.983720 -2.684527 0.832222
38.431530 7.983720 -2.014111 0.871306
38.478413 7.983720 -0.671643 0.939192
38.484272 7.983720 0.000000 0.950000
38.478413 7.983720 0.671643 0.939192
38.431530 7.983720 2.014111 0.871306
38.390526 7.983720 2.684527 0.832222
38.273453 7.983720 4.022702 0.777067
38.285042 9.007875 -4.023920 0.777067
38.402153 9.007875 -2.685340 0.832222
38.443169 9.007875 -2.014721 0.871306
38.490063 9.007875 -0.671847 0.939192
38.495926 9.007875 0.000000 0.950000
38.490063 9.007875 0.671847 0.939192
38.443169 9.007875 2.014721 0.871306
38.402153 9.007875 2.685340 0.832222
38.285042 9.007875 4.023920 0.777067
38.560272 9.832598 -4.052848 0.777067
38.386517 10.037700 -2.684247 0.832222
38.427513 10.037700 -2.013901 0.871306
38.474392 10.037700 -0.671573 0.939192
38.480251 10.037700 0.000000 0.950000
38.474392 10.037700 0.671573 0.939192
38.427513 10.037700 2.013901 0.871306
38.386517 10.037700 2.684247 0.832222
38.560272 9.832598 4.052848 0.777067
38.247478 10.998648 -4.019972 0.777067
38.364475 10.998648 -2.682705 0.832222
38.405449 10.998648 -2.012744 0.871306
38.452301 10.998648 -0.671187 0.939192
38.458157 10.998648 0.000000 0.950000
38.452301 10.998648 0.671187 0.939192
38.405449 10.998648 2.012744 0.871306
38.364475 10.998648 2.682705 0.832222
38.247478 10.998648 4.019972 0.777067
37.981224 11.894995 -3.991987 0.777067
38.097404 11.894995 -2.664030 0.832222
38.138092 11.894995 -1.998733 0.871306
38.184616 11.894995 -0.666515 0.939192
38.190434 11.894995 0.000000 0.950000
38.184616 11.894995 0.666515 0.939192
38.138092 11.894995 1.998733 0.871306
38.097404 11.894995 2.664030 0.832222
37.981224 11.894995 3.991987 0.777067
37.691971 12.791451 -3.961586 0.777067
37.807270 12.791451 -2.643742 0.832222
37.847649 12.791451 -1.983511 0.871306
37.893818 12.791451 -0.661439 0.939192
37.899590 12.791451 0.000000 0.950000
37.893818 12.791451 0.661439 0.939192
37.847649 12.791451 1.983511 0.871306
37.807270 12.791451 2.643742 0.832222
37.691971 12.791451 3.961586 0.777067
37.377045 13.693926 -3.928486 0.777067
37.491379 13.693926 -2.621652 0.832222
37.531422 13.693926 -1.966938 0.871306
37.577206 13.693926 -0.655913 0.939192
37.582928 13.693926 0.000000 0.950000
37.577206 13.693926 0.655913 0.939192
37.531422 13.693926 1.966938 0.871306
37.491379 13.693926 2.621652 0.832222
37.377045 13.693926 3.928486 0.777067
37.076092 14.497521 -3.896854 0.777067
37.189503 14.497521 -2.600543 0.832222
37.229221 14.497521 -1.951101 0.871306
37.274639 14.497521 -0.650631 0.939192
37.280315 14.497521 0.000000 0.950000
37.274639 14.497521 0.650631 0.939192
37.229221 14.497521 1.951101 0.871306
37.189503 14.497521 2.600543 0.832222
37.076092 14.497521 3.896854 0.777067
36.752739 15.307338 -3.862868 0.777067
36.865162 15.307338 -2.577863 0.832222
36.904533 15.307338 -1.934085 0.871306
36.949554 15.307338 -0.644957 0.939192
36.955181 15.307338 0.000000 0.950000
36.949554 15.307338 0.644957 0.939192
36.904533 15.307338 1.934085 0.871306
36.865162 15.307338 2.577863 0.832222
36.752739 15.307338 3.862868 0.777067
36.409096 16.116257 -3.826750 0.777067
36.520466 16.116257 -2.553760 0.832222
36.559471 16.116257 -1.916001 0.871306
36.604069 16.116257 -0.638926 0.939192
36.609646 16.116257 0.000000 0.950000
36.604069 16.116257 0.638926 0.939192
36.559471 16.116257 1.916001 0.871306
36.520466 16.116257 2.553760 0.832222
36.409096 16.116257 3.826750 0.777067
36.044910 16.923710 -3.788473 0.777067
36.155167 16.923710 -2.528215 0.832222
36.193783 16.923710 -1.896836 0.871306
36.237934 16.923710 -0.632535 0.939192
36.243454 16.923710 0.000000 0.950000
36.237934 16.923710 0.632535 0.939192
36.193783 16.923710 1.896836 0.871306
36.155167 16.923710 2.528215 0.832222
36.044910 16.923710 3.788473 0.777067
35.659943 17.729107 -3.748011 0.777067
35.769020 17.729107 -2.501214 0.832222
35.807224 17.729107 -1.876577 0.871306
35.850906 17.729107 -0.625780 0.939192
35.856365 17.729107 0.000000 0.950000
35.850906 17.729107 0.625780 0.939192
35.807224 17.729107 1.876577 0.871306
35.769020 17.729107 2.501214 0.832222
35.659943 17.729107 3.748011 0.777067
35.295685 18.451365 -3.709726 0.777067
35.403648 18.451365 -2.475664 0.832222
35.441463 18.451365 -1.857408 0.871306
35.484695 18.451365 -0.619388 0.939192
35.490101 18.451365 0.000000 0.950000
35.484695 18.451365 0.619388 0.939192
35.441463 18.451365 1.857408 0.871306
35.403648 18.451365 2.475664 0.832222
35.295685 18.451365 3.709726 0.777067
34.916954 19.166059 -3.669920 0.777067
35.023766 19.166059 -2.449100 0.832222
35.061169 19.166059 -1.837478 0.871306
35.103939 19.166059 -0.612742 0.939192
35.109287 19.166059 0.000000 0.950000
35.103939 19.166059 0.612742 0.939192
35.061169 19.166059 1.837478 0.871306
35.023766 19.166059 2.449100 0.832222
34.916954 19.166059 3.669920 0.777067
34.517021 19.885015 -3.627885 0.777067
34.622604 19.885015 -2.421048 0.832222
34.659584 19.885015 -1.816432 0.871306
34.701862 19.885015 -0.605723 0.939192
34.707150 19.885015 0.000000 0.950000
34.701862 19.885015 0.605723 0.939192
34.659584 19.885015 1.816432 0.871306
34.622604 19.885015 2.421048 0.832222
34.517021 19.885015 3.627885 0.777067
34.148830 20.517683 -3.589186 0.777067
34.253288 20.517683 -2.395223 0.832222
34.289871 20.517683 -1.797056 0.871306
34.331699 20.517683 -0.599262 0.939192
34.336929 20.517683 0.000000 0.950000
34.331699 20.517683 0.599262 0.939192
34.289871 20.517683 1.797056 0.871306
34.253288 20.517683 2.395223 0.832222
34.148830 20.517683 3.589186 0.777067
33.824100 21.054493 -3.555056 0.777067
33.872463 21.143459 -2.368593 0.832222
33.908642 21.143459 -1.777077 0.871306
33.950005 21.143459 -0.592600 0.939192
33.955177 21.143459 0.000000 0.950000
33.950005 21.143459 0.592600 0.939192
33.908642 21.143459 1.777077 0.871306
33.872463 21.143459 2.368593 0.832222
33.824100 21.054493 3.555056 0.777067
33.370609 21.773849 -3.507392 0.777067
33.472687 21.773849 -2.340638 0.832222
33.508438 21.773849 -1.756103 0.871306
33.549313 21.773849 -0.585605 0.939192
33.554424 21.773849 0.000000 0.950000
33.549313 21.773849 0.585605 0.939192
33.508438 21.773849 1.756103 0.871306
33.472687 21.773849 2.340638 0.832222
33.370609 21.773849 3.507392 0.777067
33.076591 22.222809 -3.476490 0.777067
33.057339 22.402430 -2.311594 0.832222
33.092648 22.402430 -1.734312 0.871306
33.133015 22.402430 -0.578339 0.939192
33.138062 22.402430 0.000000 0.950000
33.133015 22.402430 0.578339 0.939192
33.092648 22.402430 1.734312 0.871306
33.057339 22.402430 2.311594 0.832222
33.076591 22.222809 3.476490 0.777067
32.650181 22.851467 -3.431672 0.777067
32.686268 22.943058 -2.285646 0.832222
32.721176 22.943058 -1.714844 0.871306
32.761093 22.943058 -0.571847 0.939192
32.766083 22.943058 0.000000 0.950000
32.761093 22.943058 0.571847 0.939192
32.721176 22.943058 1.714844 0.871306
32.686268 22.943058 2.285646 0.832222
32.650181 22.851467 3.431672 0.777067
32.586586 -22.943058 -3.424988 0.777067
32.686268 -22.943058 -2.285646 0.832222
32.721176 -22.943058 -1.714844 0.871306
32.761093 -22.943058 -0.571847 0.939192
32.766083 -22.943058 0.000000 0.950000
32.761093 -22.943058 0.571847 0.939192
32.721176 -22.943058 1.714844 0.871306
32.686268 -22.943058 2.285646 0.832222
32.586586 -22.943058 3.424988 0.777067
32.835503 -22.581396 -3.451150 0.777067
32.935944 -22.581396 -2.303105 0.832222
32.971119 -22.581396 -1.727943 0.871306
33.011341 -22.581396 -0.576215 0.939192
33.016369 -22.581396 0.000000 0.950000
33.011341 -22.581396 0.576215 0.939192
32.971119 -22.581396 1.727943 0.871306
32.935944 -22.581396 2.303105 0.832222
32.835503 -22.581396 3.451150 0.777067
33.252960 -21.955078 -3.495027 0.777067
33.354679 -21.955078 -2.332386 0.832222
33.390305 -21.955078 -1.749912 0.871306
33.431034 -21.955078 -0.583541 0.939192
33.436127 -21.955078 0.000000 0.950000
33.431034 -21.955078 0.583541 0.939192
33.390305 -21.955078 1.749912 0.871306
33.354679 -21.955078 2.332386 0.832222
33.252960 -21.955078 3.495027 0.777067
33.658604 -21.320959 -3.537662 0.777067
33.761562 -21.320959 -2.360838 0.832222
33.738033 -21.415386 -1.768136 0.871306
33.779190 -21.415386 -0.589618 0.939192
33.784336 -21.415386 0.000000 0.950000
33.779190 -21.415386 0.589618 0.939192
33.738033 -21.415386 1.768136 0.871306
33.761562 -21.320959 2.360838 0.832222
33.658604 -21.320959 3.537662 0.777067
34.095291 -20.607508 -3.583560 0.777067
34.091476 -20.786730 -2.383908 0.832222
34.127888 -20.786730 -1.788567 0.871306
34.169521 -20.786730 -0.596431 0.939192
34.174725 -20.786730 0.000000 0.950000
34.169521 -20.786730 0.596431 0.939192
34.127888 -20.786730 1.788567 0.871306
34.091476 -20.786730 2.383908 0.832222
34.095291 -20.607508 3.583560 0.777067
34.465130 -19.975811 -3.622431 0.777067
34.465744 -20.156990 -2.410079 0.832222
34.502552 -20.156990 -1.808202 0.871306
34.544643 -20.156990 -0.602979 0.939192
34.549904 -20.156990 0.000000 0.950000
34.544643 -20.156990 0.602979 0.939192
34.502552 -20.156990 1.808202 0.871306
34.465744 -20.156990 2.410079 0.832222
34.465130 -19.975811 3.622431 0.777067
34.769550 -19.435112 -3.654427 0.777067
34.875908 -19.435112 -2.438761 0.832222
34.913158 -19.435112 -1.829721 0.871306
34.955746 -19.435112 -0.610155 0.939192
34.961071 -19.435112 0.000000 0.950000
34.955746 -19.435112 0.610155 0.939192
34.913158 -19.435112 1.829721 0.871306
34.875908 -19.435112 2.438761 0.832222
34.769550 -19.435112 3.654427 0.777067
35.108116 -18.809675 -3.690012 0.777067
35.215511 -18.809675 -2.462508 0.832222
35.253120 -18.809675 -1.847538 0.871306
35.296127 -18.809675 -0.616096 0.939192
35.301502 -18.809675 0.000000 0.950000
35.296127 -18.809675 0.616096 0.939192
35.253120 -18.809675 1.847538 0.871306
35.215511 -18.809675 2.462508 0.832222
35.108116 -18.809675 3.690012 0.777067
35.479630 -18.091162 -3.729059 0.777067
35.588158 -18.091162 -2.488566 0.832222
35.626167 -18.091162 -1.867088 0.871306
35.669628 -18.091162 -0.622616 0.939192
35.675060 -18.091162 0.000000 0.950000
35.669628 -18.091162 0.622616 0.939192
35.626167 -18.091162 1.867088 0.871306
35.588158 -18.091162 2.488566 0.832222
35.479630 -18.091162 3.729059 0.777067
35.875687 -17.283430 -3.770687 0.777067
35.985428 -17.283430 -2.516346 0.832222
36.023861 -17.283430 -1.887931 0.871306
36.025478 -17.371523 -0.628827 0.939192
36.030964 -17.371523 0.000000 0.950000
36.025478 -17.371523 0.628827 0.939192
36.023861 -17.283430 1.887931 0.871306
35.985428 -17.283430 2.516346 0.832222
35.875687 -17.283430 3.770687 0.777067
36.250706 -16.473299 -3.810102 0.777067
36.321331 -16.562315 -2.539835 0.832222
36.360123 -16.562315 -1.905553 0.871306
36.404476 -16.562315 -0.635442 0.939192
36.410023 -16.562315 0.000000 0.950000
36.404476 -16.562315 0.635442 0.939192
36.360123 -16.562315 1.905553 0.871306
36.321331 -16.562315 2.539835 0.832222
36.250706 -16.473299 3.810102 0.777067
36.602192 -15.667794 -3.847045 0.777067
36.637337 -15.847465 -2.561932 0.832222
36.676464 -15.847465 -1.922132 0.871306
36.721207 -15.847465 -0.640971 0.939192
36.726799 -15.847465 0.000000 0.950000
36.721207 -15.847465 0.640971 0.939192
36.676464 -15.847465 1.922132 0.871306
36.637337 -15.847465 2.561932 0.832222
36.602192 -15.667794 3.847045 0.777067
36.863342 -15.036033 -3.874493 0.777067
36.976105 -15.036033 -2.585621 0.832222
37.015594 -15.036033 -1.939905 0.871306
37.060749 -15.036033 -0.646898 0.939192
37.066395 -15.036033 0.000000 0.950000
37.060749 -15.036033 0.646898 0.939192
37.015594 -15.036033 1.939905 0.871306
36.976105 -15.036033 2.585621 0.832222
36.863342 -15.036033 3.874493 0.777067
37.178314 -14.230380 -3.907598 0.777067
37.292042 -14.230380 -2.607713 0.832222
37.331871 -14.230380 -1.956480 0.871306
37.377411 -14.230380 -0.652425 0.939192
37.383102 -14.230380 0.000000 0.950000
37.377411 -14.230380 0.652425 0.939192
37.331871 -14.230380 1.956480 0.871306
37.292042 -14.230380 2.607713 0.832222
37.178314 -14.230380 3.907598 0.777067
37.506054 -13.332530 -3.942045 0.777067
37.620781 -13.332530 -2.630701 0.832222
37.660961 -13.332530 -1.973727 0.871306
37.706902 -13.332530 -0.658176 0.939192
37.712646 -13.332530 0.000000 0.950000
37.706902 -13.332530 0.658176 0.939192
37.660961 -13.332530 1.973727 0.871306
37.620781 -13.332530 2.630701 0.832222
37.506054 -13.332530 3.942045 0.777067
37.779865 -12.526552 -3.970824 0.777067
37.895428 -12.526552 -2.649906 0.832222
37.935902 -12.526552 -1.988136 0.871306
37.982178 -12.526552 -0.662981 0.939192
37.987965 -12.526552 0.000000 0.950000
37.982178 -12.526552 0.662981 0.939192
37.935902 -12.526552 1.988136 0.871306
37.895428 -12.526552 2.649906 0.832222
37.779865 -12.526552 3.970824 0.777067
38.062885 -11.628088 -4.000570 0.777067
38.179317 -11.628088 -2.669758 0.832222
38.220093 -11.628088 -2.003030 0.871306
38.266716 -11.628088 -0.667948 0.939192
38.272545 -11.628088 0.000000 0.950000
38.266716 -11.628088 0.667948 0.939192
38.220093 -11.628088 2.003030 0.871306
38.179317 -11.628088 2.669758 0.832222
38.062885 -11.628088 4.000570 0.777067
38.322910 -10.729894 -4.027900 0.777067
38.440140 -10.729894 -2.687996 0.832222
38.481194 -10.729894 -2.016714 0.871306
38.528137 -10.729894 -0.672511 0.939192
38.534004 -10.729894 0.000000 0.950000
38.528137 -10.729894 0.672511 0.939192
38.481194 -10.729894 2.016714 0.871306
38.440140 -10.729894 2.687996 0.832222
38.322910 -10.729894 4.027900 0.777067
38.560272 -9.832598 -4.052848 0.777067
38.678223 -9.832598 -2.704645 0.832222
38.719532 -9.832598 -2.029205 0.871306
38.766766 -9.832598 -0.676676 0.939192
38.772671 -9.832598 0.000000 0.950000
38.766766 -9.832598 0.676676 0.939192
38.719532 -9.832598 2.029205 0.871306
38.678223 -9.832598 2.704645 0.832222
38.560272 -9.832598 4.052848 0.777067
38.776855 -8.930005 -4.075612 0.777067
38.895470 -8.930005 -2.719836 0.832222
38.937012 -8.930005 -2.040602 0.871306
38.984509 -8.930005 -0.680477 0.939192
38.990448 -8.930005 0.000000 0.950000
38.984509 -8.930005 0.680477 0.939192
38.937012 -8.930005 2.040602 0.871306
38.895470 -8.930005 2.719836 0.832222
38.776855 -8.930005 4.075612 0.777067
38.989170 -7.940508 -4.097927 0.777067
39.108437 -7.940508 -2.734728 0.832222
39.150204 -7.940508 -2.051775 0.871306
39.197964 -7.940508 -0.684203 0.939192
39.203934 -7.940508 0.000000 0.950000
39.197964 -7.940508 0.684203 0.939192
39.150204 -7.940508 2.051775 0.871306
39.108437 -7.940508 2.734728 0.832222
38.989170 -7.940508 4.097927 0.777067
39.175312 -6.952802 -4.117491 0.777067
39.295143 -6.952802 -2.747784 0.832222
39.337112 -6.952802 -2.061571 0.871306
39.385098 -6.952802 -0.687469 0.939192
39.391098 -6.952802 0.000000 0.950000
39.385098 -6.952802 0.687469 0.939192
39.337112 -6.952802 2.061571 0.871306
39.295143 -6.952802 2.747784 0.832222
39.175312 -6.952802 4.117491 0.777067
39.259586 -5.956065 -4.126348 0.777067
39.379677 -5.956065 -2.753695 0.832222
39.421738 -5.956065 -2.066006 0.871306
39.469826 -5.956065 -0.688948 0.939192
39.475838 -5.956065 0.000000 0.950000
39.469826 -5.956065 0.688948 0.939192
39.421738 -5.956065 2.066006 0.871306
39.379677 -5.956065 2.753695 0.832222
39.259586 -5.956065 4.126348 0.777067
39.318832 -4.959436 -4.132576 0.777067
39.439106 -4.959436 -2.757851 0.832222
39.481228 -4.959436 -2.069124 0.871306
39.529392 -4.959436 -0.689988 0.939192
39.535412 -4.959436 0.000000 0.950000
39.529392 -4.959436 0.689988 0.939192
39.481228 -4.959436 2.069124 0.871306
39.439106 -4.959436 2.757851 0.832222
39.318832 -4.959436 4.132576 0.777067
39.275864 -3.962731 -4.128060 0.777067
39.396008 -3.962731 -2.754837 0.832222
39.438084 -3.962731 -2.066862 0.871306
39.486191 -3.962731 -0.689234 0.939192
39.492207 -3.962731 0.000000 0.950000
39.486191 -3.962731 0.689234 0.939192
39.438084 -3.962731 2.066862 0.871306
39.396008 -3.962731 2.754837 0.832222
39.275864 -3.962731 4.128060 0.777067
39.284740 -2.977038 -4.128993 0.777067
39.404907 -2.977038 -2.755459 0.832222
39.446995 -2.977038 -2.067329 0.871306
39.495113 -2.977038 -0.689390 0.939192
39.501129 -2.977038 0.000000 0.950000
39.495113 -2.977038 0.689390 0.939192
39.446995 -2.977038 2.067329 0.871306
39.404907 -2.977038 2.755459 0.832222
39.284740 -2.977038 4.128993 0.777067
39.269196 -1.993340 -4.127359 0.777067
39.389317 -1.993340 -2.754369 0.832222
39.431385 -1.993340 -2.066511 0.871306
39.479488 -1.993340 -0.689117 0.939192
39.485500 -1.993340 0.000000 0.950000
39.479488 -1.993340 0.689117 0.939192
39.431385 -1.993340 2.066511 0.871306
39.389317 -1.993340 2.754369 0.832222
39.269196 -1.993340 4.127359 0.777067
39.306263 -1.014232 -4.131255 0.777067
39.426498 -1.014232 -2.756969 0.832222
39.468609 -1.014232 -2.068462 0.871306
39.516754 -1.014232 -0.689767 0.939192
39.522774 -1.014232 0.000000 0.950000
39.516754 -1.014232 0.689767 0.939192
39.468609 -1.014232 2.068462 0.871306
39.426498 -1.014232 2.756969 0.832222
39.306263 -1.014232 4.131255 0.777067
39.319183 -0.041402 -4.132613 0.777067
39.439457 -0.041402 -2.757875 0.832222
39.481579 -0.041402 -2.069142 0.871306
39.529743 -0.041402 -0.689994 0.939192
39.535763 -0.041402 0.000000 0.950000
39.529743 -0.041402 0.689994 0.939192
39.481579 -0.041402 2.069142 0.871306
39.439457 -0.041402 2.757875 0.832222
39.319183 -0.041402 4.132613 0.777067
39.306263 1.014232 -4.131255 0.777067
39.426498 1.014232 -2.756969 0.832222
39.468609 1.014232 -2.068462 0.871306
39.516754 1.014232 -0.689767 0.939192
39.522774 1.014232 0.000000 0.950000
39.516754 1.014232 0.689767 0.939192
39.468609 1.014232 2.068462 0.871306
39.426498 1.014232 2.756969 0.832222
39.306263 1.014232 4.131255 0.777067
39.269196 1.993340 -4.127359 0.777067
39.389317 1.993340 -2.754369 0.832222
39.431385 1.993340 -2.066511 0.871306
39.479488 1.993340 -0.689117 0.939192
39.485500 1.993340 0.000000 0.950000
39.479488 1.993340 0.689117 0.939192
39.431385 1.993340 2.066511 0.871306
39.389317 1.993340 2.754369 0.832222
39.269196 1.993340 4.127359 0.777067
39.284740 2.977038 -4.128993 0.777067
39.404907 2.977038 -2.755459 0.832222
39.446995 2.977038 -2.067329 0.871306
39.495113 2.977038 -0.689390 0.939192
39.501129 2.977038 0.000000 0.950000
39.495113 2.977038 0.689390 0.939192
39.446995 2.977038 2.067329 0.871306
39.404907 2.977038 2.755459 0.832222
39.284740 2.977038 4.128993 0.777067
39.275864 3.962731 -4.128060 0.777067
39.396008 3.962731 -2.754837 0.832222
39.438084 3.962731 -2.066862 0.871306
39.486191 3.962731 -0.689234 0.939192
39.492207 3.962731 0.000000 0.950000
39.486191 3.962731 0.689234 0.939192
39.438084 3.962731 2.066862 0.871306
39.396008 3.962731 2.754837 0.832222
39.275864 3.962731 4.128060 0.777067
39.318832 4.959436 -4.132576 0.777067
39.439106 4.959436 -2.757851 0.832222
39.481228 4.959436 -2.069124 0.871306
39.529392 4.959436 -0.689988 0.939192
39.535412 4.959436 0.000000 0.950000
39.529392 4.959436 0.689988 0.939192
39.481228 4.959436 2.069124 0.871306
39.439106 4.959436 2.757851 0.832222
39.318832 4.959436 4.132576 0.777067
39.259586 5.956065 -4.126348 0.777067
39.379677 5.956065 -2.753695 0.832222
39.421738 5.956065 -2.066006 0.871306
39.469826 5.956065 -0.688948 0.939192
39.475838 5.956065 0.000000 0.950000
39.469826 5.956065 0.688948 0.939192
39.421738 5.956065 2.066006 0.871306
39.379677 5.956065 2.753695 0.832222
39.259586 5.956065 4.126348 0.777067
39.175312 6.952802 -4.117491 0.777067
39.295143 6.952802 -2.747784 0.832222
39.337112 6.952802 -2.061571 0.871306
39.385098 6.952802 -0.687469 0.939192
39.391098 6.952802 0.000000 0.950000
39.385098 6.952802 0.687469 0.939192
39.337112 6.952802 2.061571 0.871306
39.295143 6.952802 2.747784 0.832222
39.175312 6.952802 4.117491 0.777067
38.989170 7.940508 -4.097927 0.777067
39.108437 7.940508 -2.734728 0.832222
39.150204 7.940508 -2.051775 0.871306
39.197964 7.940508 -0.684203 0.939192
39.203934 7.940508 0.000000 0.950000
39.197964 7.940508 0.684203 0.939192
39.150204 7.940508 2.051775 0.871306
39.108437 7.940508 2.734728 0.832222
38.989170 7.940508 4.097927 0.777067
38.776855 8.930005 -4.075612 0.777067
38.895470 8.930005 -2.719836 0.832222
38.937012 8.930005 -2.040602 0.871306
38.984509 8.930005 -0.680477 0.939192
38.990448 8.930005 0.000000 0.950000
38.984509 8.930005 0.680477 0.939192
38.937012 8.930005 2.040602 0.871306
38.895470 8.930005 2.719836 0.832222
38.776855 8.930005 4.075612 0.777067
38.560272 9.832598 -4.052848 0.777067
38.678223 9.832598 -2.704645 0.832222
38.719532 9.832598 -2.029205 0.871306
38.766766 9.832598 -0.676676 0.939192
38.772671 9.832598 0.000000 0.950000
38.766766 9.832598 0.676676 0.939192
38.719532 9.832598 2.029205 0.871306
38.678223 9.832598 2.704645 0.832222
38.560272 9.832598 4.052848 0.777067
38.322910 10.729894 -4.027900 0.777067
38.440140 10.729894 -2.687996 0.832222
38.481194 10.729894 -2.016714 0.871306
38.528137 10.729894 -0.672511 0.939192
38.534004 10.729894 0.000000 0.950000
38.528137 10.729894 0.672511 0.939192
38.481194 10.729894 2.016714 0.871306
38.440140 10.729894 2.687996 0.832222
38.322910 10.729894 4.027900 0.777067
38.062885 11.628088 -4.000570 0.777067
38.179317 11.628088 -2.669758 0.832222
38.220093 11.628088 -2.003030 0.871306
38.266716 11.628088 -0.667948 0.939192
38.272545 11.628088 0.000000 0.950000
38.266716 11.628088 0.667948 0.939192
38.220093 11.628088 2.003030 0.871306
38.179317 11.628088 2.669758 0.832222
38.062885 11.628088 4.000570 0.777067
37.779865 12.526552 -3.970824 0.777067
37.895428 12.526552 -2.649906 0.832222
37.935902 12.526552 -1.988136 0.871306
37.982178 12.526552 -0.662981 0.939192
37.987965 12.526552 0.000000 0.950000
37.982178 12.526552 0.662981 0.939192
37.935902 12.526552 1.988136 0.871306
37.895428 12.526552 2.649906 0.832222
37.779865 12.526552 3.970824 0.777067
37.506054 13.332530 -3.942045 0.777067
37.620781 13.332530 -2.630701 0.832222
37.660961 13.332530 -1.973727 0.871306
37.706902 13.332530 -0.658176 0.939192
37.712646 13.332530 0.000000 0.950000
37.706902 13.332530 0.658176 0.939192
37.660961 13.332530 1.973727 0.871306
37.620781 13.332530 2.630701 0.832222
37.506054 13.332530 3.942045 0.777067
37.178314 14.230380 -3.907598 0.777067
37.292042 14.230380 -2.607713 0.832222
37.331871 14.230380 -1.956480 0.871306
37.377411 14.230380 -0.652425 0.939192
37.383102 14.230380 0.000000 0.950000
37.377411 14.230380 0.652425 0.939192
37.331871 14.230380 1.956480 0.871306
37.292042 14.230380 2.607713 0.832222
37.178314 14.230380 3.907598 0.777067
36.863342 15.036033 -3.874493 0.777067
36.976105 15.036033 -2.585621 0.832222
37.015594 15.036033 -1.939905 0.871306
37.060749 15.036033 -0.646898 0.939192
37.066395 15.036033 0.000000 0.950000
37.060749 15.036033 0.646898 0.939192
37.015594 15.036033 1.939905 0.871306
36.976105 15.036033 2.585621 0.832222
36.863342 15.036033 3.874493 0.777067
36.602192 15.667794 -3.847045 0.777067
36.637337 15.847465 -2.561932 0.832222
36.676464 15.847465 -1.922132 0.871306
36.721207 15.847465 -0.640971 0.939192
36.726799 15.847465 0.000000 0.950000
36.721207 15.847465 0.640971 0.939192
36.676464 15.847465 1.922132 0.871306
36.637337 15.847465 2.561932 0.832222
36.602192 15.667794 3.847045 0.777067
36.250706 16.473299 -3.810102 0.777067
36.321331 16.562315 -2.539835 0.832222
36.360123 16.562315 -1.905553 0.871306
36.404476 16.562315 -0.635442 0.939192
36.410023 16.562315 0.000000 0.950000
36.404476 16.562315 0.635442 0.939192
36.360123 16.562315 1.905553 0.871306
36.321331 16.562315 2.539835 0.832222
36.250706 16.473299 3.810102 0.777067
35.875687 17.283430 -3.770687 0.777067
35.985428 17.283430 -2.516346 0.832222
36.023861 17.283430 -1.887931 0.871306
36.025478 17.371523 -0.628827 0.939192
36.030964 17.371523 0.000000 0.950000
36.025478 17.371523 0.628827 0.939192
36.023861 17.283430 1.887931 0.871306
35.985428 17.283430 2.516346 0.832222
35.875687 17.283430 3.770687 0.777067
35.479630 18.091162 -3.729059 0.777067
35.588158 18.091162 -2.488566 0.832222
35.626167 18.091162 -1.867088 0.871306
35.669628 18.091162 -0.622616 0.939192
35.675060 18.091162 0.000000 0.950000
35.669628 18.091162 0.622616 0.939192
35.626167 18.091162 1.867088 0.871306
35.588158 18.091162 2.488566 0.832222
35.479630 18.091162 3.729059 0.777067
35.108116 18.809675 -3.690012 0.777067
35.215511 18.809675 -2.462508 0.832222
35.253120 18.809675 -1.847538 0.871306
35.296127 18.809675 -0.616096 0.939192
35.301502 18.809675 0.000000 0.950000
35.296127 18.809675 0.616096 0.939192
35.253120 18.809675 1.847538 0.871306
35.215511 18.809675 2.462508 0.832222
35.108116 18.809675 3.690012 0.777067
34.769550 19.435112 -3.654427 0.777067
34.875908 19.435112 -2.438761 0.832222
34.913158 19.435112 -1.829721 0.871306
34.955746 19.435112 -0.610155 0.939192
34.961071 19.435112 0.000000 0.950000
34.955746 19.435112 0.610155 0.939192
34.913158 19.435112 1.829721 0.871306
34.875908 19.435112 2.438761 0.832222
34.769550 19.435112 3.654427 0.777067
34.465130 19.975811 -3.622431 0.777067
34.465744 20.156990 -2.410079 0.832222
34.502552 20.156990 -1.808202 0.871306
34.544643 20.156990 -0.602979 0.939192
34.549904 20.156990 0.000000 0.950000
34.544643 20.156990 0.602979 0.939192
34.502552 20.156990 1.808202 0.871306
34.465744 20.156990 2.410079 0.832222
34.465130 19.975811 3.622431 0.777067
34.095291 20.607508 -3.583560 0.777067
34.091476 20.786730 -2.383908 0.832222
34.127888 20.786730 -1.788567 0.871306
34.169521 20.786730 -0.596431 0.939192
34.174725 20.786730 0.000000 0.950000
34.169521 20.786730 0.596431 0.939192
34.127888 20.786730 1.788567 0.871306
34.091476 20.786730 2.383908 0.832222
34.095291 20.607508 3.583560 0.777067
33.658604 21.320959 -3.537662 0.777067
33.761562 21.320959 -2.360838 0.832222
33.738033 21.415386 -1.768136 0.871306
33.779190 21.415386 -0.589618 0.939192
33.784336 21.415386 0.000000 0.950000
33.779190 21.415386 0.589618 0.939192
33.738033 21.415386 1.768136 0.871306
33.761562 21.320959 2.360838 0.832222
33.658604 21.320959 3.537662 0.777067
33.252960 21.955078 -3.495027 0.777067
33.354679 21.955078 -2.332386 0.832222
33.390305 21.955078 -1.749912 0.871306
33.431034 21.955078 -0.583541 0.939192
33.436127 21.955078 0.000000 0.950000
33.431034 21.955078 0.583541 0.939192
33.390305 21.955078 1.749912 0.871306
33.354679 21.955078 2.332386 0.832222
33.252960 21.955078 3.495027 0.777067
32.835503 22.581396 -3.451150 0.777067
32.935944 22.581396 -2.303105 0.832222
32.971119 22.581396 -1.727943 0.871306
33.011341 22.581396 -0.576215 0.939192
33.016369 22.581396 0.000000 0.950000
33.011341 22.581396 0.576215 0.939192
32.971119 22.581396 1.727943 0.871306
32.935944 22.581396 2.303105 0.832222
32.835503 22.581396 3.451150 0.777067
32.586586 22.943058 -3.424988 0.777067
32.686268 22.943058 -2.285646 0.832222
32.721176 22.943058 -1.714844 0.871306
32.761093 22.943058 -0.571847 0.939192
32.766083 22.943058 0.000000 0.950000
32.761093 22.943058 0.571847 0.939192
32.721176 22.943058 1.714844 0.871306
32.686268 22.943058 2.285646 0.832222
32.586586 22.943058 3.424988 0.777067
