4.642163813114166260e-01 -4.861264314968138933e-04
1.479597806930541992e+00 -9.886355996131896973e-01
1.470018506050109863e+00 -1.539400429464876652e-03
1.479597806930541992e+00 9.886355996131896973e-01
2.598470687866210938e+00 -1.819468736648559570e+00
2.514099359512329102e+00 -1.006077051162719727e+00
2.475820779800415039e+00 -2.592674223706126213e-03
2.514099359512329102e+00 1.006077051162719727e+00
2.598470687866210938e+00 1.819468736648559570e+00
3.490854263305664062e+00 -2.000040292739868164e+00
3.496196031570434570e+00 -9.998770952224731445e-01
3.481622934341430664e+00 -3.645948367193341255e-03
3.496196031570434570e+00 9.998770952224731445e-01
3.490854263305664062e+00 2.000040292739868164e+00
4.503123760223388672e+00 -3.008891105651855469e+00
4.527060031890869141e+00 -2.006116867065429688e+00
4.531952857971191406e+00 -1.005539655685424805e+00
4.487424850463867188e+00 -4.699222277849912643e-03
4.531952857971191406e+00 1.005539655685424805e+00
4.527060031890869141e+00 2.006116867065429688e+00
4.503123760223388672e+00 3.008891105651855469e+00
5.577205181121826172e+00 -3.905201196670532227e+00
5.577205181121826172e+00 -3.905201196670532227e+00
5.577205181121826172e+00 -3.905201196670532227e+00
5.500681400299072266e+00 -3.002806425094604492e+00
5.500681400299072266e+00 -3.002806425094604492e+00
5.500681400299072266e+00 -3.002806425094604492e+00
5.524763107299804688e+00 -2.013033628463745117e+00
5.524763107299804688e+00 -2.013033628463745117e+00
5.524763107299804688e+00 -2.013033628463745117e+00
5.481176853179931641e+00 -9.941223263740539551e-01
5.481176853179931641e+00 -9.941223263740539551e-01
5.481176853179931641e+00 -9.941223263740539551e-01
5.493227005004882812e+00 -5.752495955675840378e-03
5.493227005004882812e+00 -5.752495955675840378e-03
5.493227005004882812e+00 -5.752495955675840378e-03
5.481176853179931641e+00 9.941223263740539551e-01
5.481176853179931641e+00 9.941223263740539551e-01
5.481176853179931641e+00 9.941223263740539551e-01
5.524763107299804688e+00 2.013033628463745117e+00
5.524763107299804688e+00 2.013033628463745117e+00
5.524763107299804688e+00 2.013033628463745117e+00
5.500681400299072266e+00 3.002806425094604492e+00
5.500681400299072266e+00 3.002806425094604492e+00
5.500681400299072266e+00 3.002806425094604492e+00
5.577205181121826172e+00 3.905201196670532227e+00
5.577205181121826172e+00 3.905201196670532227e+00
5.577205181121826172e+00 3.905201196670532227e+00
6.717997550964355469e+00 -4.703992366790771484e+00
6.717997550964355469e+00 -4.703992366790771484e+00
6.717997550964355469e+00 -4.703992366790771484e+00
6.523165225982666016e+00 -4.014647483825683594e+00
6.523165225982666016e+00 -4.014647483825683594e+00
6.523165225982666016e+00 -4.014647483825683594e+00
6.534415245056152344e+00 -3.012406587600708008e+00
6.534415245056152344e+00 -3.012406587600708008e+00
6.534415245056152344e+00 -3.012406587600708008e+00
6.505426883697509766e+00 -2.008790254592895508e+00
6.505426883697509766e+00 -2.008790254592895508e+00
6.505426883697509766e+00 -2.008790254592895508e+00
6.500559806823730469e+00 -9.958865642547607422e-01
6.500559806823730469e+00 -9.958865642547607422e-01
6.500559806823730469e+00 -9.958865642547607422e-01
6.499029159545898438e+00 -6.805770099163055420e-03
6.499029159545898438e+00 -6.805770099163055420e-03
6.499029159545898438e+00 -6.805770099163055420e-03
6.500559806823730469e+00 9.958865642547607422e-01
6.500559806823730469e+00 9.958865642547607422e-01
6.500559806823730469e+00 9.958865642547607422e-01
6.505426883697509766e+00 2.008790254592895508e+00
6.505426883697509766e+00 2.008790254592895508e+00
6.505426883697509766e+00 2.008790254592895508e+00
6.534415245056152344e+00 3.012406587600708008e+00
6.534415245056152344e+00 3.012406587600708008e+00
6.534415245056152344e+00 3.012406587600708008e+00
6.523165225982666016e+00 4.014647483825683594e+00
6.523165225982666016e+00 4.014647483825683594e+00
6.523165225982666016e+00 4.014647483825683594e+00
6.717997550964355469e+00 4.703992366790771484e+00
6.717997550964355469e+00 4.703992366790771484e+00
6.717997550964355469e+00 4.703992366790771484e+00
7.526649475097656250e+00 -5.029146194458007812e+00
7.526649475097656250e+00 -5.029146194458007812e+00
7.526649475097656250e+00 -5.029146194458007812e+00
7.510958194732666016e+00 -4.002058506011962891e+00
7.510958194732666016e+00 -4.002058506011962891e+00
7.510958194732666016e+00 -4.002058506011962891e+00
7.470466613769531250e+00 -2.989485979080200195e+00
7.470466613769531250e+00 -2.989485979080200195e+00
7.470466613769531250e+00 -2.989485979080200195e+00
7.477144718170166016e+00 -1.988116979598999023e+00
7.477144718170166016e+00 -1.988116979598999023e+00
7.477144718170166016e+00 -1.988116979598999023e+00
7.516645431518554688e+00 -9.949241876602172852e-01
7.516645431518554688e+00 -9.949241876602172852e-01
7.516645431518554688e+00 -9.949241876602172852e-01
7.504831314086914062e+00 7.859043776988983154e-03
7.504831314086914062e+00 7.859043776988983154e-03
7.504831314086914062e+00 7.859043776988983154e-03
7.516645431518554688e+00 9.949241876602172852e-01
7.516645431518554688e+00 9.949241876602172852e-01
7.516645431518554688e+00 9.949241876602172852e-01
7.477144718170166016e+00 1.988116979598999023e+00
7.477144718170166016e+00 1.988116979598999023e+00
7.477144718170166016e+00 1.988116979598999023e+00
7.470466613769531250e+00 2.989485979080200195e+00
7.470466613769531250e+00 2.989485979080200195e+00
7.470466613769531250e+00 2.989485979080200195e+00
7.510958194732666016e+00 4.002058506011962891e+00
7.510958194732666016e+00 4.002058506011962891e+00
7.510958194732666016e+00 4.002058506011962891e+00
7.526649475097656250e+00 5.029146194458007812e+00
7.526649475097656250e+00 5.029146194458007812e+00
7.526649475097656250e+00 5.029146194458007812e+00
8.492563247680664062e+00 -5.946556568145751953e+00
8.492563247680664062e+00 -5.946556568145751953e+00
8.492563247680664062e+00 -5.946556568145751953e+00
8.474121093750000000e+00 -4.973725795745849609e+00
8.474121093750000000e+00 -4.973725795745849609e+00
8.474121093750000000e+00 -4.973725795745849609e+00
8.472806930541992188e+00 -3.981583118438720703e+00
8.472806930541992188e+00 -3.981583118438720703e+00
8.472806930541992188e+00 -3.981583118438720703e+00
8.534583091735839844e+00 -3.017226219177246094e+00
8.534583091735839844e+00 -3.017226219177246094e+00
8.534583091735839844e+00 -3.017226219177246094e+00
8.508255958557128906e+00 -2.011266469955444336e+00
8.508255958557128906e+00 -2.011266469955444336e+00
8.508255958557128906e+00 -2.011266469955444336e+00
8.528303146362304688e+00 -1.010900616645812988e+00
8.528303146362304688e+00 -1.010900616645812988e+00
8.528303146362304688e+00 -1.010900616645812988e+00
8.510633468627929688e+00 8.912318386137485504e-03
8.510633468627929688e+00 8.912318386137485504e-03
8.510633468627929688e+00 8.912318386137485504e-03
8.528303146362304688e+00 1.010900616645812988e+00
8.528303146362304688e+00 1.010900616645812988e+00
8.528303146362304688e+00 1.010900616645812988e+00
8.508255958557128906e+00 2.011266469955444336e+00
8.508255958557128906e+00 2.011266469955444336e+00
8.508255958557128906e+00 2.011266469955444336e+00
8.534583091735839844e+00 3.017226219177246094e+00
8.534583091735839844e+00 3.017226219177246094e+00
8.534583091735839844e+00 3.017226219177246094e+00
8.472806930541992188e+00 3.981583118438720703e+00
8.472806930541992188e+00 3.981583118438720703e+00
8.472806930541992188e+00 3.981583118438720703e+00
8.474121093750000000e+00 4.973725795745849609e+00
8.474121093750000000e+00 4.973725795745849609e+00
8.474121093750000000e+00 4.973725795745849609e+00
8.492563247680664062e+00 5.946556568145751953e+00
8.492563247680664062e+00 5.946556568145751953e+00
8.492563247680664062e+00 5.946556568145751953e+00
9.633355140686035156e+00 -6.745347499847412109e+00
9.633355140686035156e+00 -6.745347499847412109e+00
9.633355140686035156e+00 -6.745347499847412109e+00
9.492033004760742188e+00 -5.979765892028808594e+00
9.492033004760742188e+00 -5.979765892028808594e+00
9.492033004760742188e+00 -5.979765892028808594e+00
9.516594886779785156e+00 -5.009043693542480469e+00
9.516594886779785156e+00 -5.009043693542480469e+00
9.516594886779785156e+00 -5.009043693542480469e+00
9.487487792968750000e+00 -3.984276294708251953e+00
9.487487792968750000e+00 -3.984276294708251953e+00
9.487487792968750000e+00 -3.984276294708251953e+00
9.515048980712890625e+00 -3.012868642807006836e+00
9.515048980712890625e+00 -3.012868642807006836e+00
9.515048980712890625e+00 -3.012868642807006836e+00
9.465073585510253906e+00 -1.985978722572326660e+00
9.465073585510253906e+00 -1.985978722572326660e+00
9.465073585510253906e+00 -1.985978722572326660e+00
9.464482307434082031e+00 -9.930871129035949707e-01
9.464482307434082031e+00 -9.930871129035949707e-01
9.464482307434082031e+00 -9.930871129035949707e-01
9.516435623168945312e+00 -9.965592063963413239e-03
9.516435623168945312e+00 -9.965592063963413239e-03
9.516435623168945312e+00 -9.965592063963413239e-03
9.464482307434082031e+00 9.930871129035949707e-01
9.464482307434082031e+00 9.930871129035949707e-01
9.464482307434082031e+00 9.930871129035949707e-01
9.465073585510253906e+00 1.985978722572326660e+00
9.465073585510253906e+00 1.985978722572326660e+00
9.465073585510253906e+00 1.985978722572326660e+00
9.515048980712890625e+00 3.012868642807006836e+00
9.515048980712890625e+00 3.012868642807006836e+00
9.515048980712890625e+00 3.012868642807006836e+00
9.487487792968750000e+00 3.984276294708251953e+00
9.487487792968750000e+00 3.984276294708251953e+00
9.487487792968750000e+00 3.984276294708251953e+00
9.516594886779785156e+00 5.009043693542480469e+00
9.516594886779785156e+00 5.009043693542480469e+00
9.516594886779785156e+00 5.009043693542480469e+00
9.492033004760742188e+00 5.979765892028808594e+00
9.492033004760742188e+00 5.979765892028808594e+00
9.492033004760742188e+00 5.979765892028808594e+00
9.633355140686035156e+00 6.745347499847412109e+00
9.633355140686035156e+00 6.745347499847412109e+00
9.633355140686035156e+00 6.745347499847412109e+00
1.048584461212158203e+01 -7.006417751312255859e+00
1.048584461212158203e+01 -7.006417751312255859e+00
1.048584461212158203e+01 -7.006417751312255859e+00
1.047256278991699219e+01 -6.000121116638183594e+00
1.047256278991699219e+01 -6.000121116638183594e+00
1.047256278991699219e+01 -6.000121116638183594e+00
1.047836303710937500e+01 -4.988946437835693359e+00
1.047836303710937500e+01 -4.988946437835693359e+00
1.047836303710937500e+01 -4.988946437835693359e+00
1.048462200164794922e+01 -3.991112470626831055e+00
1.048462200164794922e+01 -3.991112470626831055e+00
1.048462200164794922e+01 -3.991112470626831055e+00
1.048858833312988281e+01 -2.999631404876708984e+00
1.048858833312988281e+01 -2.999631404876708984e+00
1.048858833312988281e+01 -2.999631404876708984e+00
1.048786354064941406e+01 -2.000667095184326172e+00
1.048786354064941406e+01 -2.000667095184326172e+00
1.048786354064941406e+01 -2.000667095184326172e+00
1.047432804107666016e+01 -1.003028154373168945e+00
1.047432804107666016e+01 -1.003028154373168945e+00
1.047432804107666016e+01 -1.003028154373168945e+00
1.052223777770996094e+01 -1.101886574178934097e-02
1.052223777770996094e+01 -1.101886574178934097e-02
1.052223777770996094e+01 -1.101886574178934097e-02
1.047432804107666016e+01 1.003028154373168945e+00
1.047432804107666016e+01 1.003028154373168945e+00
1.047432804107666016e+01 1.003028154373168945e+00
1.048786354064941406e+01 2.000667095184326172e+00
1.048786354064941406e+01 2.000667095184326172e+00
1.048786354064941406e+01 2.000667095184326172e+00
1.048858833312988281e+01 2.999631404876708984e+00
1.048858833312988281e+01 2.999631404876708984e+00
1.048858833312988281e+01 2.999631404876708984e+00
1.048462200164794922e+01 3.991112470626831055e+00
1.048462200164794922e+01 3.991112470626831055e+00
1.048462200164794922e+01 3.991112470626831055e+00
1.047836303710937500e+01 4.988946437835693359e+00
1.047836303710937500e+01 4.988946437835693359e+00
1.047836303710937500e+01 4.988946437835693359e+00
1.047256278991699219e+01 6.000121116638183594e+00
1.047256278991699219e+01 6.000121116638183594e+00
1.047256278991699219e+01 6.000121116638183594e+00
1.048584461212158203e+01 7.006417751312255859e+00
1.048584461212158203e+01 7.006417751312255859e+00
1.048584461212158203e+01 7.006417751312255859e+00
1.149368286132812500e+01 -8.000224113464355469e+00
1.149368286132812500e+01 -8.000224113464355469e+00
1.149368286132812500e+01 -8.000224113464355469e+00
1.150174522399902344e+01 -6.995920658111572266e+00
1.150174522399902344e+01 -6.995920658111572266e+00
1.150174522399902344e+01 -6.995920658111572266e+00
1.151788139343261719e+01 -6.023962497711181641e+00
1.151788139343261719e+01 -6.023962497711181641e+00
1.151788139343261719e+01 -6.023962497711181641e+00
1.149603652954101562e+01 -4.993848323822021484e+00
1.149603652954101562e+01 -4.993848323822021484e+00
1.149603652954101562e+01 -4.993848323822021484e+00
1.147134113311767578e+01 -3.994743824005126953e+00
1.147134113311767578e+01 -3.994743824005126953e+00
1.147134113311767578e+01 -3.994743824005126953e+00
1.152910232543945312e+01 -3.007404088973999023e+00
1.152910232543945312e+01 -3.007404088973999023e+00
1.152910232543945312e+01 -3.007404088973999023e+00
1.150952148437500000e+01 -2.004593372344970703e+00
1.150952148437500000e+01 -2.004593372344970703e+00
1.150952148437500000e+01 -2.004593372344970703e+00
1.148505115509033203e+01 -9.947132468223571777e-01
1.148505115509033203e+01 -9.947132468223571777e-01
1.148505115509033203e+01 -9.947132468223571777e-01
1.152803993225097656e+01 -1.207213941961526871e-02
1.152803993225097656e+01 -1.207213941961526871e-02
1.152803993225097656e+01 -1.207213941961526871e-02
1.148505115509033203e+01 9.947132468223571777e-01
1.148505115509033203e+01 9.947132468223571777e-01
1.148505115509033203e+01 9.947132468223571777e-01
1.150952148437500000e+01 2.004593372344970703e+00
1.150952148437500000e+01 2.004593372344970703e+00
1.150952148437500000e+01 2.004593372344970703e+00
1.152910232543945312e+01 3.007404088973999023e+00
1.152910232543945312e+01 3.007404088973999023e+00
1.152910232543945312e+01 3.007404088973999023e+00
1.147134113311767578e+01 3.994743824005126953e+00
1.147134113311767578e+01 3.994743824005126953e+00
1.147134113311767578e+01 3.994743824005126953e+00
1.149603652954101562e+01 4.993848323822021484e+00
1.149603652954101562e+01 4.993848323822021484e+00
1.149603652954101562e+01 4.993848323822021484e+00
1.151788139343261719e+01 6.023962497711181641e+00
1.151788139343261719e+01 6.023962497711181641e+00
1.151788139343261719e+01 6.023962497711181641e+00
1.150174522399902344e+01 6.995920658111572266e+00
1.150174522399902344e+01 6.995920658111572266e+00
1.150174522399902344e+01 6.995920658111572266e+00
1.149368286132812500e+01 8.000224113464355469e+00
1.149368286132812500e+01 8.000224113464355469e+00
1.149368286132812500e+01 8.000224113464355469e+00
1.261208915710449219e+01 -8.831080436706542969e+00
1.261208915710449219e+01 -8.831080436706542969e+00
1.261208915710449219e+01 -8.831080436706542969e+00
1.250478553771972656e+01 -8.018687248229980469e+00
1.250478553771972656e+01 -8.018687248229980469e+00
1.250478553771972656e+01 -8.018687248229980469e+00
1.249199771881103516e+01 -6.987265110015869141e+00
1.249199771881103516e+01 -6.987265110015869141e+00
1.249199771881103516e+01 -6.987265110015869141e+00
1.248959541320800781e+01 -5.984011650085449219e+00
1.248959541320800781e+01 -5.984011650085449219e+00
1.248959541320800781e+01 -5.984011650085449219e+00
1.249866580963134766e+01 -5.001640319824218750e+00
1.249866580963134766e+01 -5.001640319824218750e+00
1.249866580963134766e+01 -5.001640319824218750e+00
1.253017044067382812e+01 -3.998887538909912109e+00
1.253017044067382812e+01 -3.998887538909912109e+00
1.253017044067382812e+01 -3.998887538909912109e+00
1.248531818389892578e+01 -3.011291265487670898e+00
1.248531818389892578e+01 -3.011291265487670898e+00
1.248531818389892578e+01 -3.011291265487670898e+00
1.252888679504394531e+01 -2.006802558898925781e+00
1.252888679504394531e+01 -2.006802558898925781e+00
1.252888679504394531e+01 -2.006802558898925781e+00
1.249400043487548828e+01 -9.986594915390014648e-01
1.249400043487548828e+01 -9.986594915390014648e-01
1.249400043487548828e+01 -9.986594915390014648e-01
1.253384208679199219e+01 -1.312541402876377106e-02
1.253384208679199219e+01 -1.312541402876377106e-02
1.253384208679199219e+01 -1.312541402876377106e-02
1.249400043487548828e+01 9.986594915390014648e-01
1.249400043487548828e+01 9.986594915390014648e-01
1.249400043487548828e+01 9.986594915390014648e-01
1.252888679504394531e+01 2.006802558898925781e+00
1.252888679504394531e+01 2.006802558898925781e+00
1.252888679504394531e+01 2.006802558898925781e+00
1.248531818389892578e+01 3.011291265487670898e+00
1.248531818389892578e+01 3.011291265487670898e+00
1.248531818389892578e+01 3.011291265487670898e+00
1.253017044067382812e+01 3.998887538909912109e+00
1.253017044067382812e+01 3.998887538909912109e+00
1.253017044067382812e+01 3.998887538909912109e+00
1.249866580963134766e+01 5.001640319824218750e+00
1.249866580963134766e+01 5.001640319824218750e+00
1.249866580963134766e+01 5.001640319824218750e+00
1.248959541320800781e+01 5.984011650085449219e+00
1.248959541320800781e+01 5.984011650085449219e+00
1.248959541320800781e+01 5.984011650085449219e+00
1.249199771881103516e+01 6.987265110015869141e+00
1.249199771881103516e+01 6.987265110015869141e+00
1.249199771881103516e+01 6.987265110015869141e+00
1.250478553771972656e+01 8.018687248229980469e+00
1.250478553771972656e+01 8.018687248229980469e+00
1.250478553771972656e+01 8.018687248229980469e+00
1.261208915710449219e+01 8.831080436706542969e+00
1.261208915710449219e+01 8.831080436706542969e+00
1.261208915710449219e+01 8.831080436706542969e+00
1.350937080383300781e+01 -9.026673316955566406e+00
1.350937080383300781e+01 -9.026673316955566406e+00
1.350937080383300781e+01 -9.026673316955566406e+00
1.350343704223632812e+01 -8.020941734313964844e+00
1.350343704223632812e+01 -8.020941734313964844e+00
1.350343704223632812e+01 -8.020941734313964844e+00
1.352330684661865234e+01 -7.030790805816650391e+00
1.352330684661865234e+01 -7.030790805816650391e+00
1.352330684661865234e+01 -7.030790805816650391e+00
1.351044559478759766e+01 -5.987005233764648438e+00
1.351044559478759766e+01 -5.987005233764648438e+00
1.351044559478759766e+01 -5.987005233764648438e+00
1.349776458740234375e+01 -4.990296363830566406e+00
1.349776458740234375e+01 -4.990296363830566406e+00
1.349776458740234375e+01 -4.990296363830566406e+00
1.350206661224365234e+01 -3.996931076049804688e+00
1.350206661224365234e+01 -3.996931076049804688e+00
1.350206661224365234e+01 -3.996931076049804688e+00
1.352032661437988281e+01 -2.999860048294067383e+00
1.352032661437988281e+01 -2.999860048294067383e+00
1.352032661437988281e+01 -2.999860048294067383e+00
1.346920108795166016e+01 -2.000970602035522461e+00
1.346920108795166016e+01 -2.000970602035522461e+00
1.346920108795166016e+01 -2.000970602035522461e+00
1.350363636016845703e+01 -9.869061112403869629e-01
1.350363636016845703e+01 -9.869061112403869629e-01
1.350363636016845703e+01 -9.869061112403869629e-01
1.346227455139160156e+01 -1.409766636788845062e-02
1.346227455139160156e+01 -1.409766636788845062e-02
1.346227455139160156e+01 -1.409766636788845062e-02
1.350363636016845703e+01 9.869061112403869629e-01
1.350363636016845703e+01 9.869061112403869629e-01
1.350363636016845703e+01 9.869061112403869629e-01
1.346920108795166016e+01 2.000970602035522461e+00
1.346920108795166016e+01 2.000970602035522461e+00
1.346920108795166016e+01 2.000970602035522461e+00
1.352032661437988281e+01 2.999860048294067383e+00
1.352032661437988281e+01 2.999860048294067383e+00
1.352032661437988281e+01 2.999860048294067383e+00
1.350206661224365234e+01 3.996931076049804688e+00
1.350206661224365234e+01 3.996931076049804688e+00
1.350206661224365234e+01 3.996931076049804688e+00
1.349776458740234375e+01 4.990296363830566406e+00
1.349776458740234375e+01 4.990296363830566406e+00
1.349776458740234375e+01 4.990296363830566406e+00
1.351044559478759766e+01 5.987005233764648438e+00
1.351044559478759766e+01 5.987005233764648438e+00
1.351044559478759766e+01 5.987005233764648438e+00
1.352330684661865234e+01 7.030790805816650391e+00
1.352330684661865234e+01 7.030790805816650391e+00
1.352330684661865234e+01 7.030790805816650391e+00
1.350343704223632812e+01 8.020941734313964844e+00
1.350343704223632812e+01 8.020941734313964844e+00
1.350343704223632812e+01 8.020941734313964844e+00
1.350937080383300781e+01 9.026673316955566406e+00
1.350937080383300781e+01 9.026673316955566406e+00
1.350937080383300781e+01 9.026673316955566406e+00
1.453254413604736328e+01 -9.999148368835449219e+00
1.453254413604736328e+01 -9.999148368835449219e+00
1.453254413604736328e+01 -9.999148368835449219e+00
1.453254413604736328e+01 -9.999148368835449219e+00
1.453254413604736328e+01 -9.999148368835449219e+00
1.453830146789550781e+01 -9.000082969665527344e+00
1.453830146789550781e+01 -9.000082969665527344e+00
1.453830146789550781e+01 -9.000082969665527344e+00
1.453830146789550781e+01 -9.000082969665527344e+00
1.453830146789550781e+01 -9.000082969665527344e+00
1.449092674255371094e+01 -8.009324073791503906e+00
1.449092674255371094e+01 -8.009324073791503906e+00
1.449092674255371094e+01 -8.009324073791503906e+00
1.449092674255371094e+01 -8.009324073791503906e+00
1.449092674255371094e+01 -8.009324073791503906e+00
1.449601554870605469e+01 -6.988929748535156250e+00
1.449601554870605469e+01 -6.988929748535156250e+00
1.449601554870605469e+01 -6.988929748535156250e+00
1.449601554870605469e+01 -6.988929748535156250e+00
1.449601554870605469e+01 -6.988929748535156250e+00
1.451044845581054688e+01 -6.010424613952636719e+00
1.451044845581054688e+01 -6.010424613952636719e+00
1.451044845581054688e+01 -6.010424613952636719e+00
1.451044845581054688e+01 -6.010424613952636719e+00
1.451044845581054688e+01 -6.010424613952636719e+00
1.447930908203125000e+01 -5.002592563629150391e+00
1.447930908203125000e+01 -5.002592563629150391e+00
1.447930908203125000e+01 -5.002592563629150391e+00
1.447930908203125000e+01 -5.002592563629150391e+00
1.447930908203125000e+01 -5.002592563629150391e+00
1.446936321258544922e+01 -3.990961074829101562e+00
1.446936321258544922e+01 -3.990961074829101562e+00
1.446936321258544922e+01 -3.990961074829101562e+00
1.446936321258544922e+01 -3.990961074829101562e+00
1.446936321258544922e+01 -3.990961074829101562e+00
1.446947956085205078e+01 -3.001753091812133789e+00
1.446947956085205078e+01 -3.001753091812133789e+00
1.446947956085205078e+01 -3.001753091812133789e+00
1.446947956085205078e+01 -3.001753091812133789e+00
1.446947956085205078e+01 -3.001753091812133789e+00
1.448753166198730469e+01 -1.984544873237609863e+00
1.448753166198730469e+01 -1.984544873237609863e+00
1.448753166198730469e+01 -1.984544873237609863e+00
1.448753166198730469e+01 -1.984544873237609863e+00
1.448753166198730469e+01 -1.984544873237609863e+00
1.451142501831054688e+01 -9.943788051605224609e-01
1.451142501831054688e+01 -9.943788051605224609e-01
1.451142501831054688e+01 -9.943788051605224609e-01
1.451142501831054688e+01 -9.943788051605224609e-01
1.451142501831054688e+01 -9.943788051605224609e-01
1.446807670593261719e+01 -1.515094097703695297e-02
1.446807670593261719e+01 -1.515094097703695297e-02
1.446807670593261719e+01 -1.515094097703695297e-02
1.446807670593261719e+01 -1.515094097703695297e-02
1.446807670593261719e+01 -1.515094097703695297e-02
1.451142501831054688e+01 9.943788051605224609e-01
1.451142501831054688e+01 9.943788051605224609e-01
1.451142501831054688e+01 9.943788051605224609e-01
1.451142501831054688e+01 9.943788051605224609e-01
1.451142501831054688e+01 9.943788051605224609e-01
1.448753166198730469e+01 1.984544873237609863e+00
1.448753166198730469e+01 1.984544873237609863e+00
1.448753166198730469e+01 1.984544873237609863e+00
1.448753166198730469e+01 1.984544873237609863e+00
1.448753166198730469e+01 1.984544873237609863e+00
1.446947956085205078e+01 3.001753091812133789e+00
1.446947956085205078e+01 3.001753091812133789e+00
1.446947956085205078e+01 3.001753091812133789e+00
1.446947956085205078e+01 3.001753091812133789e+00
1.446947956085205078e+01 3.001753091812133789e+00
1.446936321258544922e+01 3.990961074829101562e+00
1.446936321258544922e+01 3.990961074829101562e+00
1.446936321258544922e+01 3.990961074829101562e+00
1.446936321258544922e+01 3.990961074829101562e+00
1.446936321258544922e+01 3.990961074829101562e+00
1.447930908203125000e+01 5.002592563629150391e+00
1.447930908203125000e+01 5.002592563629150391e+00
1.447930908203125000e+01 5.002592563629150391e+00
1.447930908203125000e+01 5.002592563629150391e+00
1.447930908203125000e+01 5.002592563629150391e+00
1.451044845581054688e+01 6.010424613952636719e+00
1.451044845581054688e+01 6.010424613952636719e+00
1.451044845581054688e+01 6.010424613952636719e+00
1.451044845581054688e+01 6.010424613952636719e+00
1.451044845581054688e+01 6.010424613952636719e+00
1.449601554870605469e+01 6.988929748535156250e+00
1.449601554870605469e+01 6.988929748535156250e+00
1.449601554870605469e+01 6.988929748535156250e+00
1.449601554870605469e+01 6.988929748535156250e+00
1.449601554870605469e+01 6.988929748535156250e+00
1.449092674255371094e+01 8.009324073791503906e+00
1.449092674255371094e+01 8.009324073791503906e+00
1.449092674255371094e+01 8.009324073791503906e+00
1.449092674255371094e+01 8.009324073791503906e+00
1.449092674255371094e+01 8.009324073791503906e+00
1.453830146789550781e+01 9.000082969665527344e+00
1.453830146789550781e+01 9.000082969665527344e+00
1.453830146789550781e+01 9.000082969665527344e+00
1.453830146789550781e+01 9.000082969665527344e+00
1.453830146789550781e+01 9.000082969665527344e+00
1.453254413604736328e+01 9.999148368835449219e+00
1.453254413604736328e+01 9.999148368835449219e+00
1.453254413604736328e+01 9.999148368835449219e+00
1.453254413604736328e+01 9.999148368835449219e+00
1.453254413604736328e+01 9.999148368835449219e+00
1.559082412719726562e+01 -1.091681289672851562e+01
1.559082412719726562e+01 -1.091681289672851562e+01
1.559082412719726562e+01 -1.091681289672851562e+01
1.559082412719726562e+01 -1.091681289672851562e+01
1.559082412719726562e+01 -1.091681289672851562e+01
1.547464847564697266e+01 -9.980377197265625000e+00
1.547464847564697266e+01 -9.980377197265625000e+00
1.547464847564697266e+01 -9.980377197265625000e+00
1.547464847564697266e+01 -9.980377197265625000e+00
1.547464847564697266e+01 -9.980377197265625000e+00
1.552764606475830078e+01 -9.004682540893554688e+00
1.552764606475830078e+01 -9.004682540893554688e+00
1.552764606475830078e+01 -9.004682540893554688e+00
1.552764606475830078e+01 -9.004682540893554688e+00
1.552764606475830078e+01 -9.004682540893554688e+00
1.546637058258056641e+01 -7.989627361297607422e+00
1.546637058258056641e+01 -7.989627361297607422e+00
1.546637058258056641e+01 -7.989627361297607422e+00
1.546637058258056641e+01 -7.989627361297607422e+00
1.546637058258056641e+01 -7.989627361297607422e+00
1.551080131530761719e+01 -7.009914398193359375e+00
1.551080131530761719e+01 -7.009914398193359375e+00
1.551080131530761719e+01 -7.009914398193359375e+00
1.551080131530761719e+01 -7.009914398193359375e+00
1.551080131530761719e+01 -7.009914398193359375e+00
1.551810455322265625e+01 -5.991049766540527344e+00
1.551810455322265625e+01 -5.991049766540527344e+00
1.551810455322265625e+01 -5.991049766540527344e+00
1.551810455322265625e+01 -5.991049766540527344e+00
1.551810455322265625e+01 -5.991049766540527344e+00
1.553997898101806641e+01 -5.001311302185058594e+00
1.553997898101806641e+01 -5.001311302185058594e+00
1.553997898101806641e+01 -5.001311302185058594e+00
1.553997898101806641e+01 -5.001311302185058594e+00
1.553997898101806641e+01 -5.001311302185058594e+00
1.550604248046875000e+01 -4.007247924804687500e+00
1.550604248046875000e+01 -4.007247924804687500e+00
1.550604248046875000e+01 -4.007247924804687500e+00
1.550604248046875000e+01 -4.007247924804687500e+00
1.550604248046875000e+01 -4.007247924804687500e+00
1.549704837799072266e+01 -2.992677211761474609e+00
1.549704837799072266e+01 -2.992677211761474609e+00
1.549704837799072266e+01 -2.992677211761474609e+00
1.549704837799072266e+01 -2.992677211761474609e+00
1.549704837799072266e+01 -2.992677211761474609e+00
1.549810695648193359e+01 -2.015603303909301758e+00
1.549810695648193359e+01 -2.015603303909301758e+00
1.549810695648193359e+01 -2.015603303909301758e+00
1.549810695648193359e+01 -2.015603303909301758e+00
1.549810695648193359e+01 -2.015603303909301758e+00
1.551953887939453125e+01 -9.927240610122680664e-01
1.551953887939453125e+01 -9.927240610122680664e-01
1.551953887939453125e+01 -9.927240610122680664e-01
1.551953887939453125e+01 -9.927240610122680664e-01
1.551953887939453125e+01 -9.927240610122680664e-01
1.547387886047363281e+01 -1.620421372354030609e-02
1.547387886047363281e+01 -1.620421372354030609e-02
1.547387886047363281e+01 -1.620421372354030609e-02
1.547387886047363281e+01 -1.620421372354030609e-02
1.547387886047363281e+01 -1.620421372354030609e-02
1.551953887939453125e+01 9.927240610122680664e-01
1.551953887939453125e+01 9.927240610122680664e-01
1.551953887939453125e+01 9.927240610122680664e-01
1.551953887939453125e+01 9.927240610122680664e-01
1.551953887939453125e+01 9.927240610122680664e-01
1.549810695648193359e+01 2.015603303909301758e+00
1.549810695648193359e+01 2.015603303909301758e+00
1.549810695648193359e+01 2.015603303909301758e+00
1.549810695648193359e+01 2.015603303909301758e+00
1.549810695648193359e+01 2.015603303909301758e+00
1.549704837799072266e+01 2.992677211761474609e+00
1.549704837799072266e+01 2.992677211761474609e+00
1.549704837799072266e+01 2.992677211761474609e+00
1.549704837799072266e+01 2.992677211761474609e+00
1.549704837799072266e+01 2.992677211761474609e+00
1.550604248046875000e+01 4.007247924804687500e+00
1.550604248046875000e+01 4.007247924804687500e+00
1.550604248046875000e+01 4.007247924804687500e+00
1.550604248046875000e+01 4.007247924804687500e+00
1.550604248046875000e+01 4.007247924804687500e+00
1.553997898101806641e+01 5.001311302185058594e+00
1.553997898101806641e+01 5.001311302185058594e+00
1.553997898101806641e+01 5.001311302185058594e+00
1.553997898101806641e+01 5.001311302185058594e+00
1.553997898101806641e+01 5.001311302185058594e+00
1.551810455322265625e+01 5.991049766540527344e+00
1.551810455322265625e+01 5.991049766540527344e+00
1.551810455322265625e+01 5.991049766540527344e+00
1.551810455322265625e+01 5.991049766540527344e+00
1.551810455322265625e+01 5.991049766540527344e+00
1.551080131530761719e+01 7.009914398193359375e+00
1.551080131530761719e+01 7.009914398193359375e+00
1.551080131530761719e+01 7.009914398193359375e+00
1.551080131530761719e+01 7.009914398193359375e+00
1.551080131530761719e+01 7.009914398193359375e+00
1.546637058258056641e+01 7.989627361297607422e+00
1.546637058258056641e+01 7.989627361297607422e+00
1.546637058258056641e+01 7.989627361297607422e+00
1.546637058258056641e+01 7.989627361297607422e+00
1.546637058258056641e+01 7.989627361297607422e+00
1.552764606475830078e+01 9.004682540893554688e+00
1.552764606475830078e+01 9.004682540893554688e+00
1.552764606475830078e+01 9.004682540893554688e+00
1.552764606475830078e+01 9.004682540893554688e+00
1.552764606475830078e+01 9.004682540893554688e+00
1.547464847564697266e+01 9.980377197265625000e+00
1.547464847564697266e+01 9.980377197265625000e+00
1.547464847564697266e+01 9.980377197265625000e+00
1.547464847564697266e+01 9.980377197265625000e+00
1.547464847564697266e+01 9.980377197265625000e+00
1.559082412719726562e+01 1.091681289672851562e+01
1.559082412719726562e+01 1.091681289672851562e+01
1.559082412719726562e+01 1.091681289672851562e+01
1.559082412719726562e+01 1.091681289672851562e+01
1.559082412719726562e+01 1.091681289672851562e+01
1.673161697387695312e+01 -1.171560382843017578e+01
1.673161697387695312e+01 -1.171560382843017578e+01
1.673161697387695312e+01 -1.171560382843017578e+01
1.673161697387695312e+01 -1.171560382843017578e+01
1.673161697387695312e+01 -1.171560382843017578e+01
1.646856689453125000e+01 -1.100394439697265625e+01
1.646856689453125000e+01 -1.100394439697265625e+01
1.646856689453125000e+01 -1.100394439697265625e+01
1.646856689453125000e+01 -1.100394439697265625e+01
1.646856689453125000e+01 -1.100394439697265625e+01
1.648554801940917969e+01 -9.968278884887695312e+00
1.648554801940917969e+01 -9.968278884887695312e+00
1.648554801940917969e+01 -9.968278884887695312e+00
1.648554801940917969e+01 -9.968278884887695312e+00
1.648554801940917969e+01 -9.968278884887695312e+00
1.650204467773437500e+01 -9.008419036865234375e+00
1.650204467773437500e+01 -9.008419036865234375e+00
1.650204467773437500e+01 -9.008419036865234375e+00
1.650204467773437500e+01 -9.008419036865234375e+00
1.650204467773437500e+01 -9.008419036865234375e+00
1.649758720397949219e+01 -8.003683090209960938e+00
1.649758720397949219e+01 -8.003683090209960938e+00
1.649758720397949219e+01 -8.003683090209960938e+00
1.649758720397949219e+01 -8.003683090209960938e+00
1.649758720397949219e+01 -8.003683090209960938e+00
1.653257179260253906e+01 -6.990433216094970703e+00
1.653257179260253906e+01 -6.990433216094970703e+00
1.653257179260253906e+01 -6.990433216094970703e+00
1.653257179260253906e+01 -6.990433216094970703e+00
1.653257179260253906e+01 -6.990433216094970703e+00
1.650159454345703125e+01 -6.012613296508789062e+00
1.650159454345703125e+01 -6.012613296508789062e+00
1.650159454345703125e+01 -6.012613296508789062e+00
1.650159454345703125e+01 -6.012613296508789062e+00
1.650159454345703125e+01 -6.012613296508789062e+00
1.650827217102050781e+01 -5.015596866607666016e+00
1.650827217102050781e+01 -5.015596866607666016e+00
1.650827217102050781e+01 -5.015596866607666016e+00
1.650827217102050781e+01 -5.015596866607666016e+00
1.650827217102050781e+01 -5.015596866607666016e+00
1.647159385681152344e+01 -3.972727775573730469e+00
1.647159385681152344e+01 -3.972727775573730469e+00
1.647159385681152344e+01 -3.972727775573730469e+00
1.647159385681152344e+01 -3.972727775573730469e+00
1.647159385681152344e+01 -3.972727775573730469e+00
1.651965904235839844e+01 -2.996174097061157227e+00
1.651965904235839844e+01 -2.996174097061157227e+00
1.651965904235839844e+01 -2.996174097061157227e+00
1.651965904235839844e+01 -2.996174097061157227e+00
1.651965904235839844e+01 -2.996174097061157227e+00
1.651430130004882812e+01 -1.995525479316711426e+00
1.651430130004882812e+01 -1.995525479316711426e+00
1.651430130004882812e+01 -1.995525479316711426e+00
1.651430130004882812e+01 -1.995525479316711426e+00
1.651430130004882812e+01 -1.995525479316711426e+00
1.652774429321289062e+01 -9.848238229751586914e-01
1.652774429321289062e+01 -9.848238229751586914e-01
1.652774429321289062e+01 -9.848238229751586914e-01
1.652774429321289062e+01 -9.848238229751586914e-01
1.652774429321289062e+01 -9.848238229751586914e-01
1.647968101501464844e+01 -1.725748926401138306e-02
1.647968101501464844e+01 -1.725748926401138306e-02
1.647968101501464844e+01 -1.725748926401138306e-02
1.647968101501464844e+01 -1.725748926401138306e-02
1.647968101501464844e+01 -1.725748926401138306e-02
1.652774429321289062e+01 9.848238229751586914e-01
1.652774429321289062e+01 9.848238229751586914e-01
1.652774429321289062e+01 9.848238229751586914e-01
1.652774429321289062e+01 9.848238229751586914e-01
1.652774429321289062e+01 9.848238229751586914e-01
1.651430130004882812e+01 1.995525479316711426e+00
1.651430130004882812e+01 1.995525479316711426e+00
1.651430130004882812e+01 1.995525479316711426e+00
1.651430130004882812e+01 1.995525479316711426e+00
1.651430130004882812e+01 1.995525479316711426e+00
1.651965904235839844e+01 2.996174097061157227e+00
1.651965904235839844e+01 2.996174097061157227e+00
1.651965904235839844e+01 2.996174097061157227e+00
1.651965904235839844e+01 2.996174097061157227e+00
1.651965904235839844e+01 2.996174097061157227e+00
1.647159385681152344e+01 3.972727775573730469e+00
1.647159385681152344e+01 3.972727775573730469e+00
1.647159385681152344e+01 3.972727775573730469e+00
1.647159385681152344e+01 3.972727775573730469e+00
1.647159385681152344e+01 3.972727775573730469e+00
1.650827217102050781e+01 5.015596866607666016e+00
1.650827217102050781e+01 5.015596866607666016e+00
1.650827217102050781e+01 5.015596866607666016e+00
1.650827217102050781e+01 5.015596866607666016e+00
1.650827217102050781e+01 5.015596866607666016e+00
1.650159454345703125e+01 6.012613296508789062e+00
1.650159454345703125e+01 6.012613296508789062e+00
1.650159454345703125e+01 6.012613296508789062e+00
1.650159454345703125e+01 6.012613296508789062e+00
1.650159454345703125e+01 6.012613296508789062e+00
1.653257179260253906e+01 6.990433216094970703e+00
1.653257179260253906e+01 6.990433216094970703e+00
1.653257179260253906e+01 6.990433216094970703e+00
1.653257179260253906e+01 6.990433216094970703e+00
1.653257179260253906e+01 6.990433216094970703e+00
1.649758720397949219e+01 8.003683090209960938e+00
1.649758720397949219e+01 8.003683090209960938e+00
1.649758720397949219e+01 8.003683090209960938e+00
1.649758720397949219e+01 8.003683090209960938e+00
1.649758720397949219e+01 8.003683090209960938e+00
1.650204467773437500e+01 9.008419036865234375e+00
1.650204467773437500e+01 9.008419036865234375e+00
1.650204467773437500e+01 9.008419036865234375e+00
1.650204467773437500e+01 9.008419036865234375e+00
1.650204467773437500e+01 9.008419036865234375e+00
1.648554801940917969e+01 9.968278884887695312e+00
1.648554801940917969e+01 9.968278884887695312e+00
1.648554801940917969e+01 9.968278884887695312e+00
1.648554801940917969e+01 9.968278884887695312e+00
1.648554801940917969e+01 9.968278884887695312e+00
1.646856689453125000e+01 1.100394439697265625e+01
1.646856689453125000e+01 1.100394439697265625e+01
1.646856689453125000e+01 1.100394439697265625e+01
1.646856689453125000e+01 1.100394439697265625e+01
1.646856689453125000e+01 1.100394439697265625e+01
1.673161697387695312e+01 1.171560382843017578e+01
1.673161697387695312e+01 1.171560382843017578e+01
1.673161697387695312e+01 1.171560382843017578e+01
1.673161697387695312e+01 1.171560382843017578e+01
1.673161697387695312e+01 1.171560382843017578e+01
1.749803733825683594e+01 -1.196770286560058594e+01
1.749803733825683594e+01 -1.196770286560058594e+01
1.749803733825683594e+01 -1.196770286560058594e+01
1.749803733825683594e+01 -1.196770286560058594e+01
1.749803733825683594e+01 -1.196770286560058594e+01
1.747843170166015625e+01 -1.101101684570312500e+01
1.747843170166015625e+01 -1.101101684570312500e+01
1.747843170166015625e+01 -1.101101684570312500e+01
1.747843170166015625e+01 -1.101101684570312500e+01
1.747843170166015625e+01 -1.101101684570312500e+01
1.752140426635742188e+01 -1.003866386413574219e+01
1.752140426635742188e+01 -1.003866386413574219e+01
1.752140426635742188e+01 -1.003866386413574219e+01
1.752140426635742188e+01 -1.003866386413574219e+01
1.752140426635742188e+01 -1.003866386413574219e+01
1.748180007934570312e+01 -8.976712226867675781e+00
1.748180007934570312e+01 -8.976712226867675781e+00
1.748180007934570312e+01 -8.976712226867675781e+00
1.748180007934570312e+01 -8.976712226867675781e+00
1.748180007934570312e+01 -8.976712226867675781e+00
1.751642417907714844e+01 -8.019645690917968750e+00
1.751642417907714844e+01 -8.019645690917968750e+00
1.751642417907714844e+01 -8.019645690917968750e+00
1.751642417907714844e+01 -8.019645690917968750e+00
1.751642417907714844e+01 -8.019645690917968750e+00
1.752686500549316406e+01 -7.013794422149658203e+00
1.752686500549316406e+01 -7.013794422149658203e+00
1.752686500549316406e+01 -7.013794422149658203e+00
1.752686500549316406e+01 -7.013794422149658203e+00
1.752686500549316406e+01 -7.013794422149658203e+00
1.749225234985351562e+01 -5.995759010314941406e+00
1.749225234985351562e+01 -5.995759010314941406e+00
1.749225234985351562e+01 -5.995759010314941406e+00
1.749225234985351562e+01 -5.995759010314941406e+00
1.749225234985351562e+01 -5.995759010314941406e+00
1.748097991943359375e+01 -4.999385356903076172e+00
1.748097991943359375e+01 -4.999385356903076172e+00
1.748097991943359375e+01 -4.999385356903076172e+00
1.748097991943359375e+01 -4.999385356903076172e+00
1.748097991943359375e+01 -4.999385356903076172e+00
1.749668121337890625e+01 -4.007274627685546875e+00
1.749668121337890625e+01 -4.007274627685546875e+00
1.749668121337890625e+01 -4.007274627685546875e+00
1.749668121337890625e+01 -4.007274627685546875e+00
1.749668121337890625e+01 -4.007274627685546875e+00
1.746168899536132812e+01 -3.000467061996459961e+00
1.746168899536132812e+01 -3.000467061996459961e+00
1.746168899536132812e+01 -3.000467061996459961e+00
1.746168899536132812e+01 -3.000467061996459961e+00
1.746168899536132812e+01 -3.000467061996459961e+00
1.752683830261230469e+01 -1.996930956840515137e+00
1.752683830261230469e+01 -1.996930956840515137e+00
1.752683830261230469e+01 -1.996930956840515137e+00
1.752683830261230469e+01 -1.996930956840515137e+00
1.752683830261230469e+01 -1.996930956840515137e+00
1.753409194946289062e+01 -1.004868626594543457e+00
1.753409194946289062e+01 -1.004868626594543457e+00
1.753409194946289062e+01 -1.004868626594543457e+00
1.753409194946289062e+01 -1.004868626594543457e+00
1.753409194946289062e+01 -1.004868626594543457e+00
1.748548316955566406e+01 -1.831076294183731079e-02
1.748548316955566406e+01 -1.831076294183731079e-02
1.748548316955566406e+01 -1.831076294183731079e-02
1.748548316955566406e+01 -1.831076294183731079e-02
1.748548316955566406e+01 -1.831076294183731079e-02
1.753409194946289062e+01 1.004868626594543457e+00
1.753409194946289062e+01 1.004868626594543457e+00
1.753409194946289062e+01 1.004868626594543457e+00
1.753409194946289062e+01 1.004868626594543457e+00
1.753409194946289062e+01 1.004868626594543457e+00
1.752683830261230469e+01 1.996930956840515137e+00
1.752683830261230469e+01 1.996930956840515137e+00
1.752683830261230469e+01 1.996930956840515137e+00
1.752683830261230469e+01 1.996930956840515137e+00
1.752683830261230469e+01 1.996930956840515137e+00
1.746168899536132812e+01 3.000467061996459961e+00
1.746168899536132812e+01 3.000467061996459961e+00
1.746168899536132812e+01 3.000467061996459961e+00
1.746168899536132812e+01 3.000467061996459961e+00
1.746168899536132812e+01 3.000467061996459961e+00
1.749668121337890625e+01 4.007274627685546875e+00
1.749668121337890625e+01 4.007274627685546875e+00
1.749668121337890625e+01 4.007274627685546875e+00
1.749668121337890625e+01 4.007274627685546875e+00
1.749668121337890625e+01 4.007274627685546875e+00
1.748097991943359375e+01 4.999385356903076172e+00
1.748097991943359375e+01 4.999385356903076172e+00
1.748097991943359375e+01 4.999385356903076172e+00
1.748097991943359375e+01 4.999385356903076172e+00
1.748097991943359375e+01 4.999385356903076172e+00
1.749225234985351562e+01 5.995759010314941406e+00
1.749225234985351562e+01 5.995759010314941406e+00
1.749225234985351562e+01 5.995759010314941406e+00
1.749225234985351562e+01 5.995759010314941406e+00
1.749225234985351562e+01 5.995759010314941406e+00
1.752686500549316406e+01 7.013794422149658203e+00
1.752686500549316406e+01 7.013794422149658203e+00
1.752686500549316406e+01 7.013794422149658203e+00
1.752686500549316406e+01 7.013794422149658203e+00
1.752686500549316406e+01 7.013794422149658203e+00
1.751642417907714844e+01 8.019645690917968750e+00
1.751642417907714844e+01 8.019645690917968750e+00
1.751642417907714844e+01 8.019645690917968750e+00
1.751642417907714844e+01 8.019645690917968750e+00
1.751642417907714844e+01 8.019645690917968750e+00
1.748180007934570312e+01 8.976712226867675781e+00
1.748180007934570312e+01 8.976712226867675781e+00
1.748180007934570312e+01 8.976712226867675781e+00
1.748180007934570312e+01 8.976712226867675781e+00
1.748180007934570312e+01 8.976712226867675781e+00
1.752140426635742188e+01 1.003866386413574219e+01
1.752140426635742188e+01 1.003866386413574219e+01
1.752140426635742188e+01 1.003866386413574219e+01
1.752140426635742188e+01 1.003866386413574219e+01
1.752140426635742188e+01 1.003866386413574219e+01
1.747843170166015625e+01 1.101101684570312500e+01
1.747843170166015625e+01 1.101101684570312500e+01
1.747843170166015625e+01 1.101101684570312500e+01
1.747843170166015625e+01 1.101101684570312500e+01
1.747843170166015625e+01 1.101101684570312500e+01
1.749803733825683594e+01 1.196770286560058594e+01
1.749803733825683594e+01 1.196770286560058594e+01
1.749803733825683594e+01 1.196770286560058594e+01
1.749803733825683594e+01 1.196770286560058594e+01
1.749803733825683594e+01 1.196770286560058594e+01
1.850618171691894531e+01 -1.295816802978515625e+01
1.850618171691894531e+01 -1.295816802978515625e+01
1.850618171691894531e+01 -1.295816802978515625e+01
1.850618171691894531e+01 -1.295816802978515625e+01
1.850618171691894531e+01 -1.295816802978515625e+01
1.849711990356445312e+01 -1.200299263000488281e+01
1.849711990356445312e+01 -1.200299263000488281e+01
1.849711990356445312e+01 -1.200299263000488281e+01
1.849711990356445312e+01 -1.200299263000488281e+01
1.849711990356445312e+01 -1.200299263000488281e+01
1.849239158630371094e+01 -1.098434448242187500e+01
1.849239158630371094e+01 -1.098434448242187500e+01
1.849239158630371094e+01 -1.098434448242187500e+01
1.849239158630371094e+01 -1.098434448242187500e+01
1.849239158630371094e+01 -1.098434448242187500e+01
1.852222442626953125e+01 -9.989876747131347656e+00
1.852222442626953125e+01 -9.989876747131347656e+00
1.852222442626953125e+01 -9.989876747131347656e+00
1.852222442626953125e+01 -9.989876747131347656e+00
1.852222442626953125e+01 -9.989876747131347656e+00
1.851627922058105469e+01 -8.983036041259765625e+00
1.851627922058105469e+01 -8.983036041259765625e+00
1.851627922058105469e+01 -8.983036041259765625e+00
1.851627922058105469e+01 -8.983036041259765625e+00
1.851627922058105469e+01 -8.983036041259765625e+00
1.854099655151367188e+01 -8.000364303588867188e+00
1.854099655151367188e+01 -8.000364303588867188e+00
1.854099655151367188e+01 -8.000364303588867188e+00
1.854099655151367188e+01 -8.000364303588867188e+00
1.854099655151367188e+01 -8.000364303588867188e+00
1.852794456481933594e+01 -7.001126289367675781e+00
1.852794456481933594e+01 -7.001126289367675781e+00
1.852794456481933594e+01 -7.001126289367675781e+00
1.852794456481933594e+01 -7.001126289367675781e+00
1.852794456481933594e+01 -7.001126289367675781e+00
1.847239875793457031e+01 -5.991354942321777344e+00
1.847239875793457031e+01 -5.991354942321777344e+00
1.847239875793457031e+01 -5.991354942321777344e+00
1.847239875793457031e+01 -5.991354942321777344e+00
1.847239875793457031e+01 -5.991354942321777344e+00
1.851987838745117188e+01 -5.017858505249023438e+00
1.851987838745117188e+01 -5.017858505249023438e+00
1.851987838745117188e+01 -5.017858505249023438e+00
1.851987838745117188e+01 -5.017858505249023438e+00
1.851987838745117188e+01 -5.017858505249023438e+00
1.852461814880371094e+01 -4.018703460693359375e+00
1.852461814880371094e+01 -4.018703460693359375e+00
1.852461814880371094e+01 -4.018703460693359375e+00
1.852461814880371094e+01 -4.018703460693359375e+00
1.852461814880371094e+01 -4.018703460693359375e+00
1.848098182678222656e+01 -3.003197193145751953e+00
1.848098182678222656e+01 -3.003197193145751953e+00
1.848098182678222656e+01 -3.003197193145751953e+00
1.848098182678222656e+01 -3.003197193145751953e+00
1.848098182678222656e+01 -3.003197193145751953e+00
1.853976631164550781e+01 -1.987875342369079590e+00
1.853976631164550781e+01 -1.987875342369079590e+00
1.853976631164550781e+01 -1.987875342369079590e+00
1.853976631164550781e+01 -1.987875342369079590e+00
1.853976631164550781e+01 -1.987875342369079590e+00
1.846335792541503906e+01 -1.016100049018859863e+00
1.846335792541503906e+01 -1.016100049018859863e+00
1.846335792541503906e+01 -1.016100049018859863e+00
1.846335792541503906e+01 -1.016100049018859863e+00
1.846335792541503906e+01 -1.016100049018859863e+00
1.849128532409667969e+01 -1.936403661966323853e-02
1.849128532409667969e+01 -1.936403661966323853e-02
1.849128532409667969e+01 -1.936403661966323853e-02
1.849128532409667969e+01 -1.936403661966323853e-02
1.849128532409667969e+01 -1.936403661966323853e-02
1.846335792541503906e+01 1.016100049018859863e+00
1.846335792541503906e+01 1.016100049018859863e+00
1.846335792541503906e+01 1.016100049018859863e+00
1.846335792541503906e+01 1.016100049018859863e+00
1.846335792541503906e+01 1.016100049018859863e+00
1.853976631164550781e+01 1.987875342369079590e+00
1.853976631164550781e+01 1.987875342369079590e+00
1.853976631164550781e+01 1.987875342369079590e+00
1.853976631164550781e+01 1.987875342369079590e+00
1.853976631164550781e+01 1.987875342369079590e+00
1.848098182678222656e+01 3.003197193145751953e+00
1.848098182678222656e+01 3.003197193145751953e+00
1.848098182678222656e+01 3.003197193145751953e+00
1.848098182678222656e+01 3.003197193145751953e+00
1.848098182678222656e+01 3.003197193145751953e+00
1.852461814880371094e+01 4.018703460693359375e+00
1.852461814880371094e+01 4.018703460693359375e+00
1.852461814880371094e+01 4.018703460693359375e+00
1.852461814880371094e+01 4.018703460693359375e+00
1.852461814880371094e+01 4.018703460693359375e+00
1.851987838745117188e+01 5.017858505249023438e+00
1.851987838745117188e+01 5.017858505249023438e+00
1.851987838745117188e+01 5.017858505249023438e+00
1.851987838745117188e+01 5.017858505249023438e+00
1.851987838745117188e+01 5.017858505249023438e+00
1.847239875793457031e+01 5.991354942321777344e+00
1.847239875793457031e+01 5.991354942321777344e+00
1.847239875793457031e+01 5.991354942321777344e+00
1.847239875793457031e+01 5.991354942321777344e+00
1.847239875793457031e+01 5.991354942321777344e+00
1.852794456481933594e+01 7.001126289367675781e+00
1.852794456481933594e+01 7.001126289367675781e+00
1.852794456481933594e+01 7.001126289367675781e+00
1.852794456481933594e+01 7.001126289367675781e+00
1.852794456481933594e+01 7.001126289367675781e+00
1.854099655151367188e+01 8.000364303588867188e+00
1.854099655151367188e+01 8.000364303588867188e+00
1.854099655151367188e+01 8.000364303588867188e+00
1.854099655151367188e+01 8.000364303588867188e+00
1.854099655151367188e+01 8.000364303588867188e+00
1.851627922058105469e+01 8.983036041259765625e+00
1.851627922058105469e+01 8.983036041259765625e+00
1.851627922058105469e+01 8.983036041259765625e+00
1.851627922058105469e+01 8.983036041259765625e+00
1.851627922058105469e+01 8.983036041259765625e+00
1.852222442626953125e+01 9.989876747131347656e+00
1.852222442626953125e+01 9.989876747131347656e+00
1.852222442626953125e+01 9.989876747131347656e+00
1.852222442626953125e+01 9.989876747131347656e+00
1.852222442626953125e+01 9.989876747131347656e+00
1.849239158630371094e+01 1.098434448242187500e+01
1.849239158630371094e+01 1.098434448242187500e+01
1.849239158630371094e+01 1.098434448242187500e+01
1.849239158630371094e+01 1.098434448242187500e+01
1.849239158630371094e+01 1.098434448242187500e+01
1.849711990356445312e+01 1.200299263000488281e+01
1.849711990356445312e+01 1.200299263000488281e+01
1.849711990356445312e+01 1.200299263000488281e+01
1.849711990356445312e+01 1.200299263000488281e+01
1.849711990356445312e+01 1.200299263000488281e+01
1.850618171691894531e+01 1.295816802978515625e+01
1.850618171691894531e+01 1.295816802978515625e+01
1.850618171691894531e+01 1.295816802978515625e+01
1.850618171691894531e+01 1.295816802978515625e+01
1.850618171691894531e+01 1.295816802978515625e+01
1.964697265625000000e+01 -1.375695896148681641e+01
1.964697265625000000e+01 -1.375695896148681641e+01
1.964697265625000000e+01 -1.375695896148681641e+01
1.964697265625000000e+01 -1.375695896148681641e+01
1.964697265625000000e+01 -1.375695896148681641e+01
1.949209213256835938e+01 -1.302419948577880859e+01
1.949209213256835938e+01 -1.302419948577880859e+01
1.949209213256835938e+01 -1.302419948577880859e+01
1.949209213256835938e+01 -1.302419948577880859e+01
1.949209213256835938e+01 -1.302419948577880859e+01
1.950360488891601562e+01 -1.200339126586914062e+01
1.950360488891601562e+01 -1.200339126586914062e+01
1.950360488891601562e+01 -1.200339126586914062e+01
1.950360488891601562e+01 -1.200339126586914062e+01
1.950360488891601562e+01 -1.200339126586914062e+01
1.948588371276855469e+01 -1.096629238128662109e+01
1.948588371276855469e+01 -1.096629238128662109e+01
1.948588371276855469e+01 -1.096629238128662109e+01
1.948588371276855469e+01 -1.096629238128662109e+01
1.948588371276855469e+01 -1.096629238128662109e+01
1.947775459289550781e+01 -1.000161266326904297e+01
1.947775459289550781e+01 -1.000161266326904297e+01
1.947775459289550781e+01 -1.000161266326904297e+01
1.947775459289550781e+01 -1.000161266326904297e+01
1.947775459289550781e+01 -1.000161266326904297e+01
1.953298187255859375e+01 -9.004828453063964844e+00
1.953298187255859375e+01 -9.004828453063964844e+00
1.953298187255859375e+01 -9.004828453063964844e+00
1.953298187255859375e+01 -9.004828453063964844e+00
1.953298187255859375e+01 -9.004828453063964844e+00
1.946219062805175781e+01 -8.005845069885253906e+00
1.946219062805175781e+01 -8.005845069885253906e+00
1.946219062805175781e+01 -8.005845069885253906e+00
1.946219062805175781e+01 -8.005845069885253906e+00
1.946219062805175781e+01 -8.005845069885253906e+00
1.951651573181152344e+01 -7.003300189971923828e+00
1.951651573181152344e+01 -7.003300189971923828e+00
1.951651573181152344e+01 -7.003300189971923828e+00
1.951651573181152344e+01 -7.003300189971923828e+00
1.951651573181152344e+01 -7.003300189971923828e+00
1.951628112792968750e+01 -6.026370525360107422e+00
1.951628112792968750e+01 -6.026370525360107422e+00
1.951628112792968750e+01 -6.026370525360107422e+00
1.951628112792968750e+01 -6.026370525360107422e+00
1.951628112792968750e+01 -6.026370525360107422e+00
1.948755836486816406e+01 -4.989055633544921875e+00
1.948755836486816406e+01 -4.989055633544921875e+00
1.948755836486816406e+01 -4.989055633544921875e+00
1.948755836486816406e+01 -4.989055633544921875e+00
1.948755836486816406e+01 -4.989055633544921875e+00
1.947851943969726562e+01 -3.994822978973388672e+00
1.947851943969726562e+01 -3.994822978973388672e+00
1.947851943969726562e+01 -3.994822978973388672e+00
1.947851943969726562e+01 -3.994822978973388672e+00
1.947851943969726562e+01 -3.994822978973388672e+00
1.950167846679687500e+01 -2.987659692764282227e+00
1.950167846679687500e+01 -2.987659692764282227e+00
1.950167846679687500e+01 -2.987659692764282227e+00
1.950167846679687500e+01 -2.987659692764282227e+00
1.950167846679687500e+01 -2.987659692764282227e+00
1.947217941284179688e+01 -1.998515605926513672e+00
1.947217941284179688e+01 -1.998515605926513672e+00
1.947217941284179688e+01 -1.998515605926513672e+00
1.947217941284179688e+01 -1.998515605926513672e+00
1.947217941284179688e+01 -1.998515605926513672e+00
1.947230148315429688e+01 -9.830170273780822754e-01
1.947230148315429688e+01 -9.830170273780822754e-01
1.947230148315429688e+01 -9.830170273780822754e-01
1.947230148315429688e+01 -9.830170273780822754e-01
1.947230148315429688e+01 -9.830170273780822754e-01
1.949708747863769531e+01 -2.041731029748916626e-02
1.949708747863769531e+01 -2.041731029748916626e-02
1.949708747863769531e+01 -2.041731029748916626e-02
1.949708747863769531e+01 -2.041731029748916626e-02
1.949708747863769531e+01 -2.041731029748916626e-02
1.947230148315429688e+01 9.830170273780822754e-01
1.947230148315429688e+01 9.830170273780822754e-01
1.947230148315429688e+01 9.830170273780822754e-01
1.947230148315429688e+01 9.830170273780822754e-01
1.947230148315429688e+01 9.830170273780822754e-01
1.947217941284179688e+01 1.998515605926513672e+00
1.947217941284179688e+01 1.998515605926513672e+00
1.947217941284179688e+01 1.998515605926513672e+00
1.947217941284179688e+01 1.998515605926513672e+00
1.947217941284179688e+01 1.998515605926513672e+00
1.950167846679687500e+01 2.987659692764282227e+00
1.950167846679687500e+01 2.987659692764282227e+00
1.950167846679687500e+01 2.987659692764282227e+00
1.950167846679687500e+01 2.987659692764282227e+00
1.950167846679687500e+01 2.987659692764282227e+00
1.947851943969726562e+01 3.994822978973388672e+00
1.947851943969726562e+01 3.994822978973388672e+00
1.947851943969726562e+01 3.994822978973388672e+00
1.947851943969726562e+01 3.994822978973388672e+00
1.947851943969726562e+01 3.994822978973388672e+00
1.948755836486816406e+01 4.989055633544921875e+00
1.948755836486816406e+01 4.989055633544921875e+00
1.948755836486816406e+01 4.989055633544921875e+00
1.948755836486816406e+01 4.989055633544921875e+00
1.948755836486816406e+01 4.989055633544921875e+00
1.951628112792968750e+01 6.026370525360107422e+00
1.951628112792968750e+01 6.026370525360107422e+00
1.951628112792968750e+01 6.026370525360107422e+00
1.951628112792968750e+01 6.026370525360107422e+00
1.951628112792968750e+01 6.026370525360107422e+00
1.951651573181152344e+01 7.003300189971923828e+00
1.951651573181152344e+01 7.003300189971923828e+00
1.951651573181152344e+01 7.003300189971923828e+00
1.951651573181152344e+01 7.003300189971923828e+00
1.951651573181152344e+01 7.003300189971923828e+00
1.946219062805175781e+01 8.005845069885253906e+00
1.946219062805175781e+01 8.005845069885253906e+00
1.946219062805175781e+01 8.005845069885253906e+00
1.946219062805175781e+01 8.005845069885253906e+00
1.946219062805175781e+01 8.005845069885253906e+00
1.953298187255859375e+01 9.004828453063964844e+00
1.953298187255859375e+01 9.004828453063964844e+00
1.953298187255859375e+01 9.004828453063964844e+00
1.953298187255859375e+01 9.004828453063964844e+00
1.953298187255859375e+01 9.004828453063964844e+00
1.947775459289550781e+01 1.000161266326904297e+01
1.947775459289550781e+01 1.000161266326904297e+01
1.947775459289550781e+01 1.000161266326904297e+01
1.947775459289550781e+01 1.000161266326904297e+01
1.947775459289550781e+01 1.000161266326904297e+01
1.948588371276855469e+01 1.096629238128662109e+01
1.948588371276855469e+01 1.096629238128662109e+01
1.948588371276855469e+01 1.096629238128662109e+01
1.948588371276855469e+01 1.096629238128662109e+01
1.948588371276855469e+01 1.096629238128662109e+01
1.950360488891601562e+01 1.200339126586914062e+01
1.950360488891601562e+01 1.200339126586914062e+01
1.950360488891601562e+01 1.200339126586914062e+01
1.950360488891601562e+01 1.200339126586914062e+01
1.950360488891601562e+01 1.200339126586914062e+01
1.949209213256835938e+01 1.302419948577880859e+01
1.949209213256835938e+01 1.302419948577880859e+01
1.949209213256835938e+01 1.302419948577880859e+01
1.949209213256835938e+01 1.302419948577880859e+01
1.949209213256835938e+01 1.302419948577880859e+01
1.964697265625000000e+01 1.375695896148681641e+01
1.964697265625000000e+01 1.375695896148681641e+01
1.964697265625000000e+01 1.375695896148681641e+01
1.964697265625000000e+01 1.375695896148681641e+01
1.964697265625000000e+01 1.375695896148681641e+01
2.049952507019042969e+01 -1.402055740356445312e+01
2.049952507019042969e+01 -1.402055740356445312e+01
2.049952507019042969e+01 -1.402055740356445312e+01
2.049952507019042969e+01 -1.402055740356445312e+01
2.049952507019042969e+01 -1.402055740356445312e+01
2.051891899108886719e+01 -1.300663661956787109e+01
2.051891899108886719e+01 -1.300663661956787109e+01
2.051891899108886719e+01 -1.300663661956787109e+01
2.051891899108886719e+01 -1.300663661956787109e+01
2.051891899108886719e+01 -1.300663661956787109e+01
2.048468780517578125e+01 -1.202310085296630859e+01
2.048468780517578125e+01 -1.202310085296630859e+01
2.048468780517578125e+01 -1.202310085296630859e+01
2.048468780517578125e+01 -1.202310085296630859e+01
2.048468780517578125e+01 -1.202310085296630859e+01
2.052397155761718750e+01 -1.100485706329345703e+01
2.052397155761718750e+01 -1.100485706329345703e+01
2.052397155761718750e+01 -1.100485706329345703e+01
2.052397155761718750e+01 -1.100485706329345703e+01
2.052397155761718750e+01 -1.100485706329345703e+01
2.050881958007812500e+01 -1.001611614227294922e+01
2.050881958007812500e+01 -1.001611614227294922e+01
2.050881958007812500e+01 -1.001611614227294922e+01
2.050881958007812500e+01 -1.001611614227294922e+01
2.050881958007812500e+01 -1.001611614227294922e+01
2.046458053588867188e+01 -9.008893966674804688e+00
2.046458053588867188e+01 -9.008893966674804688e+00
2.046458053588867188e+01 -9.008893966674804688e+00
2.046458053588867188e+01 -9.008893966674804688e+00
2.046458053588867188e+01 -9.008893966674804688e+00
2.047893524169921875e+01 -7.963822364807128906e+00
2.047893524169921875e+01 -7.963822364807128906e+00
2.047893524169921875e+01 -7.963822364807128906e+00
2.047893524169921875e+01 -7.963822364807128906e+00
2.047893524169921875e+01 -7.963822364807128906e+00
2.050889968872070312e+01 -6.977805137634277344e+00
2.050889968872070312e+01 -6.977805137634277344e+00
2.050889968872070312e+01 -6.977805137634277344e+00
2.050889968872070312e+01 -6.977805137634277344e+00
2.050889968872070312e+01 -6.977805137634277344e+00
2.048936080932617188e+01 -6.014806747436523438e+00
2.048936080932617188e+01 -6.014806747436523438e+00
2.048936080932617188e+01 -6.014806747436523438e+00
2.048936080932617188e+01 -6.014806747436523438e+00
2.048936080932617188e+01 -6.014806747436523438e+00
2.052092170715332031e+01 -5.002461433410644531e+00
2.052092170715332031e+01 -5.002461433410644531e+00
2.052092170715332031e+01 -5.002461433410644531e+00
2.052092170715332031e+01 -5.002461433410644531e+00
2.052092170715332031e+01 -5.002461433410644531e+00
2.050176048278808594e+01 -4.007423400878906250e+00
2.050176048278808594e+01 -4.007423400878906250e+00
2.050176048278808594e+01 -4.007423400878906250e+00
2.050176048278808594e+01 -4.007423400878906250e+00
2.050176048278808594e+01 -4.007423400878906250e+00
2.051678085327148438e+01 -3.000389099121093750e+00
2.051678085327148438e+01 -3.000389099121093750e+00
2.051678085327148438e+01 -3.000389099121093750e+00
2.051678085327148438e+01 -3.000389099121093750e+00
2.051678085327148438e+01 -3.000389099121093750e+00
2.048204994201660156e+01 -2.008282423019409180e+00
2.048204994201660156e+01 -2.008282423019409180e+00
2.048204994201660156e+01 -2.008282423019409180e+00
2.048204994201660156e+01 -2.008282423019409180e+00
2.048204994201660156e+01 -2.008282423019409180e+00
2.047911834716796875e+01 -9.872651100158691406e-01
2.047911834716796875e+01 -9.872651100158691406e-01
2.047911834716796875e+01 -9.872651100158691406e-01
2.047911834716796875e+01 -9.872651100158691406e-01
2.047911834716796875e+01 -9.872651100158691406e-01
2.050288963317871094e+01 -2.147058397531509399e-02
2.050288963317871094e+01 -2.147058397531509399e-02
2.050288963317871094e+01 -2.147058397531509399e-02
2.050288963317871094e+01 -2.147058397531509399e-02
2.050288963317871094e+01 -2.147058397531509399e-02
2.047911834716796875e+01 9.872651100158691406e-01
2.047911834716796875e+01 9.872651100158691406e-01
2.047911834716796875e+01 9.872651100158691406e-01
2.047911834716796875e+01 9.872651100158691406e-01
2.047911834716796875e+01 9.872651100158691406e-01
2.048204994201660156e+01 2.008282423019409180e+00
2.048204994201660156e+01 2.008282423019409180e+00
2.048204994201660156e+01 2.008282423019409180e+00
2.048204994201660156e+01 2.008282423019409180e+00
2.048204994201660156e+01 2.008282423019409180e+00
2.051678085327148438e+01 3.000389099121093750e+00
2.051678085327148438e+01 3.000389099121093750e+00
2.051678085327148438e+01 3.000389099121093750e+00
2.051678085327148438e+01 3.000389099121093750e+00
2.051678085327148438e+01 3.000389099121093750e+00
2.050176048278808594e+01 4.007423400878906250e+00
2.050176048278808594e+01 4.007423400878906250e+00
2.050176048278808594e+01 4.007423400878906250e+00
2.050176048278808594e+01 4.007423400878906250e+00
2.050176048278808594e+01 4.007423400878906250e+00
2.052092170715332031e+01 5.002461433410644531e+00
2.052092170715332031e+01 5.002461433410644531e+00
2.052092170715332031e+01 5.002461433410644531e+00
2.052092170715332031e+01 5.002461433410644531e+00
2.052092170715332031e+01 5.002461433410644531e+00
2.048936080932617188e+01 6.014806747436523438e+00
2.048936080932617188e+01 6.014806747436523438e+00
2.048936080932617188e+01 6.014806747436523438e+00
2.048936080932617188e+01 6.014806747436523438e+00
2.048936080932617188e+01 6.014806747436523438e+00
2.050889968872070312e+01 6.977805137634277344e+00
2.050889968872070312e+01 6.977805137634277344e+00
2.050889968872070312e+01 6.977805137634277344e+00
2.050889968872070312e+01 6.977805137634277344e+00
2.050889968872070312e+01 6.977805137634277344e+00
2.047893524169921875e+01 7.963822364807128906e+00
2.047893524169921875e+01 7.963822364807128906e+00
2.047893524169921875e+01 7.963822364807128906e+00
2.047893524169921875e+01 7.963822364807128906e+00
2.047893524169921875e+01 7.963822364807128906e+00
2.046458053588867188e+01 9.008893966674804688e+00
2.046458053588867188e+01 9.008893966674804688e+00
2.046458053588867188e+01 9.008893966674804688e+00
2.046458053588867188e+01 9.008893966674804688e+00
2.046458053588867188e+01 9.008893966674804688e+00
2.050881958007812500e+01 1.001611614227294922e+01
2.050881958007812500e+01 1.001611614227294922e+01
2.050881958007812500e+01 1.001611614227294922e+01
2.050881958007812500e+01 1.001611614227294922e+01
2.050881958007812500e+01 1.001611614227294922e+01
2.052397155761718750e+01 1.100485706329345703e+01
2.052397155761718750e+01 1.100485706329345703e+01
2.052397155761718750e+01 1.100485706329345703e+01
2.052397155761718750e+01 1.100485706329345703e+01
2.052397155761718750e+01 1.100485706329345703e+01
2.048468780517578125e+01 1.202310085296630859e+01
2.048468780517578125e+01 1.202310085296630859e+01
2.048468780517578125e+01 1.202310085296630859e+01
2.048468780517578125e+01 1.202310085296630859e+01
2.048468780517578125e+01 1.202310085296630859e+01
2.051891899108886719e+01 1.300663661956787109e+01
2.051891899108886719e+01 1.300663661956787109e+01
2.051891899108886719e+01 1.300663661956787109e+01
2.051891899108886719e+01 1.300663661956787109e+01
2.051891899108886719e+01 1.300663661956787109e+01
2.049952507019042969e+01 1.402055740356445312e+01
2.049952507019042969e+01 1.402055740356445312e+01
2.049952507019042969e+01 1.402055740356445312e+01
2.049952507019042969e+01 1.402055740356445312e+01
2.049952507019042969e+01 1.402055740356445312e+01
2.152684211730957031e+01 -1.498384475708007812e+01
2.152684211730957031e+01 -1.498384475708007812e+01
2.152684211730957031e+01 -1.498384475708007812e+01
2.152684211730957031e+01 -1.498384475708007812e+01
2.152684211730957031e+01 -1.498384475708007812e+01
2.151084327697753906e+01 -1.403879737854003906e+01
2.151084327697753906e+01 -1.403879737854003906e+01
2.151084327697753906e+01 -1.403879737854003906e+01
2.151084327697753906e+01 -1.403879737854003906e+01
2.151084327697753906e+01 -1.403879737854003906e+01
2.151728057861328125e+01 -1.301080513000488281e+01
2.151728057861328125e+01 -1.301080513000488281e+01
2.151728057861328125e+01 -1.301080513000488281e+01
2.151728057861328125e+01 -1.301080513000488281e+01
2.151728057861328125e+01 -1.301080513000488281e+01
2.147273063659667969e+01 -1.201054191589355469e+01
2.147273063659667969e+01 -1.201054191589355469e+01
2.147273063659667969e+01 -1.201054191589355469e+01
2.147273063659667969e+01 -1.201054191589355469e+01
2.147273063659667969e+01 -1.201054191589355469e+01
2.150250244140625000e+01 -1.097025680541992188e+01
2.150250244140625000e+01 -1.097025680541992188e+01
2.150250244140625000e+01 -1.097025680541992188e+01
2.150250244140625000e+01 -1.097025680541992188e+01
2.150250244140625000e+01 -1.097025680541992188e+01
2.147604942321777344e+01 -9.964295387268066406e+00
2.147604942321777344e+01 -9.964295387268066406e+00
2.147604942321777344e+01 -9.964295387268066406e+00
2.147604942321777344e+01 -9.964295387268066406e+00
2.147604942321777344e+01 -9.964295387268066406e+00
2.147168350219726562e+01 -9.017045974731445312e+00
2.147168350219726562e+01 -9.017045974731445312e+00
2.147168350219726562e+01 -9.017045974731445312e+00
2.147168350219726562e+01 -9.017045974731445312e+00
2.147168350219726562e+01 -9.017045974731445312e+00
2.153334617614746094e+01 -8.021016120910644531e+00
2.153334617614746094e+01 -8.021016120910644531e+00
2.153334617614746094e+01 -8.021016120910644531e+00
2.153334617614746094e+01 -8.021016120910644531e+00
2.153334617614746094e+01 -8.021016120910644531e+00
2.148980331420898438e+01 -6.970022678375244141e+00
2.148980331420898438e+01 -6.970022678375244141e+00
2.148980331420898438e+01 -6.970022678375244141e+00
2.148980331420898438e+01 -6.970022678375244141e+00
2.148980331420898438e+01 -6.970022678375244141e+00
2.154028320312500000e+01 -5.997948169708251953e+00
2.154028320312500000e+01 -5.997948169708251953e+00
2.154028320312500000e+01 -5.997948169708251953e+00
2.154028320312500000e+01 -5.997948169708251953e+00
2.154028320312500000e+01 -5.997948169708251953e+00
2.148254203796386719e+01 -4.971485137939453125e+00
2.148254203796386719e+01 -4.971485137939453125e+00
2.148254203796386719e+01 -4.971485137939453125e+00
2.148254203796386719e+01 -4.971485137939453125e+00
2.148254203796386719e+01 -4.971485137939453125e+00
2.152611732482910156e+01 -4.005176544189453125e+00
2.152611732482910156e+01 -4.005176544189453125e+00
2.152611732482910156e+01 -4.005176544189453125e+00
2.152611732482910156e+01 -4.005176544189453125e+00
2.152611732482910156e+01 -4.005176544189453125e+00
2.153291320800781250e+01 -2.999431133270263672e+00
2.153291320800781250e+01 -2.999431133270263672e+00
2.153291320800781250e+01 -2.999431133270263672e+00
2.153291320800781250e+01 -2.999431133270263672e+00
2.153291320800781250e+01 -2.999431133270263672e+00
2.149238967895507812e+01 -2.008923292160034180e+00
2.149238967895507812e+01 -2.008923292160034180e+00
2.149238967895507812e+01 -2.008923292160034180e+00
2.149238967895507812e+01 -2.008923292160034180e+00
2.149238967895507812e+01 -2.008923292160034180e+00
2.148604774475097656e+01 -9.869492650032043457e-01
2.148604774475097656e+01 -9.869492650032043457e-01
2.148604774475097656e+01 -9.869492650032043457e-01
2.148604774475097656e+01 -9.869492650032043457e-01
2.148604774475097656e+01 -9.869492650032043457e-01
2.150869178771972656e+01 2.252385765314102173e-02
2.150869178771972656e+01 2.252385765314102173e-02
2.150869178771972656e+01 2.252385765314102173e-02
2.150869178771972656e+01 2.252385765314102173e-02
2.150869178771972656e+01 2.252385765314102173e-02
2.148604774475097656e+01 9.869492650032043457e-01
2.148604774475097656e+01 9.869492650032043457e-01
2.148604774475097656e+01 9.869492650032043457e-01
2.148604774475097656e+01 9.869492650032043457e-01
2.148604774475097656e+01 9.869492650032043457e-01
2.149238967895507812e+01 2.008923292160034180e+00
2.149238967895507812e+01 2.008923292160034180e+00
2.149238967895507812e+01 2.008923292160034180e+00
2.149238967895507812e+01 2.008923292160034180e+00
2.149238967895507812e+01 2.008923292160034180e+00
2.153291320800781250e+01 2.999431133270263672e+00
2.153291320800781250e+01 2.999431133270263672e+00
2.153291320800781250e+01 2.999431133270263672e+00
2.153291320800781250e+01 2.999431133270263672e+00
2.153291320800781250e+01 2.999431133270263672e+00
2.152611732482910156e+01 4.005176544189453125e+00
2.152611732482910156e+01 4.005176544189453125e+00
2.152611732482910156e+01 4.005176544189453125e+00
2.152611732482910156e+01 4.005176544189453125e+00
2.152611732482910156e+01 4.005176544189453125e+00
2.148254203796386719e+01 4.971485137939453125e+00
2.148254203796386719e+01 4.971485137939453125e+00
2.148254203796386719e+01 4.971485137939453125e+00
2.148254203796386719e+01 4.971485137939453125e+00
2.148254203796386719e+01 4.971485137939453125e+00
2.154028320312500000e+01 5.997948169708251953e+00
2.154028320312500000e+01 5.997948169708251953e+00
2.154028320312500000e+01 5.997948169708251953e+00
2.154028320312500000e+01 5.997948169708251953e+00
2.154028320312500000e+01 5.997948169708251953e+00
2.148980331420898438e+01 6.970022678375244141e+00
2.148980331420898438e+01 6.970022678375244141e+00
2.148980331420898438e+01 6.970022678375244141e+00
2.148980331420898438e+01 6.970022678375244141e+00
2.148980331420898438e+01 6.970022678375244141e+00
2.153334617614746094e+01 8.021016120910644531e+00
2.153334617614746094e+01 8.021016120910644531e+00
2.153334617614746094e+01 8.021016120910644531e+00
2.153334617614746094e+01 8.021016120910644531e+00
2.153334617614746094e+01 8.021016120910644531e+00
2.147168350219726562e+01 9.017045974731445312e+00
2.147168350219726562e+01 9.017045974731445312e+00
2.147168350219726562e+01 9.017045974731445312e+00
2.147168350219726562e+01 9.017045974731445312e+00
2.147168350219726562e+01 9.017045974731445312e+00
2.147604942321777344e+01 9.964295387268066406e+00
2.147604942321777344e+01 9.964295387268066406e+00
2.147604942321777344e+01 9.964295387268066406e+00
2.147604942321777344e+01 9.964295387268066406e+00
2.147604942321777344e+01 9.964295387268066406e+00
2.150250244140625000e+01 1.097025680541992188e+01
2.150250244140625000e+01 1.097025680541992188e+01
2.150250244140625000e+01 1.097025680541992188e+01
2.150250244140625000e+01 1.097025680541992188e+01
2.150250244140625000e+01 1.097025680541992188e+01
2.147273063659667969e+01 1.201054191589355469e+01
2.147273063659667969e+01 1.201054191589355469e+01
2.147273063659667969e+01 1.201054191589355469e+01
2.147273063659667969e+01 1.201054191589355469e+01
2.147273063659667969e+01 1.201054191589355469e+01
2.151728057861328125e+01 1.301080513000488281e+01
2.151728057861328125e+01 1.301080513000488281e+01
2.151728057861328125e+01 1.301080513000488281e+01
2.151728057861328125e+01 1.301080513000488281e+01
2.151728057861328125e+01 1.301080513000488281e+01
2.151084327697753906e+01 1.403879737854003906e+01
2.151084327697753906e+01 1.403879737854003906e+01
2.151084327697753906e+01 1.403879737854003906e+01
2.151084327697753906e+01 1.403879737854003906e+01
2.151084327697753906e+01 1.403879737854003906e+01
2.152684211730957031e+01 1.498384475708007812e+01
2.152684211730957031e+01 1.498384475708007812e+01
2.152684211730957031e+01 1.498384475708007812e+01
2.152684211730957031e+01 1.498384475708007812e+01
2.152684211730957031e+01 1.498384475708007812e+01
2.262570762634277344e+01 -1.584269142150878906e+01
2.262570762634277344e+01 -1.584269142150878906e+01
2.262570762634277344e+01 -1.584269142150878906e+01
2.262570762634277344e+01 -1.584269142150878906e+01
2.262570762634277344e+01 -1.584269142150878906e+01
2.251561737060546875e+01 -1.504445552825927734e+01
2.251561737060546875e+01 -1.504445552825927734e+01
2.251561737060546875e+01 -1.504445552825927734e+01
2.251561737060546875e+01 -1.504445552825927734e+01
2.251561737060546875e+01 -1.504445552825927734e+01
2.252732276916503906e+01 -1.402747917175292969e+01
2.252732276916503906e+01 -1.402747917175292969e+01
2.252732276916503906e+01 -1.402747917175292969e+01
2.252732276916503906e+01 -1.402747917175292969e+01
2.252732276916503906e+01 -1.402747917175292969e+01
2.252237892150878906e+01 -1.298234558105468750e+01
2.252237892150878906e+01 -1.298234558105468750e+01
2.252237892150878906e+01 -1.298234558105468750e+01
2.252237892150878906e+01 -1.298234558105468750e+01
2.252237892150878906e+01 -1.298234558105468750e+01
2.253287315368652344e+01 -1.200617599487304688e+01
2.253287315368652344e+01 -1.200617599487304688e+01
2.253287315368652344e+01 -1.200617599487304688e+01
2.253287315368652344e+01 -1.200617599487304688e+01
2.253287315368652344e+01 -1.200617599487304688e+01
2.252494049072265625e+01 -1.100075149536132812e+01
2.252494049072265625e+01 -1.100075149536132812e+01
2.252494049072265625e+01 -1.100075149536132812e+01
2.252494049072265625e+01 -1.100075149536132812e+01
2.252494049072265625e+01 -1.100075149536132812e+01
2.249382972717285156e+01 -9.967893600463867188e+00
2.249382972717285156e+01 -9.967893600463867188e+00
2.249382972717285156e+01 -9.967893600463867188e+00
2.249382972717285156e+01 -9.967893600463867188e+00
2.249382972717285156e+01 -9.967893600463867188e+00
2.248323249816894531e+01 -8.997202873229980469e+00
2.248323249816894531e+01 -8.997202873229980469e+00
2.248323249816894531e+01 -8.997202873229980469e+00
2.248323249816894531e+01 -8.997202873229980469e+00
2.248323249816894531e+01 -8.997202873229980469e+00
2.252191543579101562e+01 -8.019693374633789062e+00
2.252191543579101562e+01 -8.019693374633789062e+00
2.252191543579101562e+01 -8.019693374633789062e+00
2.252191543579101562e+01 -8.019693374633789062e+00
2.252191543579101562e+01 -8.019693374633789062e+00
2.253013801574707031e+01 -7.017356872558593750e+00
2.253013801574707031e+01 -7.017356872558593750e+00
2.253013801574707031e+01 -7.017356872558593750e+00
2.253013801574707031e+01 -7.017356872558593750e+00
2.253013801574707031e+01 -7.017356872558593750e+00
2.250620460510253906e+01 -5.984232425689697266e+00
2.250620460510253906e+01 -5.984232425689697266e+00
2.250620460510253906e+01 -5.984232425689697266e+00
2.250620460510253906e+01 -5.984232425689697266e+00
2.250620460510253906e+01 -5.984232425689697266e+00
2.250869941711425781e+01 -4.994180202484130859e+00
2.250869941711425781e+01 -4.994180202484130859e+00
2.250869941711425781e+01 -4.994180202484130859e+00
2.250869941711425781e+01 -4.994180202484130859e+00
2.250869941711425781e+01 -4.994180202484130859e+00
2.246678352355957031e+01 -4.022174835205078125e+00
2.246678352355957031e+01 -4.022174835205078125e+00
2.246678352355957031e+01 -4.022174835205078125e+00
2.246678352355957031e+01 -4.022174835205078125e+00
2.246678352355957031e+01 -4.022174835205078125e+00
2.247323608398437500e+01 -2.974620342254638672e+00
2.247323608398437500e+01 -2.974620342254638672e+00
2.247323608398437500e+01 -2.974620342254638672e+00
2.247323608398437500e+01 -2.974620342254638672e+00
2.247323608398437500e+01 -2.974620342254638672e+00
2.250313568115234375e+01 -2.000433921813964844e+00
2.250313568115234375e+01 -2.000433921813964844e+00
2.250313568115234375e+01 -2.000433921813964844e+00
2.250313568115234375e+01 -2.000433921813964844e+00
2.250313568115234375e+01 -2.000433921813964844e+00
2.249307823181152344e+01 -9.820690155029296875e-01
2.249307823181152344e+01 -9.820690155029296875e-01
2.249307823181152344e+01 -9.820690155029296875e-01
2.249307823181152344e+01 -9.820690155029296875e-01
2.249307823181152344e+01 -9.820690155029296875e-01
2.251449394226074219e+01 -2.357713133096694946e-02
2.251449394226074219e+01 -2.357713133096694946e-02
2.251449394226074219e+01 -2.357713133096694946e-02
2.251449394226074219e+01 -2.357713133096694946e-02
2.251449394226074219e+01 -2.357713133096694946e-02
2.249307823181152344e+01 9.820690155029296875e-01
2.249307823181152344e+01 9.820690155029296875e-01
2.249307823181152344e+01 9.820690155029296875e-01
2.249307823181152344e+01 9.820690155029296875e-01
2.249307823181152344e+01 9.820690155029296875e-01
2.250313568115234375e+01 2.000433921813964844e+00
2.250313568115234375e+01 2.000433921813964844e+00
2.250313568115234375e+01 2.000433921813964844e+00
2.250313568115234375e+01 2.000433921813964844e+00
2.250313568115234375e+01 2.000433921813964844e+00
2.247323608398437500e+01 2.974620342254638672e+00
2.247323608398437500e+01 2.974620342254638672e+00
2.247323608398437500e+01 2.974620342254638672e+00
2.247323608398437500e+01 2.974620342254638672e+00
2.247323608398437500e+01 2.974620342254638672e+00
2.246678352355957031e+01 4.022174835205078125e+00
2.246678352355957031e+01 4.022174835205078125e+00
2.246678352355957031e+01 4.022174835205078125e+00
2.246678352355957031e+01 4.022174835205078125e+00
2.246678352355957031e+01 4.022174835205078125e+00
2.250869941711425781e+01 4.994180202484130859e+00
2.250869941711425781e+01 4.994180202484130859e+00
2.250869941711425781e+01 4.994180202484130859e+00
2.250869941711425781e+01 4.994180202484130859e+00
2.250869941711425781e+01 4.994180202484130859e+00
2.250620460510253906e+01 5.984232425689697266e+00
2.250620460510253906e+01 5.984232425689697266e+00
2.250620460510253906e+01 5.984232425689697266e+00
2.250620460510253906e+01 5.984232425689697266e+00
2.250620460510253906e+01 5.984232425689697266e+00
2.253013801574707031e+01 7.017356872558593750e+00
2.253013801574707031e+01 7.017356872558593750e+00
2.253013801574707031e+01 7.017356872558593750e+00
2.253013801574707031e+01 7.017356872558593750e+00
2.253013801574707031e+01 7.017356872558593750e+00
2.252191543579101562e+01 8.019693374633789062e+00
2.252191543579101562e+01 8.019693374633789062e+00
2.252191543579101562e+01 8.019693374633789062e+00
2.252191543579101562e+01 8.019693374633789062e+00
2.252191543579101562e+01 8.019693374633789062e+00
2.248323249816894531e+01 8.997202873229980469e+00
2.248323249816894531e+01 8.997202873229980469e+00
2.248323249816894531e+01 8.997202873229980469e+00
2.248323249816894531e+01 8.997202873229980469e+00
2.248323249816894531e+01 8.997202873229980469e+00
2.249382972717285156e+01 9.967893600463867188e+00
2.249382972717285156e+01 9.967893600463867188e+00
2.249382972717285156e+01 9.967893600463867188e+00
2.249382972717285156e+01 9.967893600463867188e+00
2.249382972717285156e+01 9.967893600463867188e+00
2.252494049072265625e+01 1.100075149536132812e+01
2.252494049072265625e+01 1.100075149536132812e+01
2.252494049072265625e+01 1.100075149536132812e+01
2.252494049072265625e+01 1.100075149536132812e+01
2.252494049072265625e+01 1.100075149536132812e+01
2.253287315368652344e+01 1.200617599487304688e+01
2.253287315368652344e+01 1.200617599487304688e+01
2.253287315368652344e+01 1.200617599487304688e+01
2.253287315368652344e+01 1.200617599487304688e+01
2.253287315368652344e+01 1.200617599487304688e+01
2.252237892150878906e+01 1.298234558105468750e+01
2.252237892150878906e+01 1.298234558105468750e+01
2.252237892150878906e+01 1.298234558105468750e+01
2.252237892150878906e+01 1.298234558105468750e+01
2.252237892150878906e+01 1.298234558105468750e+01
2.252732276916503906e+01 1.402747917175292969e+01
2.252732276916503906e+01 1.402747917175292969e+01
2.252732276916503906e+01 1.402747917175292969e+01
2.252732276916503906e+01 1.402747917175292969e+01
2.252732276916503906e+01 1.402747917175292969e+01
2.251561737060546875e+01 1.504445552825927734e+01
2.251561737060546875e+01 1.504445552825927734e+01
2.251561737060546875e+01 1.504445552825927734e+01
2.251561737060546875e+01 1.504445552825927734e+01
2.251561737060546875e+01 1.504445552825927734e+01
2.262570762634277344e+01 1.584269142150878906e+01
2.262570762634277344e+01 1.584269142150878906e+01
2.262570762634277344e+01 1.584269142150878906e+01
2.262570762634277344e+01 1.584269142150878906e+01
2.262570762634277344e+01 1.584269142150878906e+01
2.348182296752929688e+01 -1.596422195434570312e+01
2.348182296752929688e+01 -1.596422195434570312e+01
2.348182296752929688e+01 -1.596422195434570312e+01
2.348182296752929688e+01 -1.596422195434570312e+01
2.348182296752929688e+01 -1.596422195434570312e+01
2.348575401306152344e+01 -1.497360420227050781e+01
2.348575401306152344e+01 -1.497360420227050781e+01
2.348575401306152344e+01 -1.497360420227050781e+01
2.348575401306152344e+01 -1.497360420227050781e+01
2.348575401306152344e+01 -1.497360420227050781e+01
2.354786491394042969e+01 -1.398725891113281250e+01
2.354786491394042969e+01 -1.398725891113281250e+01
2.354786491394042969e+01 -1.398725891113281250e+01
2.354786491394042969e+01 -1.398725891113281250e+01
2.354786491394042969e+01 -1.398725891113281250e+01
2.349697113037109375e+01 -1.298708152770996094e+01
2.349697113037109375e+01 -1.298708152770996094e+01
2.349697113037109375e+01 -1.298708152770996094e+01
2.349697113037109375e+01 -1.298708152770996094e+01
2.349697113037109375e+01 -1.298708152770996094e+01
2.350113105773925781e+01 -1.198992824554443359e+01
2.350113105773925781e+01 -1.198992824554443359e+01
2.350113105773925781e+01 -1.198992824554443359e+01
2.350113105773925781e+01 -1.198992824554443359e+01
2.350113105773925781e+01 -1.198992824554443359e+01
2.348463821411132812e+01 -1.096604061126708984e+01
2.348463821411132812e+01 -1.096604061126708984e+01
2.348463821411132812e+01 -1.096604061126708984e+01
2.348463821411132812e+01 -1.096604061126708984e+01
2.348463821411132812e+01 -1.096604061126708984e+01
2.349179267883300781e+01 -1.000072002410888672e+01
2.349179267883300781e+01 -1.000072002410888672e+01
2.349179267883300781e+01 -1.000072002410888672e+01
2.349179267883300781e+01 -1.000072002410888672e+01
2.349179267883300781e+01 -1.000072002410888672e+01
2.347808647155761719e+01 -9.002991676330566406e+00
2.347808647155761719e+01 -9.002991676330566406e+00
2.347808647155761719e+01 -9.002991676330566406e+00
2.347808647155761719e+01 -9.002991676330566406e+00
2.347808647155761719e+01 -9.002991676330566406e+00
2.351198959350585938e+01 -7.999555110931396484e+00
2.351198959350585938e+01 -7.999555110931396484e+00
2.351198959350585938e+01 -7.999555110931396484e+00
2.351198959350585938e+01 -7.999555110931396484e+00
2.351198959350585938e+01 -7.999555110931396484e+00
2.350025558471679688e+01 -7.019130706787109375e+00
2.350025558471679688e+01 -7.019130706787109375e+00
2.350025558471679688e+01 -7.019130706787109375e+00
2.350025558471679688e+01 -7.019130706787109375e+00
2.350025558471679688e+01 -7.019130706787109375e+00
2.346002388000488281e+01 -6.006055355072021484e+00
2.346002388000488281e+01 -6.006055355072021484e+00
2.346002388000488281e+01 -6.006055355072021484e+00
2.346002388000488281e+01 -6.006055355072021484e+00
2.346002388000488281e+01 -6.006055355072021484e+00
2.353783035278320312e+01 -4.994533538818359375e+00
2.353783035278320312e+01 -4.994533538818359375e+00
2.353783035278320312e+01 -4.994533538818359375e+00
2.353783035278320312e+01 -4.994533538818359375e+00
2.353783035278320312e+01 -4.994533538818359375e+00
2.349468803405761719e+01 -3.982265233993530273e+00
2.349468803405761719e+01 -3.982265233993530273e+00
2.349468803405761719e+01 -3.982265233993530273e+00
2.349468803405761719e+01 -3.982265233993530273e+00
2.349468803405761719e+01 -3.982265233993530273e+00
2.348419761657714844e+01 -3.000063419342041016e+00
2.348419761657714844e+01 -3.000063419342041016e+00
2.348419761657714844e+01 -3.000063419342041016e+00
2.348419761657714844e+01 -3.000063419342041016e+00
2.348419761657714844e+01 -3.000063419342041016e+00
2.351422691345214844e+01 -1.982810974121093750e+00
2.351422691345214844e+01 -1.982810974121093750e+00
2.351422691345214844e+01 -1.982810974121093750e+00
2.351422691345214844e+01 -1.982810974121093750e+00
2.351422691345214844e+01 -1.982810974121093750e+00
2.350002098083496094e+01 -9.767253398895263672e-01
2.350002098083496094e+01 -9.767253398895263672e-01
2.350002098083496094e+01 -9.767253398895263672e-01
2.350002098083496094e+01 -9.767253398895263672e-01
2.350002098083496094e+01 -9.767253398895263672e-01
2.352029609680175781e+01 -2.463040687143802643e-02
2.352029609680175781e+01 -2.463040687143802643e-02
2.352029609680175781e+01 -2.463040687143802643e-02
2.352029609680175781e+01 -2.463040687143802643e-02
2.352029609680175781e+01 -2.463040687143802643e-02
2.350002098083496094e+01 9.767253398895263672e-01
2.350002098083496094e+01 9.767253398895263672e-01
2.350002098083496094e+01 9.767253398895263672e-01
2.350002098083496094e+01 9.767253398895263672e-01
2.350002098083496094e+01 9.767253398895263672e-01
2.351422691345214844e+01 1.982810974121093750e+00
2.351422691345214844e+01 1.982810974121093750e+00
2.351422691345214844e+01 1.982810974121093750e+00
2.351422691345214844e+01 1.982810974121093750e+00
2.351422691345214844e+01 1.982810974121093750e+00
2.348419761657714844e+01 3.000063419342041016e+00
2.348419761657714844e+01 3.000063419342041016e+00
2.348419761657714844e+01 3.000063419342041016e+00
2.348419761657714844e+01 3.000063419342041016e+00
2.348419761657714844e+01 3.000063419342041016e+00
2.349468803405761719e+01 3.982265233993530273e+00
2.349468803405761719e+01 3.982265233993530273e+00
2.349468803405761719e+01 3.982265233993530273e+00
2.349468803405761719e+01 3.982265233993530273e+00
2.349468803405761719e+01 3.982265233993530273e+00
2.353783035278320312e+01 4.994533538818359375e+00
2.353783035278320312e+01 4.994533538818359375e+00
2.353783035278320312e+01 4.994533538818359375e+00
2.353783035278320312e+01 4.994533538818359375e+00
2.353783035278320312e+01 4.994533538818359375e+00
2.346002388000488281e+01 6.006055355072021484e+00
2.346002388000488281e+01 6.006055355072021484e+00
2.346002388000488281e+01 6.006055355072021484e+00
2.346002388000488281e+01 6.006055355072021484e+00
2.346002388000488281e+01 6.006055355072021484e+00
2.350025558471679688e+01 7.019130706787109375e+00
2.350025558471679688e+01 7.019130706787109375e+00
2.350025558471679688e+01 7.019130706787109375e+00
2.350025558471679688e+01 7.019130706787109375e+00
2.350025558471679688e+01 7.019130706787109375e+00
2.351198959350585938e+01 7.999555110931396484e+00
2.351198959350585938e+01 7.999555110931396484e+00
2.351198959350585938e+01 7.999555110931396484e+00
2.351198959350585938e+01 7.999555110931396484e+00
2.351198959350585938e+01 7.999555110931396484e+00
2.347808647155761719e+01 9.002991676330566406e+00
2.347808647155761719e+01 9.002991676330566406e+00
2.347808647155761719e+01 9.002991676330566406e+00
2.347808647155761719e+01 9.002991676330566406e+00
2.347808647155761719e+01 9.002991676330566406e+00
2.349179267883300781e+01 1.000072002410888672e+01
2.349179267883300781e+01 1.000072002410888672e+01
2.349179267883300781e+01 1.000072002410888672e+01
2.349179267883300781e+01 1.000072002410888672e+01
2.349179267883300781e+01 1.000072002410888672e+01
2.348463821411132812e+01 1.096604061126708984e+01
2.348463821411132812e+01 1.096604061126708984e+01
2.348463821411132812e+01 1.096604061126708984e+01
2.348463821411132812e+01 1.096604061126708984e+01
2.348463821411132812e+01 1.096604061126708984e+01
2.350113105773925781e+01 1.198992824554443359e+01
2.350113105773925781e+01 1.198992824554443359e+01
2.350113105773925781e+01 1.198992824554443359e+01
2.350113105773925781e+01 1.198992824554443359e+01
2.350113105773925781e+01 1.198992824554443359e+01
2.349697113037109375e+01 1.298708152770996094e+01
2.349697113037109375e+01 1.298708152770996094e+01
2.349697113037109375e+01 1.298708152770996094e+01
2.349697113037109375e+01 1.298708152770996094e+01
2.349697113037109375e+01 1.298708152770996094e+01
2.354786491394042969e+01 1.398725891113281250e+01
2.354786491394042969e+01 1.398725891113281250e+01
2.354786491394042969e+01 1.398725891113281250e+01
2.354786491394042969e+01 1.398725891113281250e+01
2.354786491394042969e+01 1.398725891113281250e+01
2.348575401306152344e+01 1.497360420227050781e+01
2.348575401306152344e+01 1.497360420227050781e+01
2.348575401306152344e+01 1.497360420227050781e+01
2.348575401306152344e+01 1.497360420227050781e+01
2.348575401306152344e+01 1.497360420227050781e+01
2.348182296752929688e+01 1.596422195434570312e+01
2.348182296752929688e+01 1.596422195434570312e+01
2.348182296752929688e+01 1.596422195434570312e+01
2.348182296752929688e+01 1.596422195434570312e+01
2.348182296752929688e+01 1.596422195434570312e+01
2.449531555175781250e+01 -1.694871330261230469e+01
2.449531555175781250e+01 -1.694871330261230469e+01
2.449531555175781250e+01 -1.694871330261230469e+01
2.449531555175781250e+01 -1.694871330261230469e+01
2.449531555175781250e+01 -1.694871330261230469e+01
2.449531555175781250e+01 -1.694871330261230469e+01
2.449531555175781250e+01 -1.694871330261230469e+01
2.449126052856445312e+01 -1.598393154144287109e+01
2.449126052856445312e+01 -1.598393154144287109e+01
2.449126052856445312e+01 -1.598393154144287109e+01
2.449126052856445312e+01 -1.598393154144287109e+01
2.449126052856445312e+01 -1.598393154144287109e+01
2.449126052856445312e+01 -1.598393154144287109e+01
2.449126052856445312e+01 -1.598393154144287109e+01
2.448470115661621094e+01 -1.498074150085449219e+01
2.448470115661621094e+01 -1.498074150085449219e+01
2.448470115661621094e+01 -1.498074150085449219e+01
2.448470115661621094e+01 -1.498074150085449219e+01
2.448470115661621094e+01 -1.498074150085449219e+01
2.448470115661621094e+01 -1.498074150085449219e+01
2.448470115661621094e+01 -1.498074150085449219e+01
2.450311279296875000e+01 -1.403874492645263672e+01
2.450311279296875000e+01 -1.403874492645263672e+01
2.450311279296875000e+01 -1.403874492645263672e+01
2.450311279296875000e+01 -1.403874492645263672e+01
2.450311279296875000e+01 -1.403874492645263672e+01
2.450311279296875000e+01 -1.403874492645263672e+01
2.450311279296875000e+01 -1.403874492645263672e+01
2.447876930236816406e+01 -1.296084117889404297e+01
2.447876930236816406e+01 -1.296084117889404297e+01
2.447876930236816406e+01 -1.296084117889404297e+01
2.447876930236816406e+01 -1.296084117889404297e+01
2.447876930236816406e+01 -1.296084117889404297e+01
2.447876930236816406e+01 -1.296084117889404297e+01
2.447876930236816406e+01 -1.296084117889404297e+01
2.454106140136718750e+01 -1.198538589477539062e+01
2.454106140136718750e+01 -1.198538589477539062e+01
2.454106140136718750e+01 -1.198538589477539062e+01
2.454106140136718750e+01 -1.198538589477539062e+01
2.454106140136718750e+01 -1.198538589477539062e+01
2.454106140136718750e+01 -1.198538589477539062e+01
2.454106140136718750e+01 -1.198538589477539062e+01
2.449170684814453125e+01 -1.099673557281494141e+01
2.449170684814453125e+01 -1.099673557281494141e+01
2.449170684814453125e+01 -1.099673557281494141e+01
2.449170684814453125e+01 -1.099673557281494141e+01
2.449170684814453125e+01 -1.099673557281494141e+01
2.449170684814453125e+01 -1.099673557281494141e+01
2.449170684814453125e+01 -1.099673557281494141e+01
2.449536705017089844e+01 -1.000634956359863281e+01
2.449536705017089844e+01 -1.000634956359863281e+01
2.449536705017089844e+01 -1.000634956359863281e+01
2.449536705017089844e+01 -1.000634956359863281e+01
2.449536705017089844e+01 -1.000634956359863281e+01
2.449536705017089844e+01 -1.000634956359863281e+01
2.449536705017089844e+01 -1.000634956359863281e+01
2.447764587402343750e+01 -8.981775283813476562e+00
2.447764587402343750e+01 -8.981775283813476562e+00
2.447764587402343750e+01 -8.981775283813476562e+00
2.447764587402343750e+01 -8.981775283813476562e+00
2.447764587402343750e+01 -8.981775283813476562e+00
2.447764587402343750e+01 -8.981775283813476562e+00
2.447764587402343750e+01 -8.981775283813476562e+00
2.448771286010742188e+01 -8.008548736572265625e+00
2.448771286010742188e+01 -8.008548736572265625e+00
2.448771286010742188e+01 -8.008548736572265625e+00
2.448771286010742188e+01 -8.008548736572265625e+00
2.448771286010742188e+01 -8.008548736572265625e+00
2.448771286010742188e+01 -8.008548736572265625e+00
2.448771286010742188e+01 -8.008548736572265625e+00
2.447337150573730469e+01 -6.999139785766601562e+00
2.447337150573730469e+01 -6.999139785766601562e+00
2.447337150573730469e+01 -6.999139785766601562e+00
2.447337150573730469e+01 -6.999139785766601562e+00
2.447337150573730469e+01 -6.999139785766601562e+00
2.447337150573730469e+01 -6.999139785766601562e+00
2.447337150573730469e+01 -6.999139785766601562e+00
2.450483703613281250e+01 -5.973635196685791016e+00
2.450483703613281250e+01 -5.973635196685791016e+00
2.450483703613281250e+01 -5.973635196685791016e+00
2.450483703613281250e+01 -5.973635196685791016e+00
2.450483703613281250e+01 -5.973635196685791016e+00
2.450483703613281250e+01 -5.973635196685791016e+00
2.450483703613281250e+01 -5.973635196685791016e+00
2.448078346252441406e+01 -5.020730972290039062e+00
2.448078346252441406e+01 -5.020730972290039062e+00
2.448078346252441406e+01 -5.020730972290039062e+00
2.448078346252441406e+01 -5.020730972290039062e+00
2.448078346252441406e+01 -5.020730972290039062e+00
2.448078346252441406e+01 -5.020730972290039062e+00
2.448078346252441406e+01 -5.020730972290039062e+00
2.451402854919433594e+01 -3.983579635620117188e+00
2.451402854919433594e+01 -3.983579635620117188e+00
2.451402854919433594e+01 -3.983579635620117188e+00
2.451402854919433594e+01 -3.983579635620117188e+00
2.451402854919433594e+01 -3.983579635620117188e+00
2.451402854919433594e+01 -3.983579635620117188e+00
2.451402854919433594e+01 -3.983579635620117188e+00
2.449583244323730469e+01 -3.016389846801757812e+00
2.449583244323730469e+01 -3.016389846801757812e+00
2.449583244323730469e+01 -3.016389846801757812e+00
2.449583244323730469e+01 -3.016389846801757812e+00
2.449583244323730469e+01 -3.016389846801757812e+00
2.449583244323730469e+01 -3.016389846801757812e+00
2.449583244323730469e+01 -3.016389846801757812e+00
2.452075004577636719e+01 -2.015972614288330078e+00
2.452075004577636719e+01 -2.015972614288330078e+00
2.452075004577636719e+01 -2.015972614288330078e+00
2.452075004577636719e+01 -2.015972614288330078e+00
2.452075004577636719e+01 -2.015972614288330078e+00
2.452075004577636719e+01 -2.015972614288330078e+00
2.452075004577636719e+01 -2.015972614288330078e+00
2.450495529174804688e+01 -1.018493175506591797e+00
2.450495529174804688e+01 -1.018493175506591797e+00
2.450495529174804688e+01 -1.018493175506591797e+00
2.450495529174804688e+01 -1.018493175506591797e+00
2.450495529174804688e+01 -1.018493175506591797e+00
2.450495529174804688e+01 -1.018493175506591797e+00
2.450495529174804688e+01 -1.018493175506591797e+00
2.452609825134277344e+01 -2.568368054926395416e-02
2.452609825134277344e+01 -2.568368054926395416e-02
2.452609825134277344e+01 -2.568368054926395416e-02
2.452609825134277344e+01 -2.568368054926395416e-02
2.452609825134277344e+01 -2.568368054926395416e-02
2.452609825134277344e+01 -2.568368054926395416e-02
2.452609825134277344e+01 -2.568368054926395416e-02
2.450495529174804688e+01 1.018493175506591797e+00
2.450495529174804688e+01 1.018493175506591797e+00
2.450495529174804688e+01 1.018493175506591797e+00
2.450495529174804688e+01 1.018493175506591797e+00
2.450495529174804688e+01 1.018493175506591797e+00
2.450495529174804688e+01 1.018493175506591797e+00
2.450495529174804688e+01 1.018493175506591797e+00
2.452075004577636719e+01 2.015972614288330078e+00
2.452075004577636719e+01 2.015972614288330078e+00
2.452075004577636719e+01 2.015972614288330078e+00
2.452075004577636719e+01 2.015972614288330078e+00
2.452075004577636719e+01 2.015972614288330078e+00
2.452075004577636719e+01 2.015972614288330078e+00
2.452075004577636719e+01 2.015972614288330078e+00
2.449583244323730469e+01 3.016389846801757812e+00
2.449583244323730469e+01 3.016389846801757812e+00
2.449583244323730469e+01 3.016389846801757812e+00
2.449583244323730469e+01 3.016389846801757812e+00
2.449583244323730469e+01 3.016389846801757812e+00
2.449583244323730469e+01 3.016389846801757812e+00
2.449583244323730469e+01 3.016389846801757812e+00
2.451402854919433594e+01 3.983579635620117188e+00
2.451402854919433594e+01 3.983579635620117188e+00
2.451402854919433594e+01 3.983579635620117188e+00
2.451402854919433594e+01 3.983579635620117188e+00
2.451402854919433594e+01 3.983579635620117188e+00
2.451402854919433594e+01 3.983579635620117188e+00
2.451402854919433594e+01 3.983579635620117188e+00
2.448078346252441406e+01 5.020730972290039062e+00
2.448078346252441406e+01 5.020730972290039062e+00
2.448078346252441406e+01 5.020730972290039062e+00
2.448078346252441406e+01 5.020730972290039062e+00
2.448078346252441406e+01 5.020730972290039062e+00
2.448078346252441406e+01 5.020730972290039062e+00
2.448078346252441406e+01 5.020730972290039062e+00
2.450483703613281250e+01 5.973635196685791016e+00
2.450483703613281250e+01 5.973635196685791016e+00
2.450483703613281250e+01 5.973635196685791016e+00
2.450483703613281250e+01 5.973635196685791016e+00
2.450483703613281250e+01 5.973635196685791016e+00
2.450483703613281250e+01 5.973635196685791016e+00
2.450483703613281250e+01 5.973635196685791016e+00
2.447337150573730469e+01 6.999139785766601562e+00
2.447337150573730469e+01 6.999139785766601562e+00
2.447337150573730469e+01 6.999139785766601562e+00
2.447337150573730469e+01 6.999139785766601562e+00
2.447337150573730469e+01 6.999139785766601562e+00
2.447337150573730469e+01 6.999139785766601562e+00
2.447337150573730469e+01 6.999139785766601562e+00
2.448771286010742188e+01 8.008548736572265625e+00
2.448771286010742188e+01 8.008548736572265625e+00
2.448771286010742188e+01 8.008548736572265625e+00
2.448771286010742188e+01 8.008548736572265625e+00
2.448771286010742188e+01 8.008548736572265625e+00
2.448771286010742188e+01 8.008548736572265625e+00
2.448771286010742188e+01 8.008548736572265625e+00
2.447764587402343750e+01 8.981775283813476562e+00
2.447764587402343750e+01 8.981775283813476562e+00
2.447764587402343750e+01 8.981775283813476562e+00
2.447764587402343750e+01 8.981775283813476562e+00
2.447764587402343750e+01 8.981775283813476562e+00
2.447764587402343750e+01 8.981775283813476562e+00
2.447764587402343750e+01 8.981775283813476562e+00
2.449536705017089844e+01 1.000634956359863281e+01
2.449536705017089844e+01 1.000634956359863281e+01
2.449536705017089844e+01 1.000634956359863281e+01
2.449536705017089844e+01 1.000634956359863281e+01
2.449536705017089844e+01 1.000634956359863281e+01
2.449536705017089844e+01 1.000634956359863281e+01
2.449536705017089844e+01 1.000634956359863281e+01
2.449170684814453125e+01 1.099673557281494141e+01
2.449170684814453125e+01 1.099673557281494141e+01
2.449170684814453125e+01 1.099673557281494141e+01
2.449170684814453125e+01 1.099673557281494141e+01
2.449170684814453125e+01 1.099673557281494141e+01
2.449170684814453125e+01 1.099673557281494141e+01
2.449170684814453125e+01 1.099673557281494141e+01
2.454106140136718750e+01 1.198538589477539062e+01
2.454106140136718750e+01 1.198538589477539062e+01
2.454106140136718750e+01 1.198538589477539062e+01
2.454106140136718750e+01 1.198538589477539062e+01
2.454106140136718750e+01 1.198538589477539062e+01
2.454106140136718750e+01 1.198538589477539062e+01
2.454106140136718750e+01 1.198538589477539062e+01
2.447876930236816406e+01 1.296084117889404297e+01
2.447876930236816406e+01 1.296084117889404297e+01
2.447876930236816406e+01 1.296084117889404297e+01
2.447876930236816406e+01 1.296084117889404297e+01
2.447876930236816406e+01 1.296084117889404297e+01
2.447876930236816406e+01 1.296084117889404297e+01
2.447876930236816406e+01 1.296084117889404297e+01
2.450311279296875000e+01 1.403874492645263672e+01
2.450311279296875000e+01 1.403874492645263672e+01
2.450311279296875000e+01 1.403874492645263672e+01
2.450311279296875000e+01 1.403874492645263672e+01
2.450311279296875000e+01 1.403874492645263672e+01
2.450311279296875000e+01 1.403874492645263672e+01
2.450311279296875000e+01 1.403874492645263672e+01
2.448470115661621094e+01 1.498074150085449219e+01
2.448470115661621094e+01 1.498074150085449219e+01
2.448470115661621094e+01 1.498074150085449219e+01
2.448470115661621094e+01 1.498074150085449219e+01
2.448470115661621094e+01 1.498074150085449219e+01
2.448470115661621094e+01 1.498074150085449219e+01
2.448470115661621094e+01 1.498074150085449219e+01
2.449126052856445312e+01 1.598393154144287109e+01
2.449126052856445312e+01 1.598393154144287109e+01
2.449126052856445312e+01 1.598393154144287109e+01
2.449126052856445312e+01 1.598393154144287109e+01
2.449126052856445312e+01 1.598393154144287109e+01
2.449126052856445312e+01 1.598393154144287109e+01
2.449126052856445312e+01 1.598393154144287109e+01
2.449531555175781250e+01 1.694871330261230469e+01
2.449531555175781250e+01 1.694871330261230469e+01
2.449531555175781250e+01 1.694871330261230469e+01
2.449531555175781250e+01 1.694871330261230469e+01
2.449531555175781250e+01 1.694871330261230469e+01
2.449531555175781250e+01 1.694871330261230469e+01
2.449531555175781250e+01 1.694871330261230469e+01
2.554106521606445312e+01 -1.788404655456542969e+01
2.554106521606445312e+01 -1.788404655456542969e+01
2.554106521606445312e+01 -1.788404655456542969e+01
2.554106521606445312e+01 -1.788404655456542969e+01
2.554106521606445312e+01 -1.788404655456542969e+01
2.554106521606445312e+01 -1.788404655456542969e+01
2.554106521606445312e+01 -1.788404655456542969e+01
2.547481346130371094e+01 -1.702172660827636719e+01
2.547481346130371094e+01 -1.702172660827636719e+01
2.547481346130371094e+01 -1.702172660827636719e+01
2.547481346130371094e+01 -1.702172660827636719e+01
2.547481346130371094e+01 -1.702172660827636719e+01
2.547481346130371094e+01 -1.702172660827636719e+01
2.547481346130371094e+01 -1.702172660827636719e+01
2.550674438476562500e+01 -1.597554683685302734e+01
2.550674438476562500e+01 -1.597554683685302734e+01
2.550674438476562500e+01 -1.597554683685302734e+01
2.550674438476562500e+01 -1.597554683685302734e+01
2.550674438476562500e+01 -1.597554683685302734e+01
2.550674438476562500e+01 -1.597554683685302734e+01
2.550674438476562500e+01 -1.597554683685302734e+01
2.548908996582031250e+01 -1.496034049987792969e+01
2.548908996582031250e+01 -1.496034049987792969e+01
2.548908996582031250e+01 -1.496034049987792969e+01
2.548908996582031250e+01 -1.496034049987792969e+01
2.548908996582031250e+01 -1.496034049987792969e+01
2.548908996582031250e+01 -1.496034049987792969e+01
2.548908996582031250e+01 -1.496034049987792969e+01
2.549744796752929688e+01 -1.400575256347656250e+01
2.549744796752929688e+01 -1.400575256347656250e+01
2.549744796752929688e+01 -1.400575256347656250e+01
2.549744796752929688e+01 -1.400575256347656250e+01
2.549744796752929688e+01 -1.400575256347656250e+01
2.549744796752929688e+01 -1.400575256347656250e+01
2.549744796752929688e+01 -1.400575256347656250e+01
2.549976158142089844e+01 -1.300959968566894531e+01
2.549976158142089844e+01 -1.300959968566894531e+01
2.549976158142089844e+01 -1.300959968566894531e+01
2.549976158142089844e+01 -1.300959968566894531e+01
2.549976158142089844e+01 -1.300959968566894531e+01
2.549976158142089844e+01 -1.300959968566894531e+01
2.549976158142089844e+01 -1.300959968566894531e+01
2.548844528198242188e+01 -1.197765445709228516e+01
2.548844528198242188e+01 -1.197765445709228516e+01
2.548844528198242188e+01 -1.197765445709228516e+01
2.548844528198242188e+01 -1.197765445709228516e+01
2.548844528198242188e+01 -1.197765445709228516e+01
2.548844528198242188e+01 -1.197765445709228516e+01
2.548844528198242188e+01 -1.197765445709228516e+01
2.550274848937988281e+01 -1.100433158874511719e+01
2.550274848937988281e+01 -1.100433158874511719e+01
2.550274848937988281e+01 -1.100433158874511719e+01
2.550274848937988281e+01 -1.100433158874511719e+01
2.550274848937988281e+01 -1.100433158874511719e+01
2.550274848937988281e+01 -1.100433158874511719e+01
2.550274848937988281e+01 -1.100433158874511719e+01
2.550222778320312500e+01 -9.989079475402832031e+00
2.550222778320312500e+01 -9.989079475402832031e+00
2.550222778320312500e+01 -9.989079475402832031e+00
2.550222778320312500e+01 -9.989079475402832031e+00
2.550222778320312500e+01 -9.989079475402832031e+00
2.550222778320312500e+01 -9.989079475402832031e+00
2.550222778320312500e+01 -9.989079475402832031e+00
2.553080558776855469e+01 -9.025890350341796875e+00
2.553080558776855469e+01 -9.025890350341796875e+00
2.553080558776855469e+01 -9.025890350341796875e+00
2.553080558776855469e+01 -9.025890350341796875e+00
2.553080558776855469e+01 -9.025890350341796875e+00
2.553080558776855469e+01 -9.025890350341796875e+00
2.553080558776855469e+01 -9.025890350341796875e+00
2.546683502197265625e+01 -7.995468616485595703e+00
2.546683502197265625e+01 -7.995468616485595703e+00
2.546683502197265625e+01 -7.995468616485595703e+00
2.546683502197265625e+01 -7.995468616485595703e+00
2.546683502197265625e+01 -7.995468616485595703e+00
2.546683502197265625e+01 -7.995468616485595703e+00
2.546683502197265625e+01 -7.995468616485595703e+00
2.552374267578125000e+01 -6.977718353271484375e+00
2.552374267578125000e+01 -6.977718353271484375e+00
2.552374267578125000e+01 -6.977718353271484375e+00
2.552374267578125000e+01 -6.977718353271484375e+00
2.552374267578125000e+01 -6.977718353271484375e+00
2.552374267578125000e+01 -6.977718353271484375e+00
2.552374267578125000e+01 -6.977718353271484375e+00
2.552476882934570312e+01 -6.033799648284912109e+00
2.552476882934570312e+01 -6.033799648284912109e+00
2.552476882934570312e+01 -6.033799648284912109e+00
2.552476882934570312e+01 -6.033799648284912109e+00
2.552476882934570312e+01 -6.033799648284912109e+00
2.552476882934570312e+01 -6.033799648284912109e+00
2.552476882934570312e+01 -6.033799648284912109e+00
2.551330184936523438e+01 -4.987015724182128906e+00
2.551330184936523438e+01 -4.987015724182128906e+00
2.551330184936523438e+01 -4.987015724182128906e+00
2.551330184936523438e+01 -4.987015724182128906e+00
2.551330184936523438e+01 -4.987015724182128906e+00
2.551330184936523438e+01 -4.987015724182128906e+00
2.551330184936523438e+01 -4.987015724182128906e+00
2.552535629272460938e+01 -4.029119968414306641e+00
2.552535629272460938e+01 -4.029119968414306641e+00
2.552535629272460938e+01 -4.029119968414306641e+00
2.552535629272460938e+01 -4.029119968414306641e+00
2.552535629272460938e+01 -4.029119968414306641e+00
2.552535629272460938e+01 -4.029119968414306641e+00
2.552535629272460938e+01 -4.029119968414306641e+00
2.550807762145996094e+01 -3.023594379425048828e+00
2.550807762145996094e+01 -3.023594379425048828e+00
2.550807762145996094e+01 -3.023594379425048828e+00
2.550807762145996094e+01 -3.023594379425048828e+00
2.550807762145996094e+01 -3.023594379425048828e+00
2.550807762145996094e+01 -3.023594379425048828e+00
2.550807762145996094e+01 -3.023594379425048828e+00
2.553242874145507812e+01 -1.982544898986816406e+00
2.553242874145507812e+01 -1.982544898986816406e+00
2.553242874145507812e+01 -1.982544898986816406e+00
2.553242874145507812e+01 -1.982544898986816406e+00
2.553242874145507812e+01 -1.982544898986816406e+00
2.553242874145507812e+01 -1.982544898986816406e+00
2.553242874145507812e+01 -1.982544898986816406e+00
2.551222991943359375e+01 -1.002378225326538086e+00
2.551222991943359375e+01 -1.002378225326538086e+00
2.551222991943359375e+01 -1.002378225326538086e+00
2.551222991943359375e+01 -1.002378225326538086e+00
2.551222991943359375e+01 -1.002378225326538086e+00
2.551222991943359375e+01 -1.002378225326538086e+00
2.551222991943359375e+01 -1.002378225326538086e+00
2.553190040588378906e+01 -2.673695422708988190e-02
2.553190040588378906e+01 -2.673695422708988190e-02
2.553190040588378906e+01 -2.673695422708988190e-02
2.553190040588378906e+01 -2.673695422708988190e-02
2.553190040588378906e+01 -2.673695422708988190e-02
2.553190040588378906e+01 -2.673695422708988190e-02
2.553190040588378906e+01 -2.673695422708988190e-02
2.551222991943359375e+01 1.002378225326538086e+00
2.551222991943359375e+01 1.002378225326538086e+00
2.551222991943359375e+01 1.002378225326538086e+00
2.551222991943359375e+01 1.002378225326538086e+00
2.551222991943359375e+01 1.002378225326538086e+00
2.551222991943359375e+01 1.002378225326538086e+00
2.551222991943359375e+01 1.002378225326538086e+00
2.553242874145507812e+01 1.982544898986816406e+00
2.553242874145507812e+01 1.982544898986816406e+00
2.553242874145507812e+01 1.982544898986816406e+00
2.553242874145507812e+01 1.982544898986816406e+00
2.553242874145507812e+01 1.982544898986816406e+00
2.553242874145507812e+01 1.982544898986816406e+00
2.553242874145507812e+01 1.982544898986816406e+00
2.550807762145996094e+01 3.023594379425048828e+00
2.550807762145996094e+01 3.023594379425048828e+00
2.550807762145996094e+01 3.023594379425048828e+00
2.550807762145996094e+01 3.023594379425048828e+00
2.550807762145996094e+01 3.023594379425048828e+00
2.550807762145996094e+01 3.023594379425048828e+00
2.550807762145996094e+01 3.023594379425048828e+00
2.552535629272460938e+01 4.029119968414306641e+00
2.552535629272460938e+01 4.029119968414306641e+00
2.552535629272460938e+01 4.029119968414306641e+00
2.552535629272460938e+01 4.029119968414306641e+00
2.552535629272460938e+01 4.029119968414306641e+00
2.552535629272460938e+01 4.029119968414306641e+00
2.552535629272460938e+01 4.029119968414306641e+00
2.551330184936523438e+01 4.987015724182128906e+00
2.551330184936523438e+01 4.987015724182128906e+00
2.551330184936523438e+01 4.987015724182128906e+00
2.551330184936523438e+01 4.987015724182128906e+00
2.551330184936523438e+01 4.987015724182128906e+00
2.551330184936523438e+01 4.987015724182128906e+00
2.551330184936523438e+01 4.987015724182128906e+00
2.552476882934570312e+01 6.033799648284912109e+00
2.552476882934570312e+01 6.033799648284912109e+00
2.552476882934570312e+01 6.033799648284912109e+00
2.552476882934570312e+01 6.033799648284912109e+00
2.552476882934570312e+01 6.033799648284912109e+00
2.552476882934570312e+01 6.033799648284912109e+00
2.552476882934570312e+01 6.033799648284912109e+00
2.552374267578125000e+01 6.977718353271484375e+00
2.552374267578125000e+01 6.977718353271484375e+00
2.552374267578125000e+01 6.977718353271484375e+00
2.552374267578125000e+01 6.977718353271484375e+00
2.552374267578125000e+01 6.977718353271484375e+00
2.552374267578125000e+01 6.977718353271484375e+00
2.552374267578125000e+01 6.977718353271484375e+00
2.546683502197265625e+01 7.995468616485595703e+00
2.546683502197265625e+01 7.995468616485595703e+00
2.546683502197265625e+01 7.995468616485595703e+00
2.546683502197265625e+01 7.995468616485595703e+00
2.546683502197265625e+01 7.995468616485595703e+00
2.546683502197265625e+01 7.995468616485595703e+00
2.546683502197265625e+01 7.995468616485595703e+00
2.553080558776855469e+01 9.025890350341796875e+00
2.553080558776855469e+01 9.025890350341796875e+00
2.553080558776855469e+01 9.025890350341796875e+00
2.553080558776855469e+01 9.025890350341796875e+00
2.553080558776855469e+01 9.025890350341796875e+00
2.553080558776855469e+01 9.025890350341796875e+00
2.553080558776855469e+01 9.025890350341796875e+00
2.550222778320312500e+01 9.989079475402832031e+00
2.550222778320312500e+01 9.989079475402832031e+00
2.550222778320312500e+01 9.989079475402832031e+00
2.550222778320312500e+01 9.989079475402832031e+00
2.550222778320312500e+01 9.989079475402832031e+00
2.550222778320312500e+01 9.989079475402832031e+00
2.550222778320312500e+01 9.989079475402832031e+00
2.550274848937988281e+01 1.100433158874511719e+01
2.550274848937988281e+01 1.100433158874511719e+01
2.550274848937988281e+01 1.100433158874511719e+01
2.550274848937988281e+01 1.100433158874511719e+01
2.550274848937988281e+01 1.100433158874511719e+01
2.550274848937988281e+01 1.100433158874511719e+01
2.550274848937988281e+01 1.100433158874511719e+01
2.548844528198242188e+01 1.197765445709228516e+01
2.548844528198242188e+01 1.197765445709228516e+01
2.548844528198242188e+01 1.197765445709228516e+01
2.548844528198242188e+01 1.197765445709228516e+01
2.548844528198242188e+01 1.197765445709228516e+01
2.548844528198242188e+01 1.197765445709228516e+01
2.548844528198242188e+01 1.197765445709228516e+01
2.549976158142089844e+01 1.300959968566894531e+01
2.549976158142089844e+01 1.300959968566894531e+01
2.549976158142089844e+01 1.300959968566894531e+01
2.549976158142089844e+01 1.300959968566894531e+01
2.549976158142089844e+01 1.300959968566894531e+01
2.549976158142089844e+01 1.300959968566894531e+01
2.549976158142089844e+01 1.300959968566894531e+01
2.549744796752929688e+01 1.400575256347656250e+01
2.549744796752929688e+01 1.400575256347656250e+01
2.549744796752929688e+01 1.400575256347656250e+01
2.549744796752929688e+01 1.400575256347656250e+01
2.549744796752929688e+01 1.400575256347656250e+01
2.549744796752929688e+01 1.400575256347656250e+01
2.549744796752929688e+01 1.400575256347656250e+01
2.548908996582031250e+01 1.496034049987792969e+01
2.548908996582031250e+01 1.496034049987792969e+01
2.548908996582031250e+01 1.496034049987792969e+01
2.548908996582031250e+01 1.496034049987792969e+01
2.548908996582031250e+01 1.496034049987792969e+01
2.548908996582031250e+01 1.496034049987792969e+01
2.548908996582031250e+01 1.496034049987792969e+01
2.550674438476562500e+01 1.597554683685302734e+01
2.550674438476562500e+01 1.597554683685302734e+01
2.550674438476562500e+01 1.597554683685302734e+01
2.550674438476562500e+01 1.597554683685302734e+01
2.550674438476562500e+01 1.597554683685302734e+01
2.550674438476562500e+01 1.597554683685302734e+01
2.550674438476562500e+01 1.597554683685302734e+01
2.547481346130371094e+01 1.702172660827636719e+01
2.547481346130371094e+01 1.702172660827636719e+01
2.547481346130371094e+01 1.702172660827636719e+01
2.547481346130371094e+01 1.702172660827636719e+01
2.547481346130371094e+01 1.702172660827636719e+01
2.547481346130371094e+01 1.702172660827636719e+01
2.547481346130371094e+01 1.702172660827636719e+01
2.554106521606445312e+01 1.788404655456542969e+01
2.554106521606445312e+01 1.788404655456542969e+01
2.554106521606445312e+01 1.788404655456542969e+01
2.554106521606445312e+01 1.788404655456542969e+01
2.554106521606445312e+01 1.788404655456542969e+01
2.554106521606445312e+01 1.788404655456542969e+01
2.554106521606445312e+01 1.788404655456542969e+01
2.668185806274414062e+01 -1.868283843994140625e+01
2.668185806274414062e+01 -1.868283843994140625e+01
2.668185806274414062e+01 -1.868283843994140625e+01
2.668185806274414062e+01 -1.868283843994140625e+01
2.668185806274414062e+01 -1.868283843994140625e+01
2.668185806274414062e+01 -1.868283843994140625e+01
2.668185806274414062e+01 -1.868283843994140625e+01
2.648903274536132812e+01 -1.800868606567382812e+01
2.648903274536132812e+01 -1.800868606567382812e+01
2.648903274536132812e+01 -1.800868606567382812e+01
2.648903274536132812e+01 -1.800868606567382812e+01
2.648903274536132812e+01 -1.800868606567382812e+01
2.648903274536132812e+01 -1.800868606567382812e+01
2.648903274536132812e+01 -1.800868606567382812e+01
2.650754165649414062e+01 -1.699794578552246094e+01
2.650754165649414062e+01 -1.699794578552246094e+01
2.650754165649414062e+01 -1.699794578552246094e+01
2.650754165649414062e+01 -1.699794578552246094e+01
2.650754165649414062e+01 -1.699794578552246094e+01
2.650754165649414062e+01 -1.699794578552246094e+01
2.650754165649414062e+01 -1.699794578552246094e+01
2.648280715942382812e+01 -1.601329994201660156e+01
2.648280715942382812e+01 -1.601329994201660156e+01
2.648280715942382812e+01 -1.601329994201660156e+01
2.648280715942382812e+01 -1.601329994201660156e+01
2.648280715942382812e+01 -1.601329994201660156e+01
2.648280715942382812e+01 -1.601329994201660156e+01
2.648280715942382812e+01 -1.601329994201660156e+01
2.652629852294921875e+01 -1.502008342742919922e+01
2.652629852294921875e+01 -1.502008342742919922e+01
2.652629852294921875e+01 -1.502008342742919922e+01
2.652629852294921875e+01 -1.502008342742919922e+01
2.652629852294921875e+01 -1.502008342742919922e+01
2.652629852294921875e+01 -1.502008342742919922e+01
2.652629852294921875e+01 -1.502008342742919922e+01
2.646168708801269531e+01 -1.401074218750000000e+01
2.646168708801269531e+01 -1.401074218750000000e+01
2.646168708801269531e+01 -1.401074218750000000e+01
2.646168708801269531e+01 -1.401074218750000000e+01
2.646168708801269531e+01 -1.401074218750000000e+01
2.646168708801269531e+01 -1.401074218750000000e+01
2.646168708801269531e+01 -1.401074218750000000e+01
2.652541351318359375e+01 -1.303487396240234375e+01
2.652541351318359375e+01 -1.303487396240234375e+01
2.652541351318359375e+01 -1.303487396240234375e+01
2.652541351318359375e+01 -1.303487396240234375e+01
2.652541351318359375e+01 -1.303487396240234375e+01
2.652541351318359375e+01 -1.303487396240234375e+01
2.652541351318359375e+01 -1.303487396240234375e+01
2.650936889648437500e+01 -1.198058128356933594e+01
2.650936889648437500e+01 -1.198058128356933594e+01
2.650936889648437500e+01 -1.198058128356933594e+01
2.650936889648437500e+01 -1.198058128356933594e+01
2.650936889648437500e+01 -1.198058128356933594e+01
2.650936889648437500e+01 -1.198058128356933594e+01
2.650936889648437500e+01 -1.198058128356933594e+01
2.651909446716308594e+01 -1.098456859588623047e+01
2.651909446716308594e+01 -1.098456859588623047e+01
2.651909446716308594e+01 -1.098456859588623047e+01
2.651909446716308594e+01 -1.098456859588623047e+01
2.651909446716308594e+01 -1.098456859588623047e+01
2.651909446716308594e+01 -1.098456859588623047e+01
2.651909446716308594e+01 -1.098456859588623047e+01
2.648917007446289062e+01 -1.000942325592041016e+01
2.648917007446289062e+01 -1.000942325592041016e+01
2.648917007446289062e+01 -1.000942325592041016e+01
2.648917007446289062e+01 -1.000942325592041016e+01
2.648917007446289062e+01 -1.000942325592041016e+01
2.648917007446289062e+01 -1.000942325592041016e+01
2.648917007446289062e+01 -1.000942325592041016e+01
2.651507759094238281e+01 -9.021305084228515625e+00
2.651507759094238281e+01 -9.021305084228515625e+00
2.651507759094238281e+01 -9.021305084228515625e+00
2.651507759094238281e+01 -9.021305084228515625e+00
2.651507759094238281e+01 -9.021305084228515625e+00
2.651507759094238281e+01 -9.021305084228515625e+00
2.651507759094238281e+01 -9.021305084228515625e+00
2.652166557312011719e+01 -7.987164020538330078e+00
2.652166557312011719e+01 -7.987164020538330078e+00
2.652166557312011719e+01 -7.987164020538330078e+00
2.652166557312011719e+01 -7.987164020538330078e+00
2.652166557312011719e+01 -7.987164020538330078e+00
2.652166557312011719e+01 -7.987164020538330078e+00
2.652166557312011719e+01 -7.987164020538330078e+00
2.648499298095703125e+01 -6.977859497070312500e+00
2.648499298095703125e+01 -6.977859497070312500e+00
2.648499298095703125e+01 -6.977859497070312500e+00
2.648499298095703125e+01 -6.977859497070312500e+00
2.648499298095703125e+01 -6.977859497070312500e+00
2.648499298095703125e+01 -6.977859497070312500e+00
2.648499298095703125e+01 -6.977859497070312500e+00
2.648495864868164062e+01 -6.002653598785400391e+00
2.648495864868164062e+01 -6.002653598785400391e+00
2.648495864868164062e+01 -6.002653598785400391e+00
2.648495864868164062e+01 -6.002653598785400391e+00
2.648495864868164062e+01 -6.002653598785400391e+00
2.648495864868164062e+01 -6.002653598785400391e+00
2.648495864868164062e+01 -6.002653598785400391e+00
2.653506660461425781e+01 -4.999464511871337891e+00
2.653506660461425781e+01 -4.999464511871337891e+00
2.653506660461425781e+01 -4.999464511871337891e+00
2.653506660461425781e+01 -4.999464511871337891e+00
2.653506660461425781e+01 -4.999464511871337891e+00
2.653506660461425781e+01 -4.999464511871337891e+00
2.653506660461425781e+01 -4.999464511871337891e+00
2.647023200988769531e+01 -3.993795394897460938e+00
2.647023200988769531e+01 -3.993795394897460938e+00
2.647023200988769531e+01 -3.993795394897460938e+00
2.647023200988769531e+01 -3.993795394897460938e+00
2.647023200988769531e+01 -3.993795394897460938e+00
2.647023200988769531e+01 -3.993795394897460938e+00
2.647023200988769531e+01 -3.993795394897460938e+00
2.652087402343750000e+01 -3.021671772003173828e+00
2.652087402343750000e+01 -3.021671772003173828e+00
2.652087402343750000e+01 -3.021671772003173828e+00
2.652087402343750000e+01 -3.021671772003173828e+00
2.652087402343750000e+01 -3.021671772003173828e+00
2.652087402343750000e+01 -3.021671772003173828e+00
2.652087402343750000e+01 -3.021671772003173828e+00
2.646266937255859375e+01 -1.994382858276367188e+00
2.646266937255859375e+01 -1.994382858276367188e+00
2.646266937255859375e+01 -1.994382858276367188e+00
2.646266937255859375e+01 -1.994382858276367188e+00
2.646266937255859375e+01 -1.994382858276367188e+00
2.646266937255859375e+01 -1.994382858276367188e+00
2.646266937255859375e+01 -1.994382858276367188e+00
2.651955413818359375e+01 -9.816974997520446777e-01
2.651955413818359375e+01 -9.816974997520446777e-01
2.651955413818359375e+01 -9.816974997520446777e-01
2.651955413818359375e+01 -9.816974997520446777e-01
2.651955413818359375e+01 -9.816974997520446777e-01
2.651955413818359375e+01 -9.816974997520446777e-01
2.651955413818359375e+01 -9.816974997520446777e-01
2.653770256042480469e+01 -2.779022790491580963e-02
2.653770256042480469e+01 -2.779022790491580963e-02
2.653770256042480469e+01 -2.779022790491580963e-02
2.653770256042480469e+01 -2.779022790491580963e-02
2.653770256042480469e+01 -2.779022790491580963e-02
2.653770256042480469e+01 -2.779022790491580963e-02
2.653770256042480469e+01 -2.779022790491580963e-02
2.651955413818359375e+01 9.816974997520446777e-01
2.651955413818359375e+01 9.816974997520446777e-01
2.651955413818359375e+01 9.816974997520446777e-01
2.651955413818359375e+01 9.816974997520446777e-01
2.651955413818359375e+01 9.816974997520446777e-01
2.651955413818359375e+01 9.816974997520446777e-01
2.651955413818359375e+01 9.816974997520446777e-01
2.646266937255859375e+01 1.994382858276367188e+00
2.646266937255859375e+01 1.994382858276367188e+00
2.646266937255859375e+01 1.994382858276367188e+00
2.646266937255859375e+01 1.994382858276367188e+00
2.646266937255859375e+01 1.994382858276367188e+00
2.646266937255859375e+01 1.994382858276367188e+00
2.646266937255859375e+01 1.994382858276367188e+00
2.652087402343750000e+01 3.021671772003173828e+00
2.652087402343750000e+01 3.021671772003173828e+00
2.652087402343750000e+01 3.021671772003173828e+00
2.652087402343750000e+01 3.021671772003173828e+00
2.652087402343750000e+01 3.021671772003173828e+00
2.652087402343750000e+01 3.021671772003173828e+00
2.652087402343750000e+01 3.021671772003173828e+00
2.647023200988769531e+01 3.993795394897460938e+00
2.647023200988769531e+01 3.993795394897460938e+00
2.647023200988769531e+01 3.993795394897460938e+00
2.647023200988769531e+01 3.993795394897460938e+00
2.647023200988769531e+01 3.993795394897460938e+00
2.647023200988769531e+01 3.993795394897460938e+00
2.647023200988769531e+01 3.993795394897460938e+00
2.653506660461425781e+01 4.999464511871337891e+00
2.653506660461425781e+01 4.999464511871337891e+00
2.653506660461425781e+01 4.999464511871337891e+00
2.653506660461425781e+01 4.999464511871337891e+00
2.653506660461425781e+01 4.999464511871337891e+00
2.653506660461425781e+01 4.999464511871337891e+00
2.653506660461425781e+01 4.999464511871337891e+00
2.648495864868164062e+01 6.002653598785400391e+00
2.648495864868164062e+01 6.002653598785400391e+00
2.648495864868164062e+01 6.002653598785400391e+00
2.648495864868164062e+01 6.002653598785400391e+00
2.648495864868164062e+01 6.002653598785400391e+00
2.648495864868164062e+01 6.002653598785400391e+00
2.648495864868164062e+01 6.002653598785400391e+00
2.648499298095703125e+01 6.977859497070312500e+00
2.648499298095703125e+01 6.977859497070312500e+00
2.648499298095703125e+01 6.977859497070312500e+00
2.648499298095703125e+01 6.977859497070312500e+00
2.648499298095703125e+01 6.977859497070312500e+00
2.648499298095703125e+01 6.977859497070312500e+00
2.648499298095703125e+01 6.977859497070312500e+00
2.652166557312011719e+01 7.987164020538330078e+00
2.652166557312011719e+01 7.987164020538330078e+00
2.652166557312011719e+01 7.987164020538330078e+00
2.652166557312011719e+01 7.987164020538330078e+00
2.652166557312011719e+01 7.987164020538330078e+00
2.652166557312011719e+01 7.987164020538330078e+00
2.652166557312011719e+01 7.987164020538330078e+00
2.651507759094238281e+01 9.021305084228515625e+00
2.651507759094238281e+01 9.021305084228515625e+00
2.651507759094238281e+01 9.021305084228515625e+00
2.651507759094238281e+01 9.021305084228515625e+00
2.651507759094238281e+01 9.021305084228515625e+00
2.651507759094238281e+01 9.021305084228515625e+00
2.651507759094238281e+01 9.021305084228515625e+00
2.648917007446289062e+01 1.000942325592041016e+01
2.648917007446289062e+01 1.000942325592041016e+01
2.648917007446289062e+01 1.000942325592041016e+01
2.648917007446289062e+01 1.000942325592041016e+01
2.648917007446289062e+01 1.000942325592041016e+01
2.648917007446289062e+01 1.000942325592041016e+01
2.648917007446289062e+01 1.000942325592041016e+01
2.651909446716308594e+01 1.098456859588623047e+01
2.651909446716308594e+01 1.098456859588623047e+01
2.651909446716308594e+01 1.098456859588623047e+01
2.651909446716308594e+01 1.098456859588623047e+01
2.651909446716308594e+01 1.098456859588623047e+01
2.651909446716308594e+01 1.098456859588623047e+01
2.651909446716308594e+01 1.098456859588623047e+01
2.650936889648437500e+01 1.198058128356933594e+01
2.650936889648437500e+01 1.198058128356933594e+01
2.650936889648437500e+01 1.198058128356933594e+01
2.650936889648437500e+01 1.198058128356933594e+01
2.650936889648437500e+01 1.198058128356933594e+01
2.650936889648437500e+01 1.198058128356933594e+01
2.650936889648437500e+01 1.198058128356933594e+01
2.652541351318359375e+01 1.303487396240234375e+01
2.652541351318359375e+01 1.303487396240234375e+01
2.652541351318359375e+01 1.303487396240234375e+01
2.652541351318359375e+01 1.303487396240234375e+01
2.652541351318359375e+01 1.303487396240234375e+01
2.652541351318359375e+01 1.303487396240234375e+01
2.652541351318359375e+01 1.303487396240234375e+01
2.646168708801269531e+01 1.401074218750000000e+01
2.646168708801269531e+01 1.401074218750000000e+01
2.646168708801269531e+01 1.401074218750000000e+01
2.646168708801269531e+01 1.401074218750000000e+01
2.646168708801269531e+01 1.401074218750000000e+01
2.646168708801269531e+01 1.401074218750000000e+01
2.646168708801269531e+01 1.401074218750000000e+01
2.652629852294921875e+01 1.502008342742919922e+01
2.652629852294921875e+01 1.502008342742919922e+01
2.652629852294921875e+01 1.502008342742919922e+01
2.652629852294921875e+01 1.502008342742919922e+01
2.652629852294921875e+01 1.502008342742919922e+01
2.652629852294921875e+01 1.502008342742919922e+01
2.652629852294921875e+01 1.502008342742919922e+01
2.648280715942382812e+01 1.601329994201660156e+01
2.648280715942382812e+01 1.601329994201660156e+01
2.648280715942382812e+01 1.601329994201660156e+01
2.648280715942382812e+01 1.601329994201660156e+01
2.648280715942382812e+01 1.601329994201660156e+01
2.648280715942382812e+01 1.601329994201660156e+01
2.648280715942382812e+01 1.601329994201660156e+01
2.650754165649414062e+01 1.699794578552246094e+01
2.650754165649414062e+01 1.699794578552246094e+01
2.650754165649414062e+01 1.699794578552246094e+01
2.650754165649414062e+01 1.699794578552246094e+01
2.650754165649414062e+01 1.699794578552246094e+01
2.650754165649414062e+01 1.699794578552246094e+01
2.650754165649414062e+01 1.699794578552246094e+01
2.648903274536132812e+01 1.800868606567382812e+01
2.648903274536132812e+01 1.800868606567382812e+01
2.648903274536132812e+01 1.800868606567382812e+01
2.648903274536132812e+01 1.800868606567382812e+01
2.648903274536132812e+01 1.800868606567382812e+01
2.648903274536132812e+01 1.800868606567382812e+01
2.648903274536132812e+01 1.800868606567382812e+01
2.668185806274414062e+01 1.868283843994140625e+01
2.668185806274414062e+01 1.868283843994140625e+01
2.668185806274414062e+01 1.868283843994140625e+01
2.668185806274414062e+01 1.868283843994140625e+01
2.668185806274414062e+01 1.868283843994140625e+01
2.668185806274414062e+01 1.868283843994140625e+01
2.668185806274414062e+01 1.868283843994140625e+01
2.748565101623535156e+01 -1.901777648925781250e+01
2.748565101623535156e+01 -1.901777648925781250e+01
2.748565101623535156e+01 -1.901777648925781250e+01
2.748565101623535156e+01 -1.901777648925781250e+01
2.748565101623535156e+01 -1.901777648925781250e+01
2.748565101623535156e+01 -1.901777648925781250e+01
2.748565101623535156e+01 -1.901777648925781250e+01
2.753647041320800781e+01 -1.797135162353515625e+01
2.753647041320800781e+01 -1.797135162353515625e+01
2.753647041320800781e+01 -1.797135162353515625e+01
2.753647041320800781e+01 -1.797135162353515625e+01
2.753647041320800781e+01 -1.797135162353515625e+01
2.753647041320800781e+01 -1.797135162353515625e+01
2.753647041320800781e+01 -1.797135162353515625e+01
2.749778175354003906e+01 -1.702278137207031250e+01
2.749778175354003906e+01 -1.702278137207031250e+01
2.749778175354003906e+01 -1.702278137207031250e+01
2.749778175354003906e+01 -1.702278137207031250e+01
2.749778175354003906e+01 -1.702278137207031250e+01
2.749778175354003906e+01 -1.702278137207031250e+01
2.749778175354003906e+01 -1.702278137207031250e+01
2.746616935729980469e+01 -1.602422142028808594e+01
2.746616935729980469e+01 -1.602422142028808594e+01
2.746616935729980469e+01 -1.602422142028808594e+01
2.746616935729980469e+01 -1.602422142028808594e+01
2.746616935729980469e+01 -1.602422142028808594e+01
2.746616935729980469e+01 -1.602422142028808594e+01
2.746616935729980469e+01 -1.602422142028808594e+01
2.750340843200683594e+01 -1.501403141021728516e+01
2.750340843200683594e+01 -1.501403141021728516e+01
2.750340843200683594e+01 -1.501403141021728516e+01
2.750340843200683594e+01 -1.501403141021728516e+01
2.750340843200683594e+01 -1.501403141021728516e+01
2.750340843200683594e+01 -1.501403141021728516e+01
2.750340843200683594e+01 -1.501403141021728516e+01
2.749839210510253906e+01 -1.402927112579345703e+01
2.749839210510253906e+01 -1.402927112579345703e+01
2.749839210510253906e+01 -1.402927112579345703e+01
2.749839210510253906e+01 -1.402927112579345703e+01
2.749839210510253906e+01 -1.402927112579345703e+01
2.749839210510253906e+01 -1.402927112579345703e+01
2.749839210510253906e+01 -1.402927112579345703e+01
2.748743629455566406e+01 -1.299912166595458984e+01
2.748743629455566406e+01 -1.299912166595458984e+01
2.748743629455566406e+01 -1.299912166595458984e+01
2.748743629455566406e+01 -1.299912166595458984e+01
2.748743629455566406e+01 -1.299912166595458984e+01
2.748743629455566406e+01 -1.299912166595458984e+01
2.748743629455566406e+01 -1.299912166595458984e+01
2.750440979003906250e+01 -1.202781581878662109e+01
2.750440979003906250e+01 -1.202781581878662109e+01
2.750440979003906250e+01 -1.202781581878662109e+01
2.750440979003906250e+01 -1.202781581878662109e+01
2.750440979003906250e+01 -1.202781581878662109e+01
2.750440979003906250e+01 -1.202781581878662109e+01
2.750440979003906250e+01 -1.202781581878662109e+01
2.751143074035644531e+01 -1.100935745239257812e+01
2.751143074035644531e+01 -1.100935745239257812e+01
2.751143074035644531e+01 -1.100935745239257812e+01
2.751143074035644531e+01 -1.100935745239257812e+01
2.751143074035644531e+01 -1.100935745239257812e+01
2.751143074035644531e+01 -1.100935745239257812e+01
2.751143074035644531e+01 -1.100935745239257812e+01
2.747842597961425781e+01 -1.001219272613525391e+01
2.747842597961425781e+01 -1.001219272613525391e+01
2.747842597961425781e+01 -1.001219272613525391e+01
2.747842597961425781e+01 -1.001219272613525391e+01
2.747842597961425781e+01 -1.001219272613525391e+01
2.747842597961425781e+01 -1.001219272613525391e+01
2.747842597961425781e+01 -1.001219272613525391e+01
2.750271606445312500e+01 -8.994585990905761719e+00
2.750271606445312500e+01 -8.994585990905761719e+00
2.750271606445312500e+01 -8.994585990905761719e+00
2.750271606445312500e+01 -8.994585990905761719e+00
2.750271606445312500e+01 -8.994585990905761719e+00
2.750271606445312500e+01 -8.994585990905761719e+00
2.750271606445312500e+01 -8.994585990905761719e+00
2.748724174499511719e+01 -7.996188163757324219e+00
2.748724174499511719e+01 -7.996188163757324219e+00
2.748724174499511719e+01 -7.996188163757324219e+00
2.748724174499511719e+01 -7.996188163757324219e+00
2.748724174499511719e+01 -7.996188163757324219e+00
2.748724174499511719e+01 -7.996188163757324219e+00
2.748724174499511719e+01 -7.996188163757324219e+00
2.752334594726562500e+01 -6.979813575744628906e+00
2.752334594726562500e+01 -6.979813575744628906e+00
2.752334594726562500e+01 -6.979813575744628906e+00
2.752334594726562500e+01 -6.979813575744628906e+00
2.752334594726562500e+01 -6.979813575744628906e+00
2.752334594726562500e+01 -6.979813575744628906e+00
2.752334594726562500e+01 -6.979813575744628906e+00
2.750867271423339844e+01 -6.033075809478759766e+00
2.750867271423339844e+01 -6.033075809478759766e+00
2.750867271423339844e+01 -6.033075809478759766e+00
2.750867271423339844e+01 -6.033075809478759766e+00
2.750867271423339844e+01 -6.033075809478759766e+00
2.750867271423339844e+01 -6.033075809478759766e+00
2.750867271423339844e+01 -6.033075809478759766e+00
2.748201179504394531e+01 -4.984418869018554688e+00
2.748201179504394531e+01 -4.984418869018554688e+00
2.748201179504394531e+01 -4.984418869018554688e+00
2.748201179504394531e+01 -4.984418869018554688e+00
2.748201179504394531e+01 -4.984418869018554688e+00
2.748201179504394531e+01 -4.984418869018554688e+00
2.748201179504394531e+01 -4.984418869018554688e+00
2.748329925537109375e+01 -4.019177913665771484e+00
2.748329925537109375e+01 -4.019177913665771484e+00
2.748329925537109375e+01 -4.019177913665771484e+00
2.748329925537109375e+01 -4.019177913665771484e+00
2.748329925537109375e+01 -4.019177913665771484e+00
2.748329925537109375e+01 -4.019177913665771484e+00
2.748329925537109375e+01 -4.019177913665771484e+00
2.753363037109375000e+01 -3.015422821044921875e+00
2.753363037109375000e+01 -3.015422821044921875e+00
2.753363037109375000e+01 -3.015422821044921875e+00
2.753363037109375000e+01 -3.015422821044921875e+00
2.753363037109375000e+01 -3.015422821044921875e+00
2.753363037109375000e+01 -3.015422821044921875e+00
2.753363037109375000e+01 -3.015422821044921875e+00
2.747025489807128906e+01 -2.007648944854736328e+00
2.747025489807128906e+01 -2.007648944854736328e+00
2.747025489807128906e+01 -2.007648944854736328e+00
2.747025489807128906e+01 -2.007648944854736328e+00
2.747025489807128906e+01 -2.007648944854736328e+00
2.747025489807128906e+01 -2.007648944854736328e+00
2.747025489807128906e+01 -2.007648944854736328e+00
2.752466773986816406e+01 -1.018904685974121094e+00
2.752466773986816406e+01 -1.018904685974121094e+00
2.752466773986816406e+01 -1.018904685974121094e+00
2.752466773986816406e+01 -1.018904685974121094e+00
2.752466773986816406e+01 -1.018904685974121094e+00
2.752466773986816406e+01 -1.018904685974121094e+00
2.752466773986816406e+01 -1.018904685974121094e+00
2.746613502502441406e+01 -2.876248024404048920e-02
2.746613502502441406e+01 -2.876248024404048920e-02
2.746613502502441406e+01 -2.876248024404048920e-02
2.746613502502441406e+01 -2.876248024404048920e-02
2.746613502502441406e+01 -2.876248024404048920e-02
2.746613502502441406e+01 -2.876248024404048920e-02
2.746613502502441406e+01 -2.876248024404048920e-02
2.752466773986816406e+01 1.018904685974121094e+00
2.752466773986816406e+01 1.018904685974121094e+00
2.752466773986816406e+01 1.018904685974121094e+00
2.752466773986816406e+01 1.018904685974121094e+00
2.752466773986816406e+01 1.018904685974121094e+00
2.752466773986816406e+01 1.018904685974121094e+00
2.752466773986816406e+01 1.018904685974121094e+00
2.747025489807128906e+01 2.007648944854736328e+00
2.747025489807128906e+01 2.007648944854736328e+00
2.747025489807128906e+01 2.007648944854736328e+00
2.747025489807128906e+01 2.007648944854736328e+00
2.747025489807128906e+01 2.007648944854736328e+00
2.747025489807128906e+01 2.007648944854736328e+00
2.747025489807128906e+01 2.007648944854736328e+00
2.753363037109375000e+01 3.015422821044921875e+00
2.753363037109375000e+01 3.015422821044921875e+00
2.753363037109375000e+01 3.015422821044921875e+00
2.753363037109375000e+01 3.015422821044921875e+00
2.753363037109375000e+01 3.015422821044921875e+00
2.753363037109375000e+01 3.015422821044921875e+00
2.753363037109375000e+01 3.015422821044921875e+00
2.748329925537109375e+01 4.019177913665771484e+00
2.748329925537109375e+01 4.019177913665771484e+00
2.748329925537109375e+01 4.019177913665771484e+00
2.748329925537109375e+01 4.019177913665771484e+00
2.748329925537109375e+01 4.019177913665771484e+00
2.748329925537109375e+01 4.019177913665771484e+00
2.748329925537109375e+01 4.019177913665771484e+00
2.748201179504394531e+01 4.984418869018554688e+00
2.748201179504394531e+01 4.984418869018554688e+00
2.748201179504394531e+01 4.984418869018554688e+00
2.748201179504394531e+01 4.984418869018554688e+00
2.748201179504394531e+01 4.984418869018554688e+00
2.748201179504394531e+01 4.984418869018554688e+00
2.748201179504394531e+01 4.984418869018554688e+00
2.750867271423339844e+01 6.033075809478759766e+00
2.750867271423339844e+01 6.033075809478759766e+00
2.750867271423339844e+01 6.033075809478759766e+00
2.750867271423339844e+01 6.033075809478759766e+00
2.750867271423339844e+01 6.033075809478759766e+00
2.750867271423339844e+01 6.033075809478759766e+00
2.750867271423339844e+01 6.033075809478759766e+00
2.752334594726562500e+01 6.979813575744628906e+00
2.752334594726562500e+01 6.979813575744628906e+00
2.752334594726562500e+01 6.979813575744628906e+00
2.752334594726562500e+01 6.979813575744628906e+00
2.752334594726562500e+01 6.979813575744628906e+00
2.752334594726562500e+01 6.979813575744628906e+00
2.752334594726562500e+01 6.979813575744628906e+00
2.748724174499511719e+01 7.996188163757324219e+00
2.748724174499511719e+01 7.996188163757324219e+00
2.748724174499511719e+01 7.996188163757324219e+00
2.748724174499511719e+01 7.996188163757324219e+00
2.748724174499511719e+01 7.996188163757324219e+00
2.748724174499511719e+01 7.996188163757324219e+00
2.748724174499511719e+01 7.996188163757324219e+00
2.750271606445312500e+01 8.994585990905761719e+00
2.750271606445312500e+01 8.994585990905761719e+00
2.750271606445312500e+01 8.994585990905761719e+00
2.750271606445312500e+01 8.994585990905761719e+00
2.750271606445312500e+01 8.994585990905761719e+00
2.750271606445312500e+01 8.994585990905761719e+00
2.750271606445312500e+01 8.994585990905761719e+00
2.747842597961425781e+01 1.001219272613525391e+01
2.747842597961425781e+01 1.001219272613525391e+01
2.747842597961425781e+01 1.001219272613525391e+01
2.747842597961425781e+01 1.001219272613525391e+01
2.747842597961425781e+01 1.001219272613525391e+01
2.747842597961425781e+01 1.001219272613525391e+01
2.747842597961425781e+01 1.001219272613525391e+01
2.751143074035644531e+01 1.100935745239257812e+01
2.751143074035644531e+01 1.100935745239257812e+01
2.751143074035644531e+01 1.100935745239257812e+01
2.751143074035644531e+01 1.100935745239257812e+01
2.751143074035644531e+01 1.100935745239257812e+01
2.751143074035644531e+01 1.100935745239257812e+01
2.751143074035644531e+01 1.100935745239257812e+01
2.750440979003906250e+01 1.202781581878662109e+01
2.750440979003906250e+01 1.202781581878662109e+01
2.750440979003906250e+01 1.202781581878662109e+01
2.750440979003906250e+01 1.202781581878662109e+01
2.750440979003906250e+01 1.202781581878662109e+01
2.750440979003906250e+01 1.202781581878662109e+01
2.750440979003906250e+01 1.202781581878662109e+01
2.748743629455566406e+01 1.299912166595458984e+01
2.748743629455566406e+01 1.299912166595458984e+01
2.748743629455566406e+01 1.299912166595458984e+01
2.748743629455566406e+01 1.299912166595458984e+01
2.748743629455566406e+01 1.299912166595458984e+01
2.748743629455566406e+01 1.299912166595458984e+01
2.748743629455566406e+01 1.299912166595458984e+01
2.749839210510253906e+01 1.402927112579345703e+01
2.749839210510253906e+01 1.402927112579345703e+01
2.749839210510253906e+01 1.402927112579345703e+01
2.749839210510253906e+01 1.402927112579345703e+01
2.749839210510253906e+01 1.402927112579345703e+01
2.749839210510253906e+01 1.402927112579345703e+01
2.749839210510253906e+01 1.402927112579345703e+01
2.750340843200683594e+01 1.501403141021728516e+01
2.750340843200683594e+01 1.501403141021728516e+01
2.750340843200683594e+01 1.501403141021728516e+01
2.750340843200683594e+01 1.501403141021728516e+01
2.750340843200683594e+01 1.501403141021728516e+01
2.750340843200683594e+01 1.501403141021728516e+01
2.750340843200683594e+01 1.501403141021728516e+01
2.746616935729980469e+01 1.602422142028808594e+01
2.746616935729980469e+01 1.602422142028808594e+01
2.746616935729980469e+01 1.602422142028808594e+01
2.746616935729980469e+01 1.602422142028808594e+01
2.746616935729980469e+01 1.602422142028808594e+01
2.746616935729980469e+01 1.602422142028808594e+01
2.746616935729980469e+01 1.602422142028808594e+01
2.749778175354003906e+01 1.702278137207031250e+01
2.749778175354003906e+01 1.702278137207031250e+01
2.749778175354003906e+01 1.702278137207031250e+01
2.749778175354003906e+01 1.702278137207031250e+01
2.749778175354003906e+01 1.702278137207031250e+01
2.749778175354003906e+01 1.702278137207031250e+01
2.749778175354003906e+01 1.702278137207031250e+01
2.753647041320800781e+01 1.797135162353515625e+01
2.753647041320800781e+01 1.797135162353515625e+01
2.753647041320800781e+01 1.797135162353515625e+01
2.753647041320800781e+01 1.797135162353515625e+01
2.753647041320800781e+01 1.797135162353515625e+01
2.753647041320800781e+01 1.797135162353515625e+01
2.753647041320800781e+01 1.797135162353515625e+01
2.748565101623535156e+01 1.901777648925781250e+01
2.748565101623535156e+01 1.901777648925781250e+01
2.748565101623535156e+01 1.901777648925781250e+01
2.748565101623535156e+01 1.901777648925781250e+01
2.748565101623535156e+01 1.901777648925781250e+01
2.748565101623535156e+01 1.901777648925781250e+01
2.748565101623535156e+01 1.901777648925781250e+01
2.851980018615722656e+01 -1.996977996826171875e+01
2.851980018615722656e+01 -1.996977996826171875e+01
2.851980018615722656e+01 -1.996977996826171875e+01
2.851980018615722656e+01 -1.996977996826171875e+01
2.851980018615722656e+01 -1.996977996826171875e+01
2.851980018615722656e+01 -1.996977996826171875e+01
2.851980018615722656e+01 -1.996977996826171875e+01
2.849833869934082031e+01 -1.904198074340820312e+01
2.849833869934082031e+01 -1.904198074340820312e+01
2.849833869934082031e+01 -1.904198074340820312e+01
2.849833869934082031e+01 -1.904198074340820312e+01
2.849833869934082031e+01 -1.904198074340820312e+01
2.849833869934082031e+01 -1.904198074340820312e+01
2.849833869934082031e+01 -1.904198074340820312e+01
2.854155921936035156e+01 -1.798053741455078125e+01
2.854155921936035156e+01 -1.798053741455078125e+01
2.854155921936035156e+01 -1.798053741455078125e+01
2.854155921936035156e+01 -1.798053741455078125e+01
2.854155921936035156e+01 -1.798053741455078125e+01
2.854155921936035156e+01 -1.798053741455078125e+01
2.854155921936035156e+01 -1.798053741455078125e+01
2.849234580993652344e+01 -1.702531242370605469e+01
2.849234580993652344e+01 -1.702531242370605469e+01
2.849234580993652344e+01 -1.702531242370605469e+01
2.849234580993652344e+01 -1.702531242370605469e+01
2.849234580993652344e+01 -1.702531242370605469e+01
2.849234580993652344e+01 -1.702531242370605469e+01
2.849234580993652344e+01 -1.702531242370605469e+01
2.845343589782714844e+01 -1.601306343078613281e+01
2.845343589782714844e+01 -1.601306343078613281e+01
2.845343589782714844e+01 -1.601306343078613281e+01
2.845343589782714844e+01 -1.601306343078613281e+01
2.845343589782714844e+01 -1.601306343078613281e+01
2.845343589782714844e+01 -1.601306343078613281e+01
2.845343589782714844e+01 -1.601306343078613281e+01
2.848131942749023438e+01 -1.499109458923339844e+01
2.848131942749023438e+01 -1.499109458923339844e+01
2.848131942749023438e+01 -1.499109458923339844e+01
2.848131942749023438e+01 -1.499109458923339844e+01
2.848131942749023438e+01 -1.499109458923339844e+01
2.848131942749023438e+01 -1.499109458923339844e+01
2.848131942749023438e+01 -1.499109458923339844e+01
2.846968460083007812e+01 -1.399030971527099609e+01
2.846968460083007812e+01 -1.399030971527099609e+01
2.846968460083007812e+01 -1.399030971527099609e+01
2.846968460083007812e+01 -1.399030971527099609e+01
2.846968460083007812e+01 -1.399030971527099609e+01
2.846968460083007812e+01 -1.399030971527099609e+01
2.846968460083007812e+01 -1.399030971527099609e+01
2.852235794067382812e+01 -1.297434711456298828e+01
2.852235794067382812e+01 -1.297434711456298828e+01
2.852235794067382812e+01 -1.297434711456298828e+01
2.852235794067382812e+01 -1.297434711456298828e+01
2.852235794067382812e+01 -1.297434711456298828e+01
2.852235794067382812e+01 -1.297434711456298828e+01
2.852235794067382812e+01 -1.297434711456298828e+01
2.853379821777343750e+01 -1.198278617858886719e+01
2.853379821777343750e+01 -1.198278617858886719e+01
2.853379821777343750e+01 -1.198278617858886719e+01
2.853379821777343750e+01 -1.198278617858886719e+01
2.853379821777343750e+01 -1.198278617858886719e+01
2.853379821777343750e+01 -1.198278617858886719e+01
2.853379821777343750e+01 -1.198278617858886719e+01
2.851000595092773438e+01 -1.100681304931640625e+01
2.851000595092773438e+01 -1.100681304931640625e+01
2.851000595092773438e+01 -1.100681304931640625e+01
2.851000595092773438e+01 -1.100681304931640625e+01
2.851000595092773438e+01 -1.100681304931640625e+01
2.851000595092773438e+01 -1.100681304931640625e+01
2.851000595092773438e+01 -1.100681304931640625e+01
2.847310066223144531e+01 -9.987877845764160156e+00
2.847310066223144531e+01 -9.987877845764160156e+00
2.847310066223144531e+01 -9.987877845764160156e+00
2.847310066223144531e+01 -9.987877845764160156e+00
2.847310066223144531e+01 -9.987877845764160156e+00
2.847310066223144531e+01 -9.987877845764160156e+00
2.847310066223144531e+01 -9.987877845764160156e+00
2.847138595581054688e+01 -9.015250205993652344e+00
2.847138595581054688e+01 -9.015250205993652344e+00
2.847138595581054688e+01 -9.015250205993652344e+00
2.847138595581054688e+01 -9.015250205993652344e+00
2.847138595581054688e+01 -9.015250205993652344e+00
2.847138595581054688e+01 -9.015250205993652344e+00
2.847138595581054688e+01 -9.015250205993652344e+00
2.852835845947265625e+01 -8.013586997985839844e+00
2.852835845947265625e+01 -8.013586997985839844e+00
2.852835845947265625e+01 -8.013586997985839844e+00
2.852835845947265625e+01 -8.013586997985839844e+00
2.852835845947265625e+01 -8.013586997985839844e+00
2.852835845947265625e+01 -8.013586997985839844e+00
2.852835845947265625e+01 -8.013586997985839844e+00
2.847292137145996094e+01 -7.009429931640625000e+00
2.847292137145996094e+01 -7.009429931640625000e+00
2.847292137145996094e+01 -7.009429931640625000e+00
2.847292137145996094e+01 -7.009429931640625000e+00
2.847292137145996094e+01 -7.009429931640625000e+00
2.847292137145996094e+01 -7.009429931640625000e+00
2.847292137145996094e+01 -7.009429931640625000e+00
2.847093963623046875e+01 -5.973824024200439453e+00
2.847093963623046875e+01 -5.973824024200439453e+00
2.847093963623046875e+01 -5.973824024200439453e+00
2.847093963623046875e+01 -5.973824024200439453e+00
2.847093963623046875e+01 -5.973824024200439453e+00
2.847093963623046875e+01 -5.973824024200439453e+00
2.847093963623046875e+01 -5.973824024200439453e+00
2.849568748474121094e+01 -5.029686927795410156e+00
2.849568748474121094e+01 -5.029686927795410156e+00
2.849568748474121094e+01 -5.029686927795410156e+00
2.849568748474121094e+01 -5.029686927795410156e+00
2.849568748474121094e+01 -5.029686927795410156e+00
2.849568748474121094e+01 -5.029686927795410156e+00
2.849568748474121094e+01 -5.029686927795410156e+00
2.850620460510253906e+01 -3.970777034759521484e+00
2.850620460510253906e+01 -3.970777034759521484e+00
2.850620460510253906e+01 -3.970777034759521484e+00
2.850620460510253906e+01 -3.970777034759521484e+00
2.850620460510253906e+01 -3.970777034759521484e+00
2.850620460510253906e+01 -3.970777034759521484e+00
2.850620460510253906e+01 -3.970777034759521484e+00
2.847039413452148438e+01 -2.987335205078125000e+00
2.847039413452148438e+01 -2.987335205078125000e+00
2.847039413452148438e+01 -2.987335205078125000e+00
2.847039413452148438e+01 -2.987335205078125000e+00
2.847039413452148438e+01 -2.987335205078125000e+00
2.847039413452148438e+01 -2.987335205078125000e+00
2.847039413452148438e+01 -2.987335205078125000e+00
2.847802925109863281e+01 -2.016352653503417969e+00
2.847802925109863281e+01 -2.016352653503417969e+00
2.847802925109863281e+01 -2.016352653503417969e+00
2.847802925109863281e+01 -2.016352653503417969e+00
2.847802925109863281e+01 -2.016352653503417969e+00
2.847802925109863281e+01 -2.016352653503417969e+00
2.847802925109863281e+01 -2.016352653503417969e+00
2.853210449218750000e+01 -9.913772344589233398e-01
2.853210449218750000e+01 -9.913772344589233398e-01
2.853210449218750000e+01 -9.913772344589233398e-01
2.853210449218750000e+01 -9.913772344589233398e-01
2.853210449218750000e+01 -9.913772344589233398e-01
2.853210449218750000e+01 -9.913772344589233398e-01
2.853210449218750000e+01 -9.913772344589233398e-01
2.847193717956542969e+01 -2.981575392186641693e-02
2.847193717956542969e+01 -2.981575392186641693e-02
2.847193717956542969e+01 -2.981575392186641693e-02
2.847193717956542969e+01 -2.981575392186641693e-02
2.847193717956542969e+01 -2.981575392186641693e-02
2.847193717956542969e+01 -2.981575392186641693e-02
2.847193717956542969e+01 -2.981575392186641693e-02
2.853210449218750000e+01 9.913772344589233398e-01
2.853210449218750000e+01 9.913772344589233398e-01
2.853210449218750000e+01 9.913772344589233398e-01
2.853210449218750000e+01 9.913772344589233398e-01
2.853210449218750000e+01 9.913772344589233398e-01
2.853210449218750000e+01 9.913772344589233398e-01
2.853210449218750000e+01 9.913772344589233398e-01
2.847802925109863281e+01 2.016352653503417969e+00
2.847802925109863281e+01 2.016352653503417969e+00
2.847802925109863281e+01 2.016352653503417969e+00
2.847802925109863281e+01 2.016352653503417969e+00
2.847802925109863281e+01 2.016352653503417969e+00
2.847802925109863281e+01 2.016352653503417969e+00
2.847802925109863281e+01 2.016352653503417969e+00
2.847039413452148438e+01 2.987335205078125000e+00
2.847039413452148438e+01 2.987335205078125000e+00
2.847039413452148438e+01 2.987335205078125000e+00
2.847039413452148438e+01 2.987335205078125000e+00
2.847039413452148438e+01 2.987335205078125000e+00
2.847039413452148438e+01 2.987335205078125000e+00
2.847039413452148438e+01 2.987335205078125000e+00
2.850620460510253906e+01 3.970777034759521484e+00
2.850620460510253906e+01 3.970777034759521484e+00
2.850620460510253906e+01 3.970777034759521484e+00
2.850620460510253906e+01 3.970777034759521484e+00
2.850620460510253906e+01 3.970777034759521484e+00
2.850620460510253906e+01 3.970777034759521484e+00
2.850620460510253906e+01 3.970777034759521484e+00
2.849568748474121094e+01 5.029686927795410156e+00
2.849568748474121094e+01 5.029686927795410156e+00
2.849568748474121094e+01 5.029686927795410156e+00
2.849568748474121094e+01 5.029686927795410156e+00
2.849568748474121094e+01 5.029686927795410156e+00
2.849568748474121094e+01 5.029686927795410156e+00
2.849568748474121094e+01 5.029686927795410156e+00
2.847093963623046875e+01 5.973824024200439453e+00
2.847093963623046875e+01 5.973824024200439453e+00
2.847093963623046875e+01 5.973824024200439453e+00
2.847093963623046875e+01 5.973824024200439453e+00
2.847093963623046875e+01 5.973824024200439453e+00
2.847093963623046875e+01 5.973824024200439453e+00
2.847093963623046875e+01 5.973824024200439453e+00
2.847292137145996094e+01 7.009429931640625000e+00
2.847292137145996094e+01 7.009429931640625000e+00
2.847292137145996094e+01 7.009429931640625000e+00
2.847292137145996094e+01 7.009429931640625000e+00
2.847292137145996094e+01 7.009429931640625000e+00
2.847292137145996094e+01 7.009429931640625000e+00
2.847292137145996094e+01 7.009429931640625000e+00
2.852835845947265625e+01 8.013586997985839844e+00
2.852835845947265625e+01 8.013586997985839844e+00
2.852835845947265625e+01 8.013586997985839844e+00
2.852835845947265625e+01 8.013586997985839844e+00
2.852835845947265625e+01 8.013586997985839844e+00
2.852835845947265625e+01 8.013586997985839844e+00
2.852835845947265625e+01 8.013586997985839844e+00
2.847138595581054688e+01 9.015250205993652344e+00
2.847138595581054688e+01 9.015250205993652344e+00
2.847138595581054688e+01 9.015250205993652344e+00
2.847138595581054688e+01 9.015250205993652344e+00
2.847138595581054688e+01 9.015250205993652344e+00
2.847138595581054688e+01 9.015250205993652344e+00
2.847138595581054688e+01 9.015250205993652344e+00
2.847310066223144531e+01 9.987877845764160156e+00
2.847310066223144531e+01 9.987877845764160156e+00
2.847310066223144531e+01 9.987877845764160156e+00
2.847310066223144531e+01 9.987877845764160156e+00
2.847310066223144531e+01 9.987877845764160156e+00
2.847310066223144531e+01 9.987877845764160156e+00
2.847310066223144531e+01 9.987877845764160156e+00
2.851000595092773438e+01 1.100681304931640625e+01
2.851000595092773438e+01 1.100681304931640625e+01
2.851000595092773438e+01 1.100681304931640625e+01
2.851000595092773438e+01 1.100681304931640625e+01
2.851000595092773438e+01 1.100681304931640625e+01
2.851000595092773438e+01 1.100681304931640625e+01
2.851000595092773438e+01 1.100681304931640625e+01
2.853379821777343750e+01 1.198278617858886719e+01
2.853379821777343750e+01 1.198278617858886719e+01
2.853379821777343750e+01 1.198278617858886719e+01
2.853379821777343750e+01 1.198278617858886719e+01
2.853379821777343750e+01 1.198278617858886719e+01
2.853379821777343750e+01 1.198278617858886719e+01
2.853379821777343750e+01 1.198278617858886719e+01
2.852235794067382812e+01 1.297434711456298828e+01
2.852235794067382812e+01 1.297434711456298828e+01
2.852235794067382812e+01 1.297434711456298828e+01
2.852235794067382812e+01 1.297434711456298828e+01
2.852235794067382812e+01 1.297434711456298828e+01
2.852235794067382812e+01 1.297434711456298828e+01
2.852235794067382812e+01 1.297434711456298828e+01
2.846968460083007812e+01 1.399030971527099609e+01
2.846968460083007812e+01 1.399030971527099609e+01
2.846968460083007812e+01 1.399030971527099609e+01
2.846968460083007812e+01 1.399030971527099609e+01
2.846968460083007812e+01 1.399030971527099609e+01
2.846968460083007812e+01 1.399030971527099609e+01
2.846968460083007812e+01 1.399030971527099609e+01
2.848131942749023438e+01 1.499109458923339844e+01
2.848131942749023438e+01 1.499109458923339844e+01
2.848131942749023438e+01 1.499109458923339844e+01
2.848131942749023438e+01 1.499109458923339844e+01
2.848131942749023438e+01 1.499109458923339844e+01
2.848131942749023438e+01 1.499109458923339844e+01
2.848131942749023438e+01 1.499109458923339844e+01
2.845343589782714844e+01 1.601306343078613281e+01
2.845343589782714844e+01 1.601306343078613281e+01
2.845343589782714844e+01 1.601306343078613281e+01
2.845343589782714844e+01 1.601306343078613281e+01
2.845343589782714844e+01 1.601306343078613281e+01
2.845343589782714844e+01 1.601306343078613281e+01
2.845343589782714844e+01 1.601306343078613281e+01
2.849234580993652344e+01 1.702531242370605469e+01
2.849234580993652344e+01 1.702531242370605469e+01
2.849234580993652344e+01 1.702531242370605469e+01
2.849234580993652344e+01 1.702531242370605469e+01
2.849234580993652344e+01 1.702531242370605469e+01
2.849234580993652344e+01 1.702531242370605469e+01
2.849234580993652344e+01 1.702531242370605469e+01
2.854155921936035156e+01 1.798053741455078125e+01
2.854155921936035156e+01 1.798053741455078125e+01
2.854155921936035156e+01 1.798053741455078125e+01
2.854155921936035156e+01 1.798053741455078125e+01
2.854155921936035156e+01 1.798053741455078125e+01
2.854155921936035156e+01 1.798053741455078125e+01
2.854155921936035156e+01 1.798053741455078125e+01
2.849833869934082031e+01 1.904198074340820312e+01
2.849833869934082031e+01 1.904198074340820312e+01
2.849833869934082031e+01 1.904198074340820312e+01
2.849833869934082031e+01 1.904198074340820312e+01
2.849833869934082031e+01 1.904198074340820312e+01
2.849833869934082031e+01 1.904198074340820312e+01
2.849833869934082031e+01 1.904198074340820312e+01
2.851980018615722656e+01 1.996977996826171875e+01
2.851980018615722656e+01 1.996977996826171875e+01
2.851980018615722656e+01 1.996977996826171875e+01
2.851980018615722656e+01 1.996977996826171875e+01
2.851980018615722656e+01 1.996977996826171875e+01
2.851980018615722656e+01 1.996977996826171875e+01
2.851980018615722656e+01 1.996977996826171875e+01
2.966059303283691406e+01 -2.076856994628906250e+01
2.966059303283691406e+01 -2.076856994628906250e+01
2.966059303283691406e+01 -2.076856994628906250e+01
2.966059303283691406e+01 -2.076856994628906250e+01
2.966059303283691406e+01 -2.076856994628906250e+01
2.966059303283691406e+01 -2.076856994628906250e+01
2.966059303283691406e+01 -2.076856994628906250e+01
2.949624061584472656e+01 -2.005315208435058594e+01
2.949624061584472656e+01 -2.005315208435058594e+01
2.949624061584472656e+01 -2.005315208435058594e+01
2.949624061584472656e+01 -2.005315208435058594e+01
2.949624061584472656e+01 -2.005315208435058594e+01
2.949624061584472656e+01 -2.005315208435058594e+01
2.949624061584472656e+01 -2.005315208435058594e+01
2.951886749267578125e+01 -1.903819847106933594e+01
2.951886749267578125e+01 -1.903819847106933594e+01
2.951886749267578125e+01 -1.903819847106933594e+01
2.951886749267578125e+01 -1.903819847106933594e+01
2.951886749267578125e+01 -1.903819847106933594e+01
2.951886749267578125e+01 -1.903819847106933594e+01
2.951886749267578125e+01 -1.903819847106933594e+01
2.950043487548828125e+01 -1.804957199096679688e+01
2.950043487548828125e+01 -1.804957199096679688e+01
2.950043487548828125e+01 -1.804957199096679688e+01
2.950043487548828125e+01 -1.804957199096679688e+01
2.950043487548828125e+01 -1.804957199096679688e+01
2.950043487548828125e+01 -1.804957199096679688e+01
2.950043487548828125e+01 -1.804957199096679688e+01
2.949359130859375000e+01 -1.700069046020507812e+01
2.949359130859375000e+01 -1.700069046020507812e+01
2.949359130859375000e+01 -1.700069046020507812e+01
2.949359130859375000e+01 -1.700069046020507812e+01
2.949359130859375000e+01 -1.700069046020507812e+01
2.949359130859375000e+01 -1.700069046020507812e+01
2.949359130859375000e+01 -1.700069046020507812e+01
2.951201248168945312e+01 -1.601704597473144531e+01
2.951201248168945312e+01 -1.601704597473144531e+01
2.951201248168945312e+01 -1.601704597473144531e+01
2.951201248168945312e+01 -1.601704597473144531e+01
2.951201248168945312e+01 -1.601704597473144531e+01
2.951201248168945312e+01 -1.601704597473144531e+01
2.951201248168945312e+01 -1.601704597473144531e+01
2.953370475769042969e+01 -1.497682285308837891e+01
2.953370475769042969e+01 -1.497682285308837891e+01
2.953370475769042969e+01 -1.497682285308837891e+01
2.953370475769042969e+01 -1.497682285308837891e+01
2.953370475769042969e+01 -1.497682285308837891e+01
2.953370475769042969e+01 -1.497682285308837891e+01
2.953370475769042969e+01 -1.497682285308837891e+01
2.947912788391113281e+01 -1.403556919097900391e+01
2.947912788391113281e+01 -1.403556919097900391e+01
2.947912788391113281e+01 -1.403556919097900391e+01
2.947912788391113281e+01 -1.403556919097900391e+01
2.947912788391113281e+01 -1.403556919097900391e+01
2.947912788391113281e+01 -1.403556919097900391e+01
2.947912788391113281e+01 -1.403556919097900391e+01
2.952847671508789062e+01 -1.299899291992187500e+01
2.952847671508789062e+01 -1.299899291992187500e+01
2.952847671508789062e+01 -1.299899291992187500e+01
2.952847671508789062e+01 -1.299899291992187500e+01
2.952847671508789062e+01 -1.299899291992187500e+01
2.952847671508789062e+01 -1.299899291992187500e+01
2.952847671508789062e+01 -1.299899291992187500e+01
2.953840446472167969e+01 -1.198229312896728516e+01
2.953840446472167969e+01 -1.198229312896728516e+01
2.953840446472167969e+01 -1.198229312896728516e+01
2.953840446472167969e+01 -1.198229312896728516e+01
2.953840446472167969e+01 -1.198229312896728516e+01
2.953840446472167969e+01 -1.198229312896728516e+01
2.953840446472167969e+01 -1.198229312896728516e+01
2.950866127014160156e+01 -1.099176311492919922e+01
2.950866127014160156e+01 -1.099176311492919922e+01
2.950866127014160156e+01 -1.099176311492919922e+01
2.950866127014160156e+01 -1.099176311492919922e+01
2.950866127014160156e+01 -1.099176311492919922e+01
2.950866127014160156e+01 -1.099176311492919922e+01
2.950866127014160156e+01 -1.099176311492919922e+01
2.951816749572753906e+01 -1.004305553436279297e+01
2.951816749572753906e+01 -1.004305553436279297e+01
2.951816749572753906e+01 -1.004305553436279297e+01
2.951816749572753906e+01 -1.004305553436279297e+01
2.951816749572753906e+01 -1.004305553436279297e+01
2.951816749572753906e+01 -1.004305553436279297e+01
2.951816749572753906e+01 -1.004305553436279297e+01
2.951678657531738281e+01 -9.041089057922363281e+00
2.951678657531738281e+01 -9.041089057922363281e+00
2.951678657531738281e+01 -9.041089057922363281e+00
2.951678657531738281e+01 -9.041089057922363281e+00
2.951678657531738281e+01 -9.041089057922363281e+00
2.951678657531738281e+01 -9.041089057922363281e+00
2.951678657531738281e+01 -9.041089057922363281e+00
2.949738693237304688e+01 -7.992153644561767578e+00
2.949738693237304688e+01 -7.992153644561767578e+00
2.949738693237304688e+01 -7.992153644561767578e+00
2.949738693237304688e+01 -7.992153644561767578e+00
2.949738693237304688e+01 -7.992153644561767578e+00
2.949738693237304688e+01 -7.992153644561767578e+00
2.949738693237304688e+01 -7.992153644561767578e+00
2.951536750793457031e+01 -6.977137088775634766e+00
2.951536750793457031e+01 -6.977137088775634766e+00
2.951536750793457031e+01 -6.977137088775634766e+00
2.951536750793457031e+01 -6.977137088775634766e+00
2.951536750793457031e+01 -6.977137088775634766e+00
2.951536750793457031e+01 -6.977137088775634766e+00
2.951536750793457031e+01 -6.977137088775634766e+00
2.949773597717285156e+01 -5.974579811096191406e+00
2.949773597717285156e+01 -5.974579811096191406e+00
2.949773597717285156e+01 -5.974579811096191406e+00
2.949773597717285156e+01 -5.974579811096191406e+00
2.949773597717285156e+01 -5.974579811096191406e+00
2.949773597717285156e+01 -5.974579811096191406e+00
2.949773597717285156e+01 -5.974579811096191406e+00
2.952092170715332031e+01 -5.003690242767333984e+00
2.952092170715332031e+01 -5.003690242767333984e+00
2.952092170715332031e+01 -5.003690242767333984e+00
2.952092170715332031e+01 -5.003690242767333984e+00
2.952092170715332031e+01 -5.003690242767333984e+00
2.952092170715332031e+01 -5.003690242767333984e+00
2.952092170715332031e+01 -5.003690242767333984e+00
2.952073478698730469e+01 -3.975621461868286133e+00
2.952073478698730469e+01 -3.975621461868286133e+00
2.952073478698730469e+01 -3.975621461868286133e+00
2.952073478698730469e+01 -3.975621461868286133e+00
2.952073478698730469e+01 -3.975621461868286133e+00
2.952073478698730469e+01 -3.975621461868286133e+00
2.952073478698730469e+01 -3.975621461868286133e+00
2.947764587402343750e+01 -3.025420904159545898e+00
2.947764587402343750e+01 -3.025420904159545898e+00
2.947764587402343750e+01 -3.025420904159545898e+00
2.947764587402343750e+01 -3.025420904159545898e+00
2.947764587402343750e+01 -3.025420904159545898e+00
2.947764587402343750e+01 -3.025420904159545898e+00
2.947764587402343750e+01 -3.025420904159545898e+00
2.948598098754882812e+01 -2.020493030548095703e+00
2.948598098754882812e+01 -2.020493030548095703e+00
2.948598098754882812e+01 -2.020493030548095703e+00
2.948598098754882812e+01 -2.020493030548095703e+00
2.948598098754882812e+01 -2.020493030548095703e+00
2.948598098754882812e+01 -2.020493030548095703e+00
2.948598098754882812e+01 -2.020493030548095703e+00
2.953730201721191406e+01 -1.026303768157958984e+00
2.953730201721191406e+01 -1.026303768157958984e+00
2.953730201721191406e+01 -1.026303768157958984e+00
2.953730201721191406e+01 -1.026303768157958984e+00
2.953730201721191406e+01 -1.026303768157958984e+00
2.953730201721191406e+01 -1.026303768157958984e+00
2.953730201721191406e+01 -1.026303768157958984e+00
2.947773933410644531e+01 -3.086902946233749390e-02
2.947773933410644531e+01 -3.086902946233749390e-02
2.947773933410644531e+01 -3.086902946233749390e-02
2.947773933410644531e+01 -3.086902946233749390e-02
2.947773933410644531e+01 -3.086902946233749390e-02
2.947773933410644531e+01 -3.086902946233749390e-02
2.947773933410644531e+01 -3.086902946233749390e-02
2.953730201721191406e+01 1.026303768157958984e+00
2.953730201721191406e+01 1.026303768157958984e+00
2.953730201721191406e+01 1.026303768157958984e+00
2.953730201721191406e+01 1.026303768157958984e+00
2.953730201721191406e+01 1.026303768157958984e+00
2.953730201721191406e+01 1.026303768157958984e+00
2.953730201721191406e+01 1.026303768157958984e+00
2.948598098754882812e+01 2.020493030548095703e+00
2.948598098754882812e+01 2.020493030548095703e+00
2.948598098754882812e+01 2.020493030548095703e+00
2.948598098754882812e+01 2.020493030548095703e+00
2.948598098754882812e+01 2.020493030548095703e+00
2.948598098754882812e+01 2.020493030548095703e+00
2.948598098754882812e+01 2.020493030548095703e+00
2.947764587402343750e+01 3.025420904159545898e+00
2.947764587402343750e+01 3.025420904159545898e+00
2.947764587402343750e+01 3.025420904159545898e+00
2.947764587402343750e+01 3.025420904159545898e+00
2.947764587402343750e+01 3.025420904159545898e+00
2.947764587402343750e+01 3.025420904159545898e+00
2.947764587402343750e+01 3.025420904159545898e+00
2.952073478698730469e+01 3.975621461868286133e+00
2.952073478698730469e+01 3.975621461868286133e+00
2.952073478698730469e+01 3.975621461868286133e+00
2.952073478698730469e+01 3.975621461868286133e+00
2.952073478698730469e+01 3.975621461868286133e+00
2.952073478698730469e+01 3.975621461868286133e+00
2.952073478698730469e+01 3.975621461868286133e+00
2.952092170715332031e+01 5.003690242767333984e+00
2.952092170715332031e+01 5.003690242767333984e+00
2.952092170715332031e+01 5.003690242767333984e+00
2.952092170715332031e+01 5.003690242767333984e+00
2.952092170715332031e+01 5.003690242767333984e+00
2.952092170715332031e+01 5.003690242767333984e+00
2.952092170715332031e+01 5.003690242767333984e+00
2.949773597717285156e+01 5.974579811096191406e+00
2.949773597717285156e+01 5.974579811096191406e+00
2.949773597717285156e+01 5.974579811096191406e+00
2.949773597717285156e+01 5.974579811096191406e+00
2.949773597717285156e+01 5.974579811096191406e+00
2.949773597717285156e+01 5.974579811096191406e+00
2.949773597717285156e+01 5.974579811096191406e+00
2.951536750793457031e+01 6.977137088775634766e+00
2.951536750793457031e+01 6.977137088775634766e+00
2.951536750793457031e+01 6.977137088775634766e+00
2.951536750793457031e+01 6.977137088775634766e+00
2.951536750793457031e+01 6.977137088775634766e+00
2.951536750793457031e+01 6.977137088775634766e+00
2.951536750793457031e+01 6.977137088775634766e+00
2.949738693237304688e+01 7.992153644561767578e+00
2.949738693237304688e+01 7.992153644561767578e+00
2.949738693237304688e+01 7.992153644561767578e+00
2.949738693237304688e+01 7.992153644561767578e+00
2.949738693237304688e+01 7.992153644561767578e+00
2.949738693237304688e+01 7.992153644561767578e+00
2.949738693237304688e+01 7.992153644561767578e+00
2.951678657531738281e+01 9.041089057922363281e+00
2.951678657531738281e+01 9.041089057922363281e+00
2.951678657531738281e+01 9.041089057922363281e+00
2.951678657531738281e+01 9.041089057922363281e+00
2.951678657531738281e+01 9.041089057922363281e+00
2.951678657531738281e+01 9.041089057922363281e+00
2.951678657531738281e+01 9.041089057922363281e+00
2.951816749572753906e+01 1.004305553436279297e+01
2.951816749572753906e+01 1.004305553436279297e+01
2.951816749572753906e+01 1.004305553436279297e+01
2.951816749572753906e+01 1.004305553436279297e+01
2.951816749572753906e+01 1.004305553436279297e+01
2.951816749572753906e+01 1.004305553436279297e+01
2.951816749572753906e+01 1.004305553436279297e+01
2.950866127014160156e+01 1.099176311492919922e+01
2.950866127014160156e+01 1.099176311492919922e+01
2.950866127014160156e+01 1.099176311492919922e+01
2.950866127014160156e+01 1.099176311492919922e+01
2.950866127014160156e+01 1.099176311492919922e+01
2.950866127014160156e+01 1.099176311492919922e+01
2.950866127014160156e+01 1.099176311492919922e+01
2.953840446472167969e+01 1.198229312896728516e+01
2.953840446472167969e+01 1.198229312896728516e+01
2.953840446472167969e+01 1.198229312896728516e+01
2.953840446472167969e+01 1.198229312896728516e+01
2.953840446472167969e+01 1.198229312896728516e+01
2.953840446472167969e+01 1.198229312896728516e+01
2.953840446472167969e+01 1.198229312896728516e+01
2.952847671508789062e+01 1.299899291992187500e+01
2.952847671508789062e+01 1.299899291992187500e+01
2.952847671508789062e+01 1.299899291992187500e+01
2.952847671508789062e+01 1.299899291992187500e+01
2.952847671508789062e+01 1.299899291992187500e+01
2.952847671508789062e+01 1.299899291992187500e+01
2.952847671508789062e+01 1.299899291992187500e+01
2.947912788391113281e+01 1.403556919097900391e+01
2.947912788391113281e+01 1.403556919097900391e+01
2.947912788391113281e+01 1.403556919097900391e+01
2.947912788391113281e+01 1.403556919097900391e+01
2.947912788391113281e+01 1.403556919097900391e+01
2.947912788391113281e+01 1.403556919097900391e+01
2.947912788391113281e+01 1.403556919097900391e+01
2.953370475769042969e+01 1.497682285308837891e+01
2.953370475769042969e+01 1.497682285308837891e+01
2.953370475769042969e+01 1.497682285308837891e+01
2.953370475769042969e+01 1.497682285308837891e+01
2.953370475769042969e+01 1.497682285308837891e+01
2.953370475769042969e+01 1.497682285308837891e+01
2.953370475769042969e+01 1.497682285308837891e+01
2.951201248168945312e+01 1.601704597473144531e+01
2.951201248168945312e+01 1.601704597473144531e+01
2.951201248168945312e+01 1.601704597473144531e+01
2.951201248168945312e+01 1.601704597473144531e+01
2.951201248168945312e+01 1.601704597473144531e+01
2.951201248168945312e+01 1.601704597473144531e+01
2.951201248168945312e+01 1.601704597473144531e+01
2.949359130859375000e+01 1.700069046020507812e+01
2.949359130859375000e+01 1.700069046020507812e+01
2.949359130859375000e+01 1.700069046020507812e+01
2.949359130859375000e+01 1.700069046020507812e+01
2.949359130859375000e+01 1.700069046020507812e+01
2.949359130859375000e+01 1.700069046020507812e+01
2.949359130859375000e+01 1.700069046020507812e+01
2.950043487548828125e+01 1.804957199096679688e+01
2.950043487548828125e+01 1.804957199096679688e+01
2.950043487548828125e+01 1.804957199096679688e+01
2.950043487548828125e+01 1.804957199096679688e+01
2.950043487548828125e+01 1.804957199096679688e+01
2.950043487548828125e+01 1.804957199096679688e+01
2.950043487548828125e+01 1.804957199096679688e+01
2.951886749267578125e+01 1.903819847106933594e+01
2.951886749267578125e+01 1.903819847106933594e+01
2.951886749267578125e+01 1.903819847106933594e+01
2.951886749267578125e+01 1.903819847106933594e+01
2.951886749267578125e+01 1.903819847106933594e+01
2.951886749267578125e+01 1.903819847106933594e+01
2.951886749267578125e+01 1.903819847106933594e+01
2.949624061584472656e+01 2.005315208435058594e+01
2.949624061584472656e+01 2.005315208435058594e+01
2.949624061584472656e+01 2.005315208435058594e+01
2.949624061584472656e+01 2.005315208435058594e+01
2.949624061584472656e+01 2.005315208435058594e+01
2.949624061584472656e+01 2.005315208435058594e+01
2.949624061584472656e+01 2.005315208435058594e+01
2.966059303283691406e+01 2.076856994628906250e+01
2.966059303283691406e+01 2.076856994628906250e+01
2.966059303283691406e+01 2.076856994628906250e+01
2.966059303283691406e+01 2.076856994628906250e+01
2.966059303283691406e+01 2.076856994628906250e+01
2.966059303283691406e+01 2.076856994628906250e+01
2.966059303283691406e+01 2.076856994628906250e+01
3.053108978271484375e+01 -2.100698280334472656e+01
3.053108978271484375e+01 -2.100698280334472656e+01
3.053108978271484375e+01 -2.100698280334472656e+01
3.053108978271484375e+01 -2.100698280334472656e+01
3.053108978271484375e+01 -2.100698280334472656e+01
3.053108978271484375e+01 -2.100698280334472656e+01
3.053108978271484375e+01 -2.100698280334472656e+01
3.046115303039550781e+01 -2.000162696838378906e+01
3.046115303039550781e+01 -2.000162696838378906e+01
3.046115303039550781e+01 -2.000162696838378906e+01
3.046115303039550781e+01 -2.000162696838378906e+01
3.046115303039550781e+01 -2.000162696838378906e+01
3.046115303039550781e+01 -2.000162696838378906e+01
3.046115303039550781e+01 -2.000162696838378906e+01
3.047427940368652344e+01 -1.897594833374023438e+01
3.047427940368652344e+01 -1.897594833374023438e+01
3.047427940368652344e+01 -1.897594833374023438e+01
3.047427940368652344e+01 -1.897594833374023438e+01
3.047427940368652344e+01 -1.897594833374023438e+01
3.047427940368652344e+01 -1.897594833374023438e+01
3.047427940368652344e+01 -1.897594833374023438e+01
3.051315307617187500e+01 -1.801668739318847656e+01
3.051315307617187500e+01 -1.801668739318847656e+01
3.051315307617187500e+01 -1.801668739318847656e+01
3.051315307617187500e+01 -1.801668739318847656e+01
3.051315307617187500e+01 -1.801668739318847656e+01
3.051315307617187500e+01 -1.801668739318847656e+01
3.051315307617187500e+01 -1.801668739318847656e+01
3.049795532226562500e+01 -1.695403480529785156e+01
3.049795532226562500e+01 -1.695403480529785156e+01
3.049795532226562500e+01 -1.695403480529785156e+01
3.049795532226562500e+01 -1.695403480529785156e+01
3.049795532226562500e+01 -1.695403480529785156e+01
3.049795532226562500e+01 -1.695403480529785156e+01
3.049795532226562500e+01 -1.695403480529785156e+01
3.050867271423339844e+01 -1.595632934570312500e+01
3.050867271423339844e+01 -1.595632934570312500e+01
3.050867271423339844e+01 -1.595632934570312500e+01
3.050867271423339844e+01 -1.595632934570312500e+01
3.050867271423339844e+01 -1.595632934570312500e+01
3.050867271423339844e+01 -1.595632934570312500e+01
3.050867271423339844e+01 -1.595632934570312500e+01
3.048339271545410156e+01 -1.497986793518066406e+01
3.048339271545410156e+01 -1.497986793518066406e+01
3.048339271545410156e+01 -1.497986793518066406e+01
3.048339271545410156e+01 -1.497986793518066406e+01
3.048339271545410156e+01 -1.497986793518066406e+01
3.048339271545410156e+01 -1.497986793518066406e+01
3.048339271545410156e+01 -1.497986793518066406e+01
3.053063583374023438e+01 -1.397801685333251953e+01
3.053063583374023438e+01 -1.397801685333251953e+01
3.053063583374023438e+01 -1.397801685333251953e+01
3.053063583374023438e+01 -1.397801685333251953e+01
3.053063583374023438e+01 -1.397801685333251953e+01
3.053063583374023438e+01 -1.397801685333251953e+01
3.053063583374023438e+01 -1.397801685333251953e+01
3.053932952880859375e+01 -1.300093555450439453e+01
3.053932952880859375e+01 -1.300093555450439453e+01
3.053932952880859375e+01 -1.300093555450439453e+01
3.053932952880859375e+01 -1.300093555450439453e+01
3.053932952880859375e+01 -1.300093555450439453e+01
3.053932952880859375e+01 -1.300093555450439453e+01
3.053932952880859375e+01 -1.300093555450439453e+01
3.051571655273437500e+01 -1.203892135620117188e+01
3.051571655273437500e+01 -1.203892135620117188e+01
3.051571655273437500e+01 -1.203892135620117188e+01
3.051571655273437500e+01 -1.203892135620117188e+01
3.051571655273437500e+01 -1.203892135620117188e+01
3.051571655273437500e+01 -1.203892135620117188e+01
3.051571655273437500e+01 -1.203892135620117188e+01
3.048591804504394531e+01 -1.102371311187744141e+01
3.048591804504394531e+01 -1.102371311187744141e+01
3.048591804504394531e+01 -1.102371311187744141e+01
3.048591804504394531e+01 -1.102371311187744141e+01
3.048591804504394531e+01 -1.102371311187744141e+01
3.048591804504394531e+01 -1.102371311187744141e+01
3.048591804504394531e+01 -1.102371311187744141e+01
3.051771926879882812e+01 -9.980624198913574219e+00
3.051771926879882812e+01 -9.980624198913574219e+00
3.051771926879882812e+01 -9.980624198913574219e+00
3.051771926879882812e+01 -9.980624198913574219e+00
3.051771926879882812e+01 -9.980624198913574219e+00
3.051771926879882812e+01 -9.980624198913574219e+00
3.051771926879882812e+01 -9.980624198913574219e+00
3.049093055725097656e+01 -9.026037216186523438e+00
3.049093055725097656e+01 -9.026037216186523438e+00
3.049093055725097656e+01 -9.026037216186523438e+00
3.049093055725097656e+01 -9.026037216186523438e+00
3.049093055725097656e+01 -9.026037216186523438e+00
3.049093055725097656e+01 -9.026037216186523438e+00
3.049093055725097656e+01 -9.026037216186523438e+00
3.052507591247558594e+01 -8.042279243469238281e+00
3.052507591247558594e+01 -8.042279243469238281e+00
3.052507591247558594e+01 -8.042279243469238281e+00
3.052507591247558594e+01 -8.042279243469238281e+00
3.052507591247558594e+01 -8.042279243469238281e+00
3.052507591247558594e+01 -8.042279243469238281e+00
3.052507591247558594e+01 -8.042279243469238281e+00
3.046835708618164062e+01 -6.978185653686523438e+00
3.046835708618164062e+01 -6.978185653686523438e+00
3.046835708618164062e+01 -6.978185653686523438e+00
3.046835708618164062e+01 -6.978185653686523438e+00
3.046835708618164062e+01 -6.978185653686523438e+00
3.046835708618164062e+01 -6.978185653686523438e+00
3.046835708618164062e+01 -6.978185653686523438e+00
3.051122665405273438e+01 -6.035851478576660156e+00
3.051122665405273438e+01 -6.035851478576660156e+00
3.051122665405273438e+01 -6.035851478576660156e+00
3.051122665405273438e+01 -6.035851478576660156e+00
3.051122665405273438e+01 -6.035851478576660156e+00
3.051122665405273438e+01 -6.035851478576660156e+00
3.051122665405273438e+01 -6.035851478576660156e+00
3.045939636230468750e+01 -5.020675182342529297e+00
3.045939636230468750e+01 -5.020675182342529297e+00
3.045939636230468750e+01 -5.020675182342529297e+00
3.045939636230468750e+01 -5.020675182342529297e+00
3.045939636230468750e+01 -5.020675182342529297e+00
3.045939636230468750e+01 -5.020675182342529297e+00
3.045939636230468750e+01 -5.020675182342529297e+00
3.053587341308593750e+01 -3.971337080001831055e+00
3.053587341308593750e+01 -3.971337080001831055e+00
3.053587341308593750e+01 -3.971337080001831055e+00
3.053587341308593750e+01 -3.971337080001831055e+00
3.053587341308593750e+01 -3.971337080001831055e+00
3.053587341308593750e+01 -3.971337080001831055e+00
3.053587341308593750e+01 -3.971337080001831055e+00
3.049207305908203125e+01 -2.989773988723754883e+00
3.049207305908203125e+01 -2.989773988723754883e+00
3.049207305908203125e+01 -2.989773988723754883e+00
3.049207305908203125e+01 -2.989773988723754883e+00
3.049207305908203125e+01 -2.989773988723754883e+00
3.049207305908203125e+01 -2.989773988723754883e+00
3.049207305908203125e+01 -2.989773988723754883e+00
3.049409294128417969e+01 -2.020069837570190430e+00
3.049409294128417969e+01 -2.020069837570190430e+00
3.049409294128417969e+01 -2.020069837570190430e+00
3.049409294128417969e+01 -2.020069837570190430e+00
3.049409294128417969e+01 -2.020069837570190430e+00
3.049409294128417969e+01 -2.020069837570190430e+00
3.049409294128417969e+01 -2.020069837570190430e+00
3.046749687194824219e+01 -9.894177317619323730e-01
3.046749687194824219e+01 -9.894177317619323730e-01
3.046749687194824219e+01 -9.894177317619323730e-01
3.046749687194824219e+01 -9.894177317619323730e-01
3.046749687194824219e+01 -9.894177317619323730e-01
3.046749687194824219e+01 -9.894177317619323730e-01
3.046749687194824219e+01 -9.894177317619323730e-01
3.048354148864746094e+01 -3.192230314016342163e-02
3.048354148864746094e+01 -3.192230314016342163e-02
3.048354148864746094e+01 -3.192230314016342163e-02
3.048354148864746094e+01 -3.192230314016342163e-02
3.048354148864746094e+01 -3.192230314016342163e-02
3.048354148864746094e+01 -3.192230314016342163e-02
3.048354148864746094e+01 -3.192230314016342163e-02
3.046749687194824219e+01 9.894177317619323730e-01
3.046749687194824219e+01 9.894177317619323730e-01
3.046749687194824219e+01 9.894177317619323730e-01
3.046749687194824219e+01 9.894177317619323730e-01
3.046749687194824219e+01 9.894177317619323730e-01
3.046749687194824219e+01 9.894177317619323730e-01
3.046749687194824219e+01 9.894177317619323730e-01
3.049409294128417969e+01 2.020069837570190430e+00
3.049409294128417969e+01 2.020069837570190430e+00
3.049409294128417969e+01 2.020069837570190430e+00
3.049409294128417969e+01 2.020069837570190430e+00
3.049409294128417969e+01 2.020069837570190430e+00
3.049409294128417969e+01 2.020069837570190430e+00
3.049409294128417969e+01 2.020069837570190430e+00
3.049207305908203125e+01 2.989773988723754883e+00
3.049207305908203125e+01 2.989773988723754883e+00
3.049207305908203125e+01 2.989773988723754883e+00
3.049207305908203125e+01 2.989773988723754883e+00
3.049207305908203125e+01 2.989773988723754883e+00
3.049207305908203125e+01 2.989773988723754883e+00
3.049207305908203125e+01 2.989773988723754883e+00
3.053587341308593750e+01 3.971337080001831055e+00
3.053587341308593750e+01 3.971337080001831055e+00
3.053587341308593750e+01 3.971337080001831055e+00
3.053587341308593750e+01 3.971337080001831055e+00
3.053587341308593750e+01 3.971337080001831055e+00
3.053587341308593750e+01 3.971337080001831055e+00
3.053587341308593750e+01 3.971337080001831055e+00
3.045939636230468750e+01 5.020675182342529297e+00
3.045939636230468750e+01 5.020675182342529297e+00
3.045939636230468750e+01 5.020675182342529297e+00
3.045939636230468750e+01 5.020675182342529297e+00
3.045939636230468750e+01 5.020675182342529297e+00
3.045939636230468750e+01 5.020675182342529297e+00
3.045939636230468750e+01 5.020675182342529297e+00
3.051122665405273438e+01 6.035851478576660156e+00
3.051122665405273438e+01 6.035851478576660156e+00
3.051122665405273438e+01 6.035851478576660156e+00
3.051122665405273438e+01 6.035851478576660156e+00
3.051122665405273438e+01 6.035851478576660156e+00
3.051122665405273438e+01 6.035851478576660156e+00
3.051122665405273438e+01 6.035851478576660156e+00
3.046835708618164062e+01 6.978185653686523438e+00
3.046835708618164062e+01 6.978185653686523438e+00
3.046835708618164062e+01 6.978185653686523438e+00
3.046835708618164062e+01 6.978185653686523438e+00
3.046835708618164062e+01 6.978185653686523438e+00
3.046835708618164062e+01 6.978185653686523438e+00
3.046835708618164062e+01 6.978185653686523438e+00
3.052507591247558594e+01 8.042279243469238281e+00
3.052507591247558594e+01 8.042279243469238281e+00
3.052507591247558594e+01 8.042279243469238281e+00
3.052507591247558594e+01 8.042279243469238281e+00
3.052507591247558594e+01 8.042279243469238281e+00
3.052507591247558594e+01 8.042279243469238281e+00
3.052507591247558594e+01 8.042279243469238281e+00
3.049093055725097656e+01 9.026037216186523438e+00
3.049093055725097656e+01 9.026037216186523438e+00
3.049093055725097656e+01 9.026037216186523438e+00
3.049093055725097656e+01 9.026037216186523438e+00
3.049093055725097656e+01 9.026037216186523438e+00
3.049093055725097656e+01 9.026037216186523438e+00
3.049093055725097656e+01 9.026037216186523438e+00
3.051771926879882812e+01 9.980624198913574219e+00
3.051771926879882812e+01 9.980624198913574219e+00
3.051771926879882812e+01 9.980624198913574219e+00
3.051771926879882812e+01 9.980624198913574219e+00
3.051771926879882812e+01 9.980624198913574219e+00
3.051771926879882812e+01 9.980624198913574219e+00
3.051771926879882812e+01 9.980624198913574219e+00
3.048591804504394531e+01 1.102371311187744141e+01
3.048591804504394531e+01 1.102371311187744141e+01
3.048591804504394531e+01 1.102371311187744141e+01
3.048591804504394531e+01 1.102371311187744141e+01
3.048591804504394531e+01 1.102371311187744141e+01
3.048591804504394531e+01 1.102371311187744141e+01
3.048591804504394531e+01 1.102371311187744141e+01
3.051571655273437500e+01 1.203892135620117188e+01
3.051571655273437500e+01 1.203892135620117188e+01
3.051571655273437500e+01 1.203892135620117188e+01
3.051571655273437500e+01 1.203892135620117188e+01
3.051571655273437500e+01 1.203892135620117188e+01
3.051571655273437500e+01 1.203892135620117188e+01
3.051571655273437500e+01 1.203892135620117188e+01
3.053932952880859375e+01 1.300093555450439453e+01
3.053932952880859375e+01 1.300093555450439453e+01
3.053932952880859375e+01 1.300093555450439453e+01
3.053932952880859375e+01 1.300093555450439453e+01
3.053932952880859375e+01 1.300093555450439453e+01
3.053932952880859375e+01 1.300093555450439453e+01
3.053932952880859375e+01 1.300093555450439453e+01
3.053063583374023438e+01 1.397801685333251953e+01
3.053063583374023438e+01 1.397801685333251953e+01
3.053063583374023438e+01 1.397801685333251953e+01
3.053063583374023438e+01 1.397801685333251953e+01
3.053063583374023438e+01 1.397801685333251953e+01
3.053063583374023438e+01 1.397801685333251953e+01
3.053063583374023438e+01 1.397801685333251953e+01
3.048339271545410156e+01 1.497986793518066406e+01
3.048339271545410156e+01 1.497986793518066406e+01
3.048339271545410156e+01 1.497986793518066406e+01
3.048339271545410156e+01 1.497986793518066406e+01
3.048339271545410156e+01 1.497986793518066406e+01
3.048339271545410156e+01 1.497986793518066406e+01
3.048339271545410156e+01 1.497986793518066406e+01
3.050867271423339844e+01 1.595632934570312500e+01
3.050867271423339844e+01 1.595632934570312500e+01
3.050867271423339844e+01 1.595632934570312500e+01
3.050867271423339844e+01 1.595632934570312500e+01
3.050867271423339844e+01 1.595632934570312500e+01
3.050867271423339844e+01 1.595632934570312500e+01
3.050867271423339844e+01 1.595632934570312500e+01
3.049795532226562500e+01 1.695403480529785156e+01
3.049795532226562500e+01 1.695403480529785156e+01
3.049795532226562500e+01 1.695403480529785156e+01
3.049795532226562500e+01 1.695403480529785156e+01
3.049795532226562500e+01 1.695403480529785156e+01
3.049795532226562500e+01 1.695403480529785156e+01
3.049795532226562500e+01 1.695403480529785156e+01
3.051315307617187500e+01 1.801668739318847656e+01
3.051315307617187500e+01 1.801668739318847656e+01
3.051315307617187500e+01 1.801668739318847656e+01
3.051315307617187500e+01 1.801668739318847656e+01
3.051315307617187500e+01 1.801668739318847656e+01
3.051315307617187500e+01 1.801668739318847656e+01
3.051315307617187500e+01 1.801668739318847656e+01
3.047427940368652344e+01 1.897594833374023438e+01
3.047427940368652344e+01 1.897594833374023438e+01
3.047427940368652344e+01 1.897594833374023438e+01
3.047427940368652344e+01 1.897594833374023438e+01
3.047427940368652344e+01 1.897594833374023438e+01
3.047427940368652344e+01 1.897594833374023438e+01
3.047427940368652344e+01 1.897594833374023438e+01
3.046115303039550781e+01 2.000162696838378906e+01
3.046115303039550781e+01 2.000162696838378906e+01
3.046115303039550781e+01 2.000162696838378906e+01
3.046115303039550781e+01 2.000162696838378906e+01
3.046115303039550781e+01 2.000162696838378906e+01
3.046115303039550781e+01 2.000162696838378906e+01
3.046115303039550781e+01 2.000162696838378906e+01
3.053108978271484375e+01 2.100698280334472656e+01
3.053108978271484375e+01 2.100698280334472656e+01
3.053108978271484375e+01 2.100698280334472656e+01
3.053108978271484375e+01 2.100698280334472656e+01
3.053108978271484375e+01 2.100698280334472656e+01
3.053108978271484375e+01 2.100698280334472656e+01
3.053108978271484375e+01 2.100698280334472656e+01
3.149853515625000000e+01 -2.205551147460937500e+01
3.149853515625000000e+01 -2.205551147460937500e+01
3.149853515625000000e+01 -2.205551147460937500e+01
3.149853515625000000e+01 -2.205551147460937500e+01
3.149853515625000000e+01 -2.205551147460937500e+01
3.149853515625000000e+01 -2.205551147460937500e+01
3.149853515625000000e+01 -2.205551147460937500e+01
3.145753479003906250e+01 -2.101925277709960938e+01
3.145753479003906250e+01 -2.101925277709960938e+01
3.145753479003906250e+01 -2.101925277709960938e+01
3.145753479003906250e+01 -2.101925277709960938e+01
3.145753479003906250e+01 -2.101925277709960938e+01
3.145753479003906250e+01 -2.101925277709960938e+01
3.145753479003906250e+01 -2.101925277709960938e+01
3.149719429016113281e+01 -1.996560096740722656e+01
3.149719429016113281e+01 -1.996560096740722656e+01
3.149719429016113281e+01 -1.996560096740722656e+01
3.149719429016113281e+01 -1.996560096740722656e+01
3.149719429016113281e+01 -1.996560096740722656e+01
3.149719429016113281e+01 -1.996560096740722656e+01
3.149719429016113281e+01 -1.996560096740722656e+01
3.144833374023437500e+01 -1.901579284667968750e+01
3.144833374023437500e+01 -1.901579284667968750e+01
3.144833374023437500e+01 -1.901579284667968750e+01
3.144833374023437500e+01 -1.901579284667968750e+01
3.144833374023437500e+01 -1.901579284667968750e+01
3.144833374023437500e+01 -1.901579284667968750e+01
3.144833374023437500e+01 -1.901579284667968750e+01
3.148482131958007812e+01 -1.803882598876953125e+01
3.148482131958007812e+01 -1.803882598876953125e+01
3.148482131958007812e+01 -1.803882598876953125e+01
3.148482131958007812e+01 -1.803882598876953125e+01
3.148482131958007812e+01 -1.803882598876953125e+01
3.148482131958007812e+01 -1.803882598876953125e+01
3.148482131958007812e+01 -1.803882598876953125e+01
3.152864074707031250e+01 -1.700482749938964844e+01
3.152864074707031250e+01 -1.700482749938964844e+01
3.152864074707031250e+01 -1.700482749938964844e+01
3.152864074707031250e+01 -1.700482749938964844e+01
3.152864074707031250e+01 -1.700482749938964844e+01
3.152864074707031250e+01 -1.700482749938964844e+01
3.152864074707031250e+01 -1.700482749938964844e+01
3.153482055664062500e+01 -1.599160766601562500e+01
3.153482055664062500e+01 -1.599160766601562500e+01
3.153482055664062500e+01 -1.599160766601562500e+01
3.153482055664062500e+01 -1.599160766601562500e+01
3.153482055664062500e+01 -1.599160766601562500e+01
3.153482055664062500e+01 -1.599160766601562500e+01
3.153482055664062500e+01 -1.599160766601562500e+01
3.150494575500488281e+01 -1.500009822845458984e+01
3.150494575500488281e+01 -1.500009822845458984e+01
3.150494575500488281e+01 -1.500009822845458984e+01
3.150494575500488281e+01 -1.500009822845458984e+01
3.150494575500488281e+01 -1.500009822845458984e+01
3.150494575500488281e+01 -1.500009822845458984e+01
3.150494575500488281e+01 -1.500009822845458984e+01
3.154795074462890625e+01 -1.398012733459472656e+01
3.154795074462890625e+01 -1.398012733459472656e+01
3.154795074462890625e+01 -1.398012733459472656e+01
3.154795074462890625e+01 -1.398012733459472656e+01
3.154795074462890625e+01 -1.398012733459472656e+01
3.154795074462890625e+01 -1.398012733459472656e+01
3.154795074462890625e+01 -1.398012733459472656e+01
3.148295593261718750e+01 -1.295063209533691406e+01
3.148295593261718750e+01 -1.295063209533691406e+01
3.148295593261718750e+01 -1.295063209533691406e+01
3.148295593261718750e+01 -1.295063209533691406e+01
3.148295593261718750e+01 -1.295063209533691406e+01
3.148295593261718750e+01 -1.295063209533691406e+01
3.148295593261718750e+01 -1.295063209533691406e+01
3.152617454528808594e+01 -1.200086212158203125e+01
3.152617454528808594e+01 -1.200086212158203125e+01
3.152617454528808594e+01 -1.200086212158203125e+01
3.152617454528808594e+01 -1.200086212158203125e+01
3.152617454528808594e+01 -1.200086212158203125e+01
3.152617454528808594e+01 -1.200086212158203125e+01
3.152617454528808594e+01 -1.200086212158203125e+01
3.149139022827148438e+01 -1.096646213531494141e+01
3.149139022827148438e+01 -1.096646213531494141e+01
3.149139022827148438e+01 -1.096646213531494141e+01
3.149139022827148438e+01 -1.096646213531494141e+01
3.149139022827148438e+01 -1.096646213531494141e+01
3.149139022827148438e+01 -1.096646213531494141e+01
3.149139022827148438e+01 -1.096646213531494141e+01
3.149554824829101562e+01 -9.972828865051269531e+00
3.149554824829101562e+01 -9.972828865051269531e+00
3.149554824829101562e+01 -9.972828865051269531e+00
3.149554824829101562e+01 -9.972828865051269531e+00
3.149554824829101562e+01 -9.972828865051269531e+00
3.149554824829101562e+01 -9.972828865051269531e+00
3.149554824829101562e+01 -9.972828865051269531e+00
3.146576309204101562e+01 -8.998893737792968750e+00
3.146576309204101562e+01 -8.998893737792968750e+00
3.146576309204101562e+01 -8.998893737792968750e+00
3.146576309204101562e+01 -8.998893737792968750e+00
3.146576309204101562e+01 -8.998893737792968750e+00
3.146576309204101562e+01 -8.998893737792968750e+00
3.146576309204101562e+01 -8.998893737792968750e+00
3.149810791015625000e+01 -7.987797260284423828e+00
3.149810791015625000e+01 -7.987797260284423828e+00
3.149810791015625000e+01 -7.987797260284423828e+00
3.149810791015625000e+01 -7.987797260284423828e+00
3.149810791015625000e+01 -7.987797260284423828e+00
3.149810791015625000e+01 -7.987797260284423828e+00
3.149810791015625000e+01 -7.987797260284423828e+00
3.149707412719726562e+01 -6.988500595092773438e+00
3.149707412719726562e+01 -6.988500595092773438e+00
3.149707412719726562e+01 -6.988500595092773438e+00
3.149707412719726562e+01 -6.988500595092773438e+00
3.149707412719726562e+01 -6.988500595092773438e+00
3.149707412719726562e+01 -6.988500595092773438e+00
3.149707412719726562e+01 -6.988500595092773438e+00
3.146359252929687500e+01 -6.002001285552978516e+00
3.146359252929687500e+01 -6.002001285552978516e+00
3.146359252929687500e+01 -6.002001285552978516e+00
3.146359252929687500e+01 -6.002001285552978516e+00
3.146359252929687500e+01 -6.002001285552978516e+00
3.146359252929687500e+01 -6.002001285552978516e+00
3.146359252929687500e+01 -6.002001285552978516e+00
3.148636627197265625e+01 -4.970052242279052734e+00
3.148636627197265625e+01 -4.970052242279052734e+00
3.148636627197265625e+01 -4.970052242279052734e+00
3.148636627197265625e+01 -4.970052242279052734e+00
3.148636627197265625e+01 -4.970052242279052734e+00
3.148636627197265625e+01 -4.970052242279052734e+00
3.148636627197265625e+01 -4.970052242279052734e+00
3.146575546264648438e+01 -4.019692897796630859e+00
3.146575546264648438e+01 -4.019692897796630859e+00
3.146575546264648438e+01 -4.019692897796630859e+00
3.146575546264648438e+01 -4.019692897796630859e+00
3.146575546264648438e+01 -4.019692897796630859e+00
3.146575546264648438e+01 -4.019692897796630859e+00
3.146575546264648438e+01 -4.019692897796630859e+00
3.150000190734863281e+01 -3.016459703445434570e+00
3.150000190734863281e+01 -3.016459703445434570e+00
3.150000190734863281e+01 -3.016459703445434570e+00
3.150000190734863281e+01 -3.016459703445434570e+00
3.150000190734863281e+01 -3.016459703445434570e+00
3.150000190734863281e+01 -3.016459703445434570e+00
3.150000190734863281e+01 -3.016459703445434570e+00
3.150234794616699219e+01 -2.015081644058227539e+00
3.150234794616699219e+01 -2.015081644058227539e+00
3.150234794616699219e+01 -2.015081644058227539e+00
3.150234794616699219e+01 -2.015081644058227539e+00
3.150234794616699219e+01 -2.015081644058227539e+00
3.150234794616699219e+01 -2.015081644058227539e+00
3.150234794616699219e+01 -2.015081644058227539e+00
3.147277069091796875e+01 -1.022063493728637695e+00
3.147277069091796875e+01 -1.022063493728637695e+00
3.147277069091796875e+01 -1.022063493728637695e+00
3.147277069091796875e+01 -1.022063493728637695e+00
3.147277069091796875e+01 -1.022063493728637695e+00
3.147277069091796875e+01 -1.022063493728637695e+00
3.147277069091796875e+01 -1.022063493728637695e+00
3.148934364318847656e+01 -3.297557681798934937e-02
3.148934364318847656e+01 -3.297557681798934937e-02
3.148934364318847656e+01 -3.297557681798934937e-02
3.148934364318847656e+01 -3.297557681798934937e-02
3.148934364318847656e+01 -3.297557681798934937e-02
3.148934364318847656e+01 -3.297557681798934937e-02
3.148934364318847656e+01 -3.297557681798934937e-02
3.147277069091796875e+01 1.022063493728637695e+00
3.147277069091796875e+01 1.022063493728637695e+00
3.147277069091796875e+01 1.022063493728637695e+00
3.147277069091796875e+01 1.022063493728637695e+00
3.147277069091796875e+01 1.022063493728637695e+00
3.147277069091796875e+01 1.022063493728637695e+00
3.147277069091796875e+01 1.022063493728637695e+00
3.150234794616699219e+01 2.015081644058227539e+00
3.150234794616699219e+01 2.015081644058227539e+00
3.150234794616699219e+01 2.015081644058227539e+00
3.150234794616699219e+01 2.015081644058227539e+00
3.150234794616699219e+01 2.015081644058227539e+00
3.150234794616699219e+01 2.015081644058227539e+00
3.150234794616699219e+01 2.015081644058227539e+00
3.150000190734863281e+01 3.016459703445434570e+00
3.150000190734863281e+01 3.016459703445434570e+00
3.150000190734863281e+01 3.016459703445434570e+00
3.150000190734863281e+01 3.016459703445434570e+00
3.150000190734863281e+01 3.016459703445434570e+00
3.150000190734863281e+01 3.016459703445434570e+00
3.150000190734863281e+01 3.016459703445434570e+00
3.146575546264648438e+01 4.019692897796630859e+00
3.146575546264648438e+01 4.019692897796630859e+00
3.146575546264648438e+01 4.019692897796630859e+00
3.146575546264648438e+01 4.019692897796630859e+00
3.146575546264648438e+01 4.019692897796630859e+00
3.146575546264648438e+01 4.019692897796630859e+00
3.146575546264648438e+01 4.019692897796630859e+00
3.148636627197265625e+01 4.970052242279052734e+00
3.148636627197265625e+01 4.970052242279052734e+00
3.148636627197265625e+01 4.970052242279052734e+00
3.148636627197265625e+01 4.970052242279052734e+00
3.148636627197265625e+01 4.970052242279052734e+00
3.148636627197265625e+01 4.970052242279052734e+00
3.148636627197265625e+01 4.970052242279052734e+00
3.146359252929687500e+01 6.002001285552978516e+00
3.146359252929687500e+01 6.002001285552978516e+00
3.146359252929687500e+01 6.002001285552978516e+00
3.146359252929687500e+01 6.002001285552978516e+00
3.146359252929687500e+01 6.002001285552978516e+00
3.146359252929687500e+01 6.002001285552978516e+00
3.146359252929687500e+01 6.002001285552978516e+00
3.149707412719726562e+01 6.988500595092773438e+00
3.149707412719726562e+01 6.988500595092773438e+00
3.149707412719726562e+01 6.988500595092773438e+00
3.149707412719726562e+01 6.988500595092773438e+00
3.149707412719726562e+01 6.988500595092773438e+00
3.149707412719726562e+01 6.988500595092773438e+00
3.149707412719726562e+01 6.988500595092773438e+00
3.149810791015625000e+01 7.987797260284423828e+00
3.149810791015625000e+01 7.987797260284423828e+00
3.149810791015625000e+01 7.987797260284423828e+00
3.149810791015625000e+01 7.987797260284423828e+00
3.149810791015625000e+01 7.987797260284423828e+00
3.149810791015625000e+01 7.987797260284423828e+00
3.149810791015625000e+01 7.987797260284423828e+00
3.146576309204101562e+01 8.998893737792968750e+00
3.146576309204101562e+01 8.998893737792968750e+00
3.146576309204101562e+01 8.998893737792968750e+00
3.146576309204101562e+01 8.998893737792968750e+00
3.146576309204101562e+01 8.998893737792968750e+00
3.146576309204101562e+01 8.998893737792968750e+00
3.146576309204101562e+01 8.998893737792968750e+00
3.149554824829101562e+01 9.972828865051269531e+00
3.149554824829101562e+01 9.972828865051269531e+00
3.149554824829101562e+01 9.972828865051269531e+00
3.149554824829101562e+01 9.972828865051269531e+00
3.149554824829101562e+01 9.972828865051269531e+00
3.149554824829101562e+01 9.972828865051269531e+00
3.149554824829101562e+01 9.972828865051269531e+00
3.149139022827148438e+01 1.096646213531494141e+01
3.149139022827148438e+01 1.096646213531494141e+01
3.149139022827148438e+01 1.096646213531494141e+01
3.149139022827148438e+01 1.096646213531494141e+01
3.149139022827148438e+01 1.096646213531494141e+01
3.149139022827148438e+01 1.096646213531494141e+01
3.149139022827148438e+01 1.096646213531494141e+01
3.152617454528808594e+01 1.200086212158203125e+01
3.152617454528808594e+01 1.200086212158203125e+01
3.152617454528808594e+01 1.200086212158203125e+01
3.152617454528808594e+01 1.200086212158203125e+01
3.152617454528808594e+01 1.200086212158203125e+01
3.152617454528808594e+01 1.200086212158203125e+01
3.152617454528808594e+01 1.200086212158203125e+01
3.148295593261718750e+01 1.295063209533691406e+01
3.148295593261718750e+01 1.295063209533691406e+01
3.148295593261718750e+01 1.295063209533691406e+01
3.148295593261718750e+01 1.295063209533691406e+01
3.148295593261718750e+01 1.295063209533691406e+01
3.148295593261718750e+01 1.295063209533691406e+01
3.148295593261718750e+01 1.295063209533691406e+01
3.154795074462890625e+01 1.398012733459472656e+01
3.154795074462890625e+01 1.398012733459472656e+01
3.154795074462890625e+01 1.398012733459472656e+01
3.154795074462890625e+01 1.398012733459472656e+01
3.154795074462890625e+01 1.398012733459472656e+01
3.154795074462890625e+01 1.398012733459472656e+01
3.154795074462890625e+01 1.398012733459472656e+01
3.150494575500488281e+01 1.500009822845458984e+01
3.150494575500488281e+01 1.500009822845458984e+01
3.150494575500488281e+01 1.500009822845458984e+01
3.150494575500488281e+01 1.500009822845458984e+01
3.150494575500488281e+01 1.500009822845458984e+01
3.150494575500488281e+01 1.500009822845458984e+01
3.150494575500488281e+01 1.500009822845458984e+01
3.153482055664062500e+01 1.599160766601562500e+01
3.153482055664062500e+01 1.599160766601562500e+01
3.153482055664062500e+01 1.599160766601562500e+01
3.153482055664062500e+01 1.599160766601562500e+01
3.153482055664062500e+01 1.599160766601562500e+01
3.153482055664062500e+01 1.599160766601562500e+01
3.153482055664062500e+01 1.599160766601562500e+01
3.152864074707031250e+01 1.700482749938964844e+01
3.152864074707031250e+01 1.700482749938964844e+01
3.152864074707031250e+01 1.700482749938964844e+01
3.152864074707031250e+01 1.700482749938964844e+01
3.152864074707031250e+01 1.700482749938964844e+01
3.152864074707031250e+01 1.700482749938964844e+01
3.152864074707031250e+01 1.700482749938964844e+01
3.148482131958007812e+01 1.803882598876953125e+01
3.148482131958007812e+01 1.803882598876953125e+01
3.148482131958007812e+01 1.803882598876953125e+01
3.148482131958007812e+01 1.803882598876953125e+01
3.148482131958007812e+01 1.803882598876953125e+01
3.148482131958007812e+01 1.803882598876953125e+01
3.148482131958007812e+01 1.803882598876953125e+01
3.144833374023437500e+01 1.901579284667968750e+01
3.144833374023437500e+01 1.901579284667968750e+01
3.144833374023437500e+01 1.901579284667968750e+01
3.144833374023437500e+01 1.901579284667968750e+01
3.144833374023437500e+01 1.901579284667968750e+01
3.144833374023437500e+01 1.901579284667968750e+01
3.144833374023437500e+01 1.901579284667968750e+01
3.149719429016113281e+01 1.996560096740722656e+01
3.149719429016113281e+01 1.996560096740722656e+01
3.149719429016113281e+01 1.996560096740722656e+01
3.149719429016113281e+01 1.996560096740722656e+01
3.149719429016113281e+01 1.996560096740722656e+01
3.149719429016113281e+01 1.996560096740722656e+01
3.149719429016113281e+01 1.996560096740722656e+01
3.145753479003906250e+01 2.101925277709960938e+01
3.145753479003906250e+01 2.101925277709960938e+01
3.145753479003906250e+01 2.101925277709960938e+01
3.145753479003906250e+01 2.101925277709960938e+01
3.145753479003906250e+01 2.101925277709960938e+01
3.145753479003906250e+01 2.101925277709960938e+01
3.145753479003906250e+01 2.101925277709960938e+01
3.149853515625000000e+01 2.205551147460937500e+01
3.149853515625000000e+01 2.205551147460937500e+01
3.149853515625000000e+01 2.205551147460937500e+01
3.149853515625000000e+01 2.205551147460937500e+01
3.149853515625000000e+01 2.205551147460937500e+01
3.149853515625000000e+01 2.205551147460937500e+01
3.149853515625000000e+01 2.205551147460937500e+01
3.263932800292968750e+01 -2.285430335998535156e+01
3.263932800292968750e+01 -2.285430335998535156e+01
3.263932800292968750e+01 -2.285430335998535156e+01
3.263932800292968750e+01 -2.285430335998535156e+01
3.263932800292968750e+01 -2.285430335998535156e+01
3.263932800292968750e+01 -2.285430335998535156e+01
3.263932800292968750e+01 -2.285430335998535156e+01
3.249709320068359375e+01 -2.196911430358886719e+01
3.249709320068359375e+01 -2.196911430358886719e+01
3.249709320068359375e+01 -2.196911430358886719e+01
3.249709320068359375e+01 -2.196911430358886719e+01
3.249709320068359375e+01 -2.196911430358886719e+01
3.249709320068359375e+01 -2.196911430358886719e+01
3.249709320068359375e+01 -2.196911430358886719e+01
3.250976562500000000e+01 -2.096718025207519531e+01
3.250976562500000000e+01 -2.096718025207519531e+01
3.250976562500000000e+01 -2.096718025207519531e+01
3.250976562500000000e+01 -2.096718025207519531e+01
3.250976562500000000e+01 -2.096718025207519531e+01
3.250976562500000000e+01 -2.096718025207519531e+01
3.250976562500000000e+01 -2.096718025207519531e+01
3.248404693603515625e+01 -1.999213409423828125e+01
3.248404693603515625e+01 -1.999213409423828125e+01
3.248404693603515625e+01 -1.999213409423828125e+01
3.248404693603515625e+01 -1.999213409423828125e+01
3.248404693603515625e+01 -1.999213409423828125e+01
3.248404693603515625e+01 -1.999213409423828125e+01
3.248404693603515625e+01 -1.999213409423828125e+01
3.254507446289062500e+01 -1.898733901977539062e+01
3.254507446289062500e+01 -1.898733901977539062e+01
3.254507446289062500e+01 -1.898733901977539062e+01
3.254507446289062500e+01 -1.898733901977539062e+01
3.254507446289062500e+01 -1.898733901977539062e+01
3.254507446289062500e+01 -1.898733901977539062e+01
3.254507446289062500e+01 -1.898733901977539062e+01
3.250301361083984375e+01 -1.796483802795410156e+01
3.250301361083984375e+01 -1.796483802795410156e+01
3.250301361083984375e+01 -1.796483802795410156e+01
3.250301361083984375e+01 -1.796483802795410156e+01
3.250301361083984375e+01 -1.796483802795410156e+01
3.250301361083984375e+01 -1.796483802795410156e+01
3.250301361083984375e+01 -1.796483802795410156e+01
3.249687957763671875e+01 -1.699617958068847656e+01
3.249687957763671875e+01 -1.699617958068847656e+01
3.249687957763671875e+01 -1.699617958068847656e+01
3.249687957763671875e+01 -1.699617958068847656e+01
3.249687957763671875e+01 -1.699617958068847656e+01
3.249687957763671875e+01 -1.699617958068847656e+01
3.249687957763671875e+01 -1.699617958068847656e+01
3.249710083007812500e+01 -1.596942710876464844e+01
3.249710083007812500e+01 -1.596942710876464844e+01
3.249710083007812500e+01 -1.596942710876464844e+01
3.249710083007812500e+01 -1.596942710876464844e+01
3.249710083007812500e+01 -1.596942710876464844e+01
3.249710083007812500e+01 -1.596942710876464844e+01
3.249710083007812500e+01 -1.596942710876464844e+01
3.253155136108398438e+01 -1.499725055694580078e+01
3.253155136108398438e+01 -1.499725055694580078e+01
3.253155136108398438e+01 -1.499725055694580078e+01
3.253155136108398438e+01 -1.499725055694580078e+01
3.253155136108398438e+01 -1.499725055694580078e+01
3.253155136108398438e+01 -1.499725055694580078e+01
3.253155136108398438e+01 -1.499725055694580078e+01
3.246450424194335938e+01 -1.400829982757568359e+01
3.246450424194335938e+01 -1.400829982757568359e+01
3.246450424194335938e+01 -1.400829982757568359e+01
3.246450424194335938e+01 -1.400829982757568359e+01
3.246450424194335938e+01 -1.400829982757568359e+01
3.246450424194335938e+01 -1.400829982757568359e+01
3.246450424194335938e+01 -1.400829982757568359e+01
3.246779632568359375e+01 -1.299276638031005859e+01
3.246779632568359375e+01 -1.299276638031005859e+01
3.246779632568359375e+01 -1.299276638031005859e+01
3.246779632568359375e+01 -1.299276638031005859e+01
3.246779632568359375e+01 -1.299276638031005859e+01
3.246779632568359375e+01 -1.299276638031005859e+01
3.246779632568359375e+01 -1.299276638031005859e+01
3.251074218750000000e+01 -1.201963901519775391e+01
3.251074218750000000e+01 -1.201963901519775391e+01
3.251074218750000000e+01 -1.201963901519775391e+01
3.251074218750000000e+01 -1.201963901519775391e+01
3.251074218750000000e+01 -1.201963901519775391e+01
3.251074218750000000e+01 -1.201963901519775391e+01
3.251074218750000000e+01 -1.201963901519775391e+01
3.247488784790039062e+01 -1.096056652069091797e+01
3.247488784790039062e+01 -1.096056652069091797e+01
3.247488784790039062e+01 -1.096056652069091797e+01
3.247488784790039062e+01 -1.096056652069091797e+01
3.247488784790039062e+01 -1.096056652069091797e+01
3.247488784790039062e+01 -1.096056652069091797e+01
3.247488784790039062e+01 -1.096056652069091797e+01
3.245320892333984375e+01 -1.002112388610839844e+01
3.245320892333984375e+01 -1.002112388610839844e+01
3.245320892333984375e+01 -1.002112388610839844e+01
3.245320892333984375e+01 -1.002112388610839844e+01
3.245320892333984375e+01 -1.002112388610839844e+01
3.245320892333984375e+01 -1.002112388610839844e+01
3.245320892333984375e+01 -1.002112388610839844e+01
3.251877593994140625e+01 -8.969376564025878906e+00
3.251877593994140625e+01 -8.969376564025878906e+00
3.251877593994140625e+01 -8.969376564025878906e+00
3.251877593994140625e+01 -8.969376564025878906e+00
3.251877593994140625e+01 -8.969376564025878906e+00
3.251877593994140625e+01 -8.969376564025878906e+00
3.251877593994140625e+01 -8.969376564025878906e+00
3.252975082397460938e+01 -8.008134841918945312e+00
3.252975082397460938e+01 -8.008134841918945312e+00
3.252975082397460938e+01 -8.008134841918945312e+00
3.252975082397460938e+01 -8.008134841918945312e+00
3.252975082397460938e+01 -8.008134841918945312e+00
3.252975082397460938e+01 -8.008134841918945312e+00
3.252975082397460938e+01 -8.008134841918945312e+00
3.252851486206054688e+01 -6.979447841644287109e+00
3.252851486206054688e+01 -6.979447841644287109e+00
3.252851486206054688e+01 -6.979447841644287109e+00
3.252851486206054688e+01 -6.979447841644287109e+00
3.252851486206054688e+01 -6.979447841644287109e+00
3.252851486206054688e+01 -6.979447841644287109e+00
3.252851486206054688e+01 -6.979447841644287109e+00
3.249296569824218750e+01 -5.969437122344970703e+00
3.249296569824218750e+01 -5.969437122344970703e+00
3.249296569824218750e+01 -5.969437122344970703e+00
3.249296569824218750e+01 -5.969437122344970703e+00
3.249296569824218750e+01 -5.969437122344970703e+00
3.249296569824218750e+01 -5.969437122344970703e+00
3.249296569824218750e+01 -5.969437122344970703e+00
3.250279998779296875e+01 -4.979433059692382812e+00
3.250279998779296875e+01 -4.979433059692382812e+00
3.250279998779296875e+01 -4.979433059692382812e+00
3.250279998779296875e+01 -4.979433059692382812e+00
3.250279998779296875e+01 -4.979433059692382812e+00
3.250279998779296875e+01 -4.979433059692382812e+00
3.250279998779296875e+01 -4.979433059692382812e+00
3.248193359375000000e+01 -3.999789714813232422e+00
3.248193359375000000e+01 -3.999789714813232422e+00
3.248193359375000000e+01 -3.999789714813232422e+00
3.248193359375000000e+01 -3.999789714813232422e+00
3.248193359375000000e+01 -3.999789714813232422e+00
3.248193359375000000e+01 -3.999789714813232422e+00
3.248193359375000000e+01 -3.999789714813232422e+00
3.251501083374023438e+01 -2.964819908142089844e+00
3.251501083374023438e+01 -2.964819908142089844e+00
3.251501083374023438e+01 -2.964819908142089844e+00
3.251501083374023438e+01 -2.964819908142089844e+00
3.251501083374023438e+01 -2.964819908142089844e+00
3.251501083374023438e+01 -2.964819908142089844e+00
3.251501083374023438e+01 -2.964819908142089844e+00
3.251073455810546875e+01 -2.005528450012207031e+00
3.251073455810546875e+01 -2.005528450012207031e+00
3.251073455810546875e+01 -2.005528450012207031e+00
3.251073455810546875e+01 -2.005528450012207031e+00
3.251073455810546875e+01 -2.005528450012207031e+00
3.251073455810546875e+01 -2.005528450012207031e+00
3.251073455810546875e+01 -2.005528450012207031e+00
3.248035430908203125e+01 -9.810162782669067383e-01
3.248035430908203125e+01 -9.810162782669067383e-01
3.248035430908203125e+01 -9.810162782669067383e-01
3.248035430908203125e+01 -9.810162782669067383e-01
3.248035430908203125e+01 -9.810162782669067383e-01
3.248035430908203125e+01 -9.810162782669067383e-01
3.248035430908203125e+01 -9.810162782669067383e-01
3.249514770507812500e+01 -3.402885049581527710e-02
3.249514770507812500e+01 -3.402885049581527710e-02
3.249514770507812500e+01 -3.402885049581527710e-02
3.249514770507812500e+01 -3.402885049581527710e-02
3.249514770507812500e+01 -3.402885049581527710e-02
3.249514770507812500e+01 -3.402885049581527710e-02
3.249514770507812500e+01 -3.402885049581527710e-02
3.248035430908203125e+01 9.810162782669067383e-01
3.248035430908203125e+01 9.810162782669067383e-01
3.248035430908203125e+01 9.810162782669067383e-01
3.248035430908203125e+01 9.810162782669067383e-01
3.248035430908203125e+01 9.810162782669067383e-01
3.248035430908203125e+01 9.810162782669067383e-01
3.248035430908203125e+01 9.810162782669067383e-01
3.251073455810546875e+01 2.005528450012207031e+00
3.251073455810546875e+01 2.005528450012207031e+00
3.251073455810546875e+01 2.005528450012207031e+00
3.251073455810546875e+01 2.005528450012207031e+00
3.251073455810546875e+01 2.005528450012207031e+00
3.251073455810546875e+01 2.005528450012207031e+00
3.251073455810546875e+01 2.005528450012207031e+00
3.251501083374023438e+01 2.964819908142089844e+00
3.251501083374023438e+01 2.964819908142089844e+00
3.251501083374023438e+01 2.964819908142089844e+00
3.251501083374023438e+01 2.964819908142089844e+00
3.251501083374023438e+01 2.964819908142089844e+00
3.251501083374023438e+01 2.964819908142089844e+00
3.251501083374023438e+01 2.964819908142089844e+00
3.248193359375000000e+01 3.999789714813232422e+00
3.248193359375000000e+01 3.999789714813232422e+00
3.248193359375000000e+01 3.999789714813232422e+00
3.248193359375000000e+01 3.999789714813232422e+00
3.248193359375000000e+01 3.999789714813232422e+00
3.248193359375000000e+01 3.999789714813232422e+00
3.248193359375000000e+01 3.999789714813232422e+00
3.250279998779296875e+01 4.979433059692382812e+00
3.250279998779296875e+01 4.979433059692382812e+00
3.250279998779296875e+01 4.979433059692382812e+00
3.250279998779296875e+01 4.979433059692382812e+00
3.250279998779296875e+01 4.979433059692382812e+00
3.250279998779296875e+01 4.979433059692382812e+00
3.250279998779296875e+01 4.979433059692382812e+00
3.249296569824218750e+01 5.969437122344970703e+00
3.249296569824218750e+01 5.969437122344970703e+00
3.249296569824218750e+01 5.969437122344970703e+00
3.249296569824218750e+01 5.969437122344970703e+00
3.249296569824218750e+01 5.969437122344970703e+00
3.249296569824218750e+01 5.969437122344970703e+00
3.249296569824218750e+01 5.969437122344970703e+00
3.252851486206054688e+01 6.979447841644287109e+00
3.252851486206054688e+01 6.979447841644287109e+00
3.252851486206054688e+01 6.979447841644287109e+00
3.252851486206054688e+01 6.979447841644287109e+00
3.252851486206054688e+01 6.979447841644287109e+00
3.252851486206054688e+01 6.979447841644287109e+00
3.252851486206054688e+01 6.979447841644287109e+00
3.252975082397460938e+01 8.008134841918945312e+00
3.252975082397460938e+01 8.008134841918945312e+00
3.252975082397460938e+01 8.008134841918945312e+00
3.252975082397460938e+01 8.008134841918945312e+00
3.252975082397460938e+01 8.008134841918945312e+00
3.252975082397460938e+01 8.008134841918945312e+00
3.252975082397460938e+01 8.008134841918945312e+00
3.251877593994140625e+01 8.969376564025878906e+00
3.251877593994140625e+01 8.969376564025878906e+00
3.251877593994140625e+01 8.969376564025878906e+00
3.251877593994140625e+01 8.969376564025878906e+00
3.251877593994140625e+01 8.969376564025878906e+00
3.251877593994140625e+01 8.969376564025878906e+00
3.251877593994140625e+01 8.969376564025878906e+00
3.245320892333984375e+01 1.002112388610839844e+01
3.245320892333984375e+01 1.002112388610839844e+01
3.245320892333984375e+01 1.002112388610839844e+01
3.245320892333984375e+01 1.002112388610839844e+01
3.245320892333984375e+01 1.002112388610839844e+01
3.245320892333984375e+01 1.002112388610839844e+01
3.245320892333984375e+01 1.002112388610839844e+01
3.247488784790039062e+01 1.096056652069091797e+01
3.247488784790039062e+01 1.096056652069091797e+01
3.247488784790039062e+01 1.096056652069091797e+01
3.247488784790039062e+01 1.096056652069091797e+01
3.247488784790039062e+01 1.096056652069091797e+01
3.247488784790039062e+01 1.096056652069091797e+01
3.247488784790039062e+01 1.096056652069091797e+01
3.251074218750000000e+01 1.201963901519775391e+01
3.251074218750000000e+01 1.201963901519775391e+01
3.251074218750000000e+01 1.201963901519775391e+01
3.251074218750000000e+01 1.201963901519775391e+01
3.251074218750000000e+01 1.201963901519775391e+01
3.251074218750000000e+01 1.201963901519775391e+01
3.251074218750000000e+01 1.201963901519775391e+01
3.246779632568359375e+01 1.299276638031005859e+01
3.246779632568359375e+01 1.299276638031005859e+01
3.246779632568359375e+01 1.299276638031005859e+01
3.246779632568359375e+01 1.299276638031005859e+01
3.246779632568359375e+01 1.299276638031005859e+01
3.246779632568359375e+01 1.299276638031005859e+01
3.246779632568359375e+01 1.299276638031005859e+01
3.246450424194335938e+01 1.400829982757568359e+01
3.246450424194335938e+01 1.400829982757568359e+01
3.246450424194335938e+01 1.400829982757568359e+01
3.246450424194335938e+01 1.400829982757568359e+01
3.246450424194335938e+01 1.400829982757568359e+01
3.246450424194335938e+01 1.400829982757568359e+01
3.246450424194335938e+01 1.400829982757568359e+01
3.253155136108398438e+01 1.499725055694580078e+01
3.253155136108398438e+01 1.499725055694580078e+01
3.253155136108398438e+01 1.499725055694580078e+01
3.253155136108398438e+01 1.499725055694580078e+01
3.253155136108398438e+01 1.499725055694580078e+01
3.253155136108398438e+01 1.499725055694580078e+01
3.253155136108398438e+01 1.499725055694580078e+01
3.249710083007812500e+01 1.596942710876464844e+01
3.249710083007812500e+01 1.596942710876464844e+01
3.249710083007812500e+01 1.596942710876464844e+01
3.249710083007812500e+01 1.596942710876464844e+01
3.249710083007812500e+01 1.596942710876464844e+01
3.249710083007812500e+01 1.596942710876464844e+01
3.249710083007812500e+01 1.596942710876464844e+01
3.249687957763671875e+01 1.699617958068847656e+01
3.249687957763671875e+01 1.699617958068847656e+01
3.249687957763671875e+01 1.699617958068847656e+01
3.249687957763671875e+01 1.699617958068847656e+01
3.249687957763671875e+01 1.699617958068847656e+01
3.249687957763671875e+01 1.699617958068847656e+01
3.249687957763671875e+01 1.699617958068847656e+01
3.250301361083984375e+01 1.796483802795410156e+01
3.250301361083984375e+01 1.796483802795410156e+01
3.250301361083984375e+01 1.796483802795410156e+01
3.250301361083984375e+01 1.796483802795410156e+01
3.250301361083984375e+01 1.796483802795410156e+01
3.250301361083984375e+01 1.796483802795410156e+01
3.250301361083984375e+01 1.796483802795410156e+01
3.254507446289062500e+01 1.898733901977539062e+01
3.254507446289062500e+01 1.898733901977539062e+01
3.254507446289062500e+01 1.898733901977539062e+01
3.254507446289062500e+01 1.898733901977539062e+01
3.254507446289062500e+01 1.898733901977539062e+01
3.254507446289062500e+01 1.898733901977539062e+01
3.254507446289062500e+01 1.898733901977539062e+01
3.248404693603515625e+01 1.999213409423828125e+01
3.248404693603515625e+01 1.999213409423828125e+01
3.248404693603515625e+01 1.999213409423828125e+01
3.248404693603515625e+01 1.999213409423828125e+01
3.248404693603515625e+01 1.999213409423828125e+01
3.248404693603515625e+01 1.999213409423828125e+01
3.248404693603515625e+01 1.999213409423828125e+01
3.250976562500000000e+01 2.096718025207519531e+01
3.250976562500000000e+01 2.096718025207519531e+01
3.250976562500000000e+01 2.096718025207519531e+01
3.250976562500000000e+01 2.096718025207519531e+01
3.250976562500000000e+01 2.096718025207519531e+01
3.250976562500000000e+01 2.096718025207519531e+01
3.250976562500000000e+01 2.096718025207519531e+01
3.249709320068359375e+01 2.196911430358886719e+01
3.249709320068359375e+01 2.196911430358886719e+01
3.249709320068359375e+01 2.196911430358886719e+01
3.249709320068359375e+01 2.196911430358886719e+01
3.249709320068359375e+01 2.196911430358886719e+01
3.249709320068359375e+01 2.196911430358886719e+01
3.249709320068359375e+01 2.196911430358886719e+01
3.263932800292968750e+01 2.285430335998535156e+01
3.263932800292968750e+01 2.285430335998535156e+01
3.263932800292968750e+01 2.285430335998535156e+01
3.263932800292968750e+01 2.285430335998535156e+01
3.263932800292968750e+01 2.285430335998535156e+01
3.263932800292968750e+01 2.285430335998535156e+01
3.263932800292968750e+01 2.285430335998535156e+01
3.295317840576171875e+01 -2.267350769042968750e+01
3.295317840576171875e+01 -2.267350769042968750e+01
3.295317840576171875e+01 -2.267350769042968750e+01
3.295317840576171875e+01 -2.267350769042968750e+01
3.295317840576171875e+01 -2.267350769042968750e+01
3.295317840576171875e+01 -2.267350769042968750e+01
3.295317840576171875e+01 -2.267350769042968750e+01
3.295317840576171875e+01 -2.267350769042968750e+01
3.295317840576171875e+01 -2.267350769042968750e+01
3.343612670898437500e+01 -2.195507812500000000e+01
3.343612670898437500e+01 -2.195507812500000000e+01
3.343612670898437500e+01 -2.195507812500000000e+01
3.343612670898437500e+01 -2.195507812500000000e+01
3.343612670898437500e+01 -2.195507812500000000e+01
3.343612670898437500e+01 -2.195507812500000000e+01
3.343612670898437500e+01 -2.195507812500000000e+01
3.343612670898437500e+01 -2.195507812500000000e+01
3.343612670898437500e+01 -2.195507812500000000e+01
3.350628662109375000e+01 -2.098587226867675781e+01
3.350628662109375000e+01 -2.098587226867675781e+01
3.350628662109375000e+01 -2.098587226867675781e+01
3.350628662109375000e+01 -2.098587226867675781e+01
3.350628662109375000e+01 -2.098587226867675781e+01
3.350628662109375000e+01 -2.098587226867675781e+01
3.350628662109375000e+01 -2.098587226867675781e+01
3.350628662109375000e+01 -2.098587226867675781e+01
3.350628662109375000e+01 -2.098587226867675781e+01
3.347352600097656250e+01 -2.000176429748535156e+01
3.347352600097656250e+01 -2.000176429748535156e+01
3.347352600097656250e+01 -2.000176429748535156e+01
3.347352600097656250e+01 -2.000176429748535156e+01
3.347352600097656250e+01 -2.000176429748535156e+01
3.347352600097656250e+01 -2.000176429748535156e+01
3.347352600097656250e+01 -2.000176429748535156e+01
3.347352600097656250e+01 -2.000176429748535156e+01
3.347352600097656250e+01 -2.000176429748535156e+01
3.352816390991210938e+01 -1.898477554321289062e+01
3.352816390991210938e+01 -1.898477554321289062e+01
3.352816390991210938e+01 -1.898477554321289062e+01
3.352816390991210938e+01 -1.898477554321289062e+01
3.352816390991210938e+01 -1.898477554321289062e+01
3.352816390991210938e+01 -1.898477554321289062e+01
3.352816390991210938e+01 -1.898477554321289062e+01
3.352816390991210938e+01 -1.898477554321289062e+01
3.352816390991210938e+01 -1.898477554321289062e+01
3.354748916625976562e+01 -1.798800659179687500e+01
3.354748916625976562e+01 -1.798800659179687500e+01
3.354748916625976562e+01 -1.798800659179687500e+01
3.354748916625976562e+01 -1.798800659179687500e+01
3.354748916625976562e+01 -1.798800659179687500e+01
3.354748916625976562e+01 -1.798800659179687500e+01
3.354748916625976562e+01 -1.798800659179687500e+01
3.354748916625976562e+01 -1.798800659179687500e+01
3.354748916625976562e+01 -1.798800659179687500e+01
3.353593444824218750e+01 -1.700639152526855469e+01
3.353593444824218750e+01 -1.700639152526855469e+01
3.353593444824218750e+01 -1.700639152526855469e+01
3.353593444824218750e+01 -1.700639152526855469e+01
3.353593444824218750e+01 -1.700639152526855469e+01
3.353593444824218750e+01 -1.700639152526855469e+01
3.353593444824218750e+01 -1.700639152526855469e+01
3.353593444824218750e+01 -1.700639152526855469e+01
3.353593444824218750e+01 -1.700639152526855469e+01
3.353076171875000000e+01 -1.596462821960449219e+01
3.353076171875000000e+01 -1.596462821960449219e+01
3.353076171875000000e+01 -1.596462821960449219e+01
3.353076171875000000e+01 -1.596462821960449219e+01
3.353076171875000000e+01 -1.596462821960449219e+01
3.353076171875000000e+01 -1.596462821960449219e+01
3.353076171875000000e+01 -1.596462821960449219e+01
3.353076171875000000e+01 -1.596462821960449219e+01
3.353076171875000000e+01 -1.596462821960449219e+01
3.345553207397460938e+01 -1.502147674560546875e+01
3.345553207397460938e+01 -1.502147674560546875e+01
3.345553207397460938e+01 -1.502147674560546875e+01
3.345553207397460938e+01 -1.502147674560546875e+01
3.345553207397460938e+01 -1.502147674560546875e+01
3.345553207397460938e+01 -1.502147674560546875e+01
3.345553207397460938e+01 -1.502147674560546875e+01
3.345553207397460938e+01 -1.502147674560546875e+01
3.345553207397460938e+01 -1.502147674560546875e+01
3.349010848999023438e+01 -1.396802616119384766e+01
3.349010848999023438e+01 -1.396802616119384766e+01
3.349010848999023438e+01 -1.396802616119384766e+01
3.349010848999023438e+01 -1.396802616119384766e+01
3.349010848999023438e+01 -1.396802616119384766e+01
3.349010848999023438e+01 -1.396802616119384766e+01
3.349010848999023438e+01 -1.396802616119384766e+01
3.349010848999023438e+01 -1.396802616119384766e+01
3.349010848999023438e+01 -1.396802616119384766e+01
3.345854187011718750e+01 -1.301131534576416016e+01
3.345854187011718750e+01 -1.301131534576416016e+01
3.345854187011718750e+01 -1.301131534576416016e+01
3.345854187011718750e+01 -1.301131534576416016e+01
3.345854187011718750e+01 -1.301131534576416016e+01
3.345854187011718750e+01 -1.301131534576416016e+01
3.345854187011718750e+01 -1.301131534576416016e+01
3.345854187011718750e+01 -1.301131534576416016e+01
3.345854187011718750e+01 -1.301131534576416016e+01
3.349849700927734375e+01 -1.202058982849121094e+01
3.349849700927734375e+01 -1.202058982849121094e+01
3.349849700927734375e+01 -1.202058982849121094e+01
3.349849700927734375e+01 -1.202058982849121094e+01
3.349849700927734375e+01 -1.202058982849121094e+01
3.349849700927734375e+01 -1.202058982849121094e+01
3.349849700927734375e+01 -1.202058982849121094e+01
3.349849700927734375e+01 -1.202058982849121094e+01
3.349849700927734375e+01 -1.202058982849121094e+01
3.353272247314453125e+01 -1.096666145324707031e+01
3.353272247314453125e+01 -1.096666145324707031e+01
3.353272247314453125e+01 -1.096666145324707031e+01
3.353272247314453125e+01 -1.096666145324707031e+01
3.353272247314453125e+01 -1.096666145324707031e+01
3.353272247314453125e+01 -1.096666145324707031e+01
3.353272247314453125e+01 -1.096666145324707031e+01
3.353272247314453125e+01 -1.096666145324707031e+01
3.353272247314453125e+01 -1.096666145324707031e+01
3.350825119018554688e+01 -1.000835037231445312e+01
3.350825119018554688e+01 -1.000835037231445312e+01
3.350825119018554688e+01 -1.000835037231445312e+01
3.350825119018554688e+01 -1.000835037231445312e+01
3.350825119018554688e+01 -1.000835037231445312e+01
3.350825119018554688e+01 -1.000835037231445312e+01
3.350825119018554688e+01 -1.000835037231445312e+01
3.350825119018554688e+01 -1.000835037231445312e+01
3.350825119018554688e+01 -1.000835037231445312e+01
3.347731399536132812e+01 -8.982745170593261719e+00
3.347731399536132812e+01 -8.982745170593261719e+00
3.347731399536132812e+01 -8.982745170593261719e+00
3.347731399536132812e+01 -8.982745170593261719e+00
3.347731399536132812e+01 -8.982745170593261719e+00
3.347731399536132812e+01 -8.982745170593261719e+00
3.347731399536132812e+01 -8.982745170593261719e+00
3.347731399536132812e+01 -8.982745170593261719e+00
3.347731399536132812e+01 -8.982745170593261719e+00
3.348790740966796875e+01 -7.996476650238037109e+00
3.348790740966796875e+01 -7.996476650238037109e+00
3.348790740966796875e+01 -7.996476650238037109e+00
3.348790740966796875e+01 -7.996476650238037109e+00
3.348790740966796875e+01 -7.996476650238037109e+00
3.348790740966796875e+01 -7.996476650238037109e+00
3.348790740966796875e+01 -7.996476650238037109e+00
3.348790740966796875e+01 -7.996476650238037109e+00
3.348790740966796875e+01 -7.996476650238037109e+00
3.346849822998046875e+01 -7.022420883178710938e+00
3.346849822998046875e+01 -7.022420883178710938e+00
3.346849822998046875e+01 -7.022420883178710938e+00
3.346849822998046875e+01 -7.022420883178710938e+00
3.346849822998046875e+01 -7.022420883178710938e+00
3.346849822998046875e+01 -7.022420883178710938e+00
3.346849822998046875e+01 -7.022420883178710938e+00
3.346849822998046875e+01 -7.022420883178710938e+00
3.346849822998046875e+01 -7.022420883178710938e+00
3.350978088378906250e+01 -5.999176025390625000e+00
3.350978088378906250e+01 -5.999176025390625000e+00
3.350978088378906250e+01 -5.999176025390625000e+00
3.350978088378906250e+01 -5.999176025390625000e+00
3.350978088378906250e+01 -5.999176025390625000e+00
3.350978088378906250e+01 -5.999176025390625000e+00
3.350978088378906250e+01 -5.999176025390625000e+00
3.350978088378906250e+01 -5.999176025390625000e+00
3.350978088378906250e+01 -5.999176025390625000e+00
3.351994323730468750e+01 -4.979688167572021484e+00
3.351994323730468750e+01 -4.979688167572021484e+00
3.351994323730468750e+01 -4.979688167572021484e+00
3.351994323730468750e+01 -4.979688167572021484e+00
3.351994323730468750e+01 -4.979688167572021484e+00
3.351994323730468750e+01 -4.979688167572021484e+00
3.351994323730468750e+01 -4.979688167572021484e+00
3.351994323730468750e+01 -4.979688167572021484e+00
3.351994323730468750e+01 -4.979688167572021484e+00
3.349856185913085938e+01 -3.970744609832763672e+00
3.349856185913085938e+01 -3.970744609832763672e+00
3.349856185913085938e+01 -3.970744609832763672e+00
3.349856185913085938e+01 -3.970744609832763672e+00
3.349856185913085938e+01 -3.970744609832763672e+00
3.349856185913085938e+01 -3.970744609832763672e+00
3.349856185913085938e+01 -3.970744609832763672e+00
3.349856185913085938e+01 -3.970744609832763672e+00
3.349856185913085938e+01 -3.970744609832763672e+00
3.352350616455078125e+01 -2.980098485946655273e+00
3.352350616455078125e+01 -2.980098485946655273e+00
3.352350616455078125e+01 -2.980098485946655273e+00
3.352350616455078125e+01 -2.980098485946655273e+00
3.352350616455078125e+01 -2.980098485946655273e+00
3.352350616455078125e+01 -2.980098485946655273e+00
3.352350616455078125e+01 -2.980098485946655273e+00
3.352350616455078125e+01 -2.980098485946655273e+00
3.352350616455078125e+01 -2.980098485946655273e+00
3.351888656616210938e+01 -1.997259497642517090e+00
3.351888656616210938e+01 -1.997259497642517090e+00
3.351888656616210938e+01 -1.997259497642517090e+00
3.351888656616210938e+01 -1.997259497642517090e+00
3.351888656616210938e+01 -1.997259497642517090e+00
3.351888656616210938e+01 -1.997259497642517090e+00
3.351888656616210938e+01 -1.997259497642517090e+00
3.351888656616210938e+01 -1.997259497642517090e+00
3.351888656616210938e+01 -1.997259497642517090e+00
3.348569869995117188e+01 -1.011381030082702637e+00
3.348569869995117188e+01 -1.011381030082702637e+00
3.348569869995117188e+01 -1.011381030082702637e+00
3.348569869995117188e+01 -1.011381030082702637e+00
3.348569869995117188e+01 -1.011381030082702637e+00
3.348569869995117188e+01 -1.011381030082702637e+00
3.348569869995117188e+01 -1.011381030082702637e+00
3.348569869995117188e+01 -1.011381030082702637e+00
3.348569869995117188e+01 -1.011381030082702637e+00
3.350094985961914062e+01 -3.508212417364120483e-02
3.350094985961914062e+01 -3.508212417364120483e-02
3.350094985961914062e+01 -3.508212417364120483e-02
3.350094985961914062e+01 -3.508212417364120483e-02
3.350094985961914062e+01 -3.508212417364120483e-02
3.350094985961914062e+01 -3.508212417364120483e-02
3.350094985961914062e+01 -3.508212417364120483e-02
3.350094985961914062e+01 -3.508212417364120483e-02
3.350094985961914062e+01 -3.508212417364120483e-02
3.348569869995117188e+01 1.011381030082702637e+00
3.348569869995117188e+01 1.011381030082702637e+00
3.348569869995117188e+01 1.011381030082702637e+00
3.348569869995117188e+01 1.011381030082702637e+00
3.348569869995117188e+01 1.011381030082702637e+00
3.348569869995117188e+01 1.011381030082702637e+00
3.348569869995117188e+01 1.011381030082702637e+00
3.348569869995117188e+01 1.011381030082702637e+00
3.348569869995117188e+01 1.011381030082702637e+00
3.351888656616210938e+01 1.997259497642517090e+00
3.351888656616210938e+01 1.997259497642517090e+00
3.351888656616210938e+01 1.997259497642517090e+00
3.351888656616210938e+01 1.997259497642517090e+00
3.351888656616210938e+01 1.997259497642517090e+00
3.351888656616210938e+01 1.997259497642517090e+00
3.351888656616210938e+01 1.997259497642517090e+00
3.351888656616210938e+01 1.997259497642517090e+00
3.351888656616210938e+01 1.997259497642517090e+00
3.352350616455078125e+01 2.980098485946655273e+00
3.352350616455078125e+01 2.980098485946655273e+00
3.352350616455078125e+01 2.980098485946655273e+00
3.352350616455078125e+01 2.980098485946655273e+00
3.352350616455078125e+01 2.980098485946655273e+00
3.352350616455078125e+01 2.980098485946655273e+00
3.352350616455078125e+01 2.980098485946655273e+00
3.352350616455078125e+01 2.980098485946655273e+00
3.352350616455078125e+01 2.980098485946655273e+00
3.349856185913085938e+01 3.970744609832763672e+00
3.349856185913085938e+01 3.970744609832763672e+00
3.349856185913085938e+01 3.970744609832763672e+00
3.349856185913085938e+01 3.970744609832763672e+00
3.349856185913085938e+01 3.970744609832763672e+00
3.349856185913085938e+01 3.970744609832763672e+00
3.349856185913085938e+01 3.970744609832763672e+00
3.349856185913085938e+01 3.970744609832763672e+00
3.349856185913085938e+01 3.970744609832763672e+00
3.351994323730468750e+01 4.979688167572021484e+00
3.351994323730468750e+01 4.979688167572021484e+00
3.351994323730468750e+01 4.979688167572021484e+00
3.351994323730468750e+01 4.979688167572021484e+00
3.351994323730468750e+01 4.979688167572021484e+00
3.351994323730468750e+01 4.979688167572021484e+00
3.351994323730468750e+01 4.979688167572021484e+00
3.351994323730468750e+01 4.979688167572021484e+00
3.351994323730468750e+01 4.979688167572021484e+00
3.350978088378906250e+01 5.999176025390625000e+00
3.350978088378906250e+01 5.999176025390625000e+00
3.350978088378906250e+01 5.999176025390625000e+00
3.350978088378906250e+01 5.999176025390625000e+00
3.350978088378906250e+01 5.999176025390625000e+00
3.350978088378906250e+01 5.999176025390625000e+00
3.350978088378906250e+01 5.999176025390625000e+00
3.350978088378906250e+01 5.999176025390625000e+00
3.350978088378906250e+01 5.999176025390625000e+00
3.346849822998046875e+01 7.022420883178710938e+00
3.346849822998046875e+01 7.022420883178710938e+00
3.346849822998046875e+01 7.022420883178710938e+00
3.346849822998046875e+01 7.022420883178710938e+00
3.346849822998046875e+01 7.022420883178710938e+00
3.346849822998046875e+01 7.022420883178710938e+00
3.346849822998046875e+01 7.022420883178710938e+00
3.346849822998046875e+01 7.022420883178710938e+00
3.346849822998046875e+01 7.022420883178710938e+00
3.348790740966796875e+01 7.996476650238037109e+00
3.348790740966796875e+01 7.996476650238037109e+00
3.348790740966796875e+01 7.996476650238037109e+00
3.348790740966796875e+01 7.996476650238037109e+00
3.348790740966796875e+01 7.996476650238037109e+00
3.348790740966796875e+01 7.996476650238037109e+00
3.348790740966796875e+01 7.996476650238037109e+00
3.348790740966796875e+01 7.996476650238037109e+00
3.348790740966796875e+01 7.996476650238037109e+00
3.347731399536132812e+01 8.982745170593261719e+00
3.347731399536132812e+01 8.982745170593261719e+00
3.347731399536132812e+01 8.982745170593261719e+00
3.347731399536132812e+01 8.982745170593261719e+00
3.347731399536132812e+01 8.982745170593261719e+00
3.347731399536132812e+01 8.982745170593261719e+00
3.347731399536132812e+01 8.982745170593261719e+00
3.347731399536132812e+01 8.982745170593261719e+00
3.347731399536132812e+01 8.982745170593261719e+00
3.350825119018554688e+01 1.000835037231445312e+01
3.350825119018554688e+01 1.000835037231445312e+01
3.350825119018554688e+01 1.000835037231445312e+01
3.350825119018554688e+01 1.000835037231445312e+01
3.350825119018554688e+01 1.000835037231445312e+01
3.350825119018554688e+01 1.000835037231445312e+01
3.350825119018554688e+01 1.000835037231445312e+01
3.350825119018554688e+01 1.000835037231445312e+01
3.350825119018554688e+01 1.000835037231445312e+01
3.353272247314453125e+01 1.096666145324707031e+01
3.353272247314453125e+01 1.096666145324707031e+01
3.353272247314453125e+01 1.096666145324707031e+01
3.353272247314453125e+01 1.096666145324707031e+01
3.353272247314453125e+01 1.096666145324707031e+01
3.353272247314453125e+01 1.096666145324707031e+01
3.353272247314453125e+01 1.096666145324707031e+01
3.353272247314453125e+01 1.096666145324707031e+01
3.353272247314453125e+01 1.096666145324707031e+01
3.349849700927734375e+01 1.202058982849121094e+01
3.349849700927734375e+01 1.202058982849121094e+01
3.349849700927734375e+01 1.202058982849121094e+01
3.349849700927734375e+01 1.202058982849121094e+01
3.349849700927734375e+01 1.202058982849121094e+01
3.349849700927734375e+01 1.202058982849121094e+01
3.349849700927734375e+01 1.202058982849121094e+01
3.349849700927734375e+01 1.202058982849121094e+01
3.349849700927734375e+01 1.202058982849121094e+01
3.345854187011718750e+01 1.301131534576416016e+01
3.345854187011718750e+01 1.301131534576416016e+01
3.345854187011718750e+01 1.301131534576416016e+01
3.345854187011718750e+01 1.301131534576416016e+01
3.345854187011718750e+01 1.301131534576416016e+01
3.345854187011718750e+01 1.301131534576416016e+01
3.345854187011718750e+01 1.301131534576416016e+01
3.345854187011718750e+01 1.301131534576416016e+01
3.345854187011718750e+01 1.301131534576416016e+01
3.349010848999023438e+01 1.396802616119384766e+01
3.349010848999023438e+01 1.396802616119384766e+01
3.349010848999023438e+01 1.396802616119384766e+01
3.349010848999023438e+01 1.396802616119384766e+01
3.349010848999023438e+01 1.396802616119384766e+01
3.349010848999023438e+01 1.396802616119384766e+01
3.349010848999023438e+01 1.396802616119384766e+01
3.349010848999023438e+01 1.396802616119384766e+01
3.349010848999023438e+01 1.396802616119384766e+01
3.345553207397460938e+01 1.502147674560546875e+01
3.345553207397460938e+01 1.502147674560546875e+01
3.345553207397460938e+01 1.502147674560546875e+01
3.345553207397460938e+01 1.502147674560546875e+01
3.345553207397460938e+01 1.502147674560546875e+01
3.345553207397460938e+01 1.502147674560546875e+01
3.345553207397460938e+01 1.502147674560546875e+01
3.345553207397460938e+01 1.502147674560546875e+01
3.345553207397460938e+01 1.502147674560546875e+01
3.353076171875000000e+01 1.596462821960449219e+01
3.353076171875000000e+01 1.596462821960449219e+01
3.353076171875000000e+01 1.596462821960449219e+01
3.353076171875000000e+01 1.596462821960449219e+01
3.353076171875000000e+01 1.596462821960449219e+01
3.353076171875000000e+01 1.596462821960449219e+01
3.353076171875000000e+01 1.596462821960449219e+01
3.353076171875000000e+01 1.596462821960449219e+01
3.353076171875000000e+01 1.596462821960449219e+01
3.353593444824218750e+01 1.700639152526855469e+01
3.353593444824218750e+01 1.700639152526855469e+01
3.353593444824218750e+01 1.700639152526855469e+01
3.353593444824218750e+01 1.700639152526855469e+01
3.353593444824218750e+01 1.700639152526855469e+01
3.353593444824218750e+01 1.700639152526855469e+01
3.353593444824218750e+01 1.700639152526855469e+01
3.353593444824218750e+01 1.700639152526855469e+01
3.353593444824218750e+01 1.700639152526855469e+01
3.354748916625976562e+01 1.798800659179687500e+01
3.354748916625976562e+01 1.798800659179687500e+01
3.354748916625976562e+01 1.798800659179687500e+01
3.354748916625976562e+01 1.798800659179687500e+01
3.354748916625976562e+01 1.798800659179687500e+01
3.354748916625976562e+01 1.798800659179687500e+01
3.354748916625976562e+01 1.798800659179687500e+01
3.354748916625976562e+01 1.798800659179687500e+01
3.354748916625976562e+01 1.798800659179687500e+01
3.352816390991210938e+01 1.898477554321289062e+01
3.352816390991210938e+01 1.898477554321289062e+01
3.352816390991210938e+01 1.898477554321289062e+01
3.352816390991210938e+01 1.898477554321289062e+01
3.352816390991210938e+01 1.898477554321289062e+01
3.352816390991210938e+01 1.898477554321289062e+01
3.352816390991210938e+01 1.898477554321289062e+01
3.352816390991210938e+01 1.898477554321289062e+01
3.352816390991210938e+01 1.898477554321289062e+01
3.347352600097656250e+01 2.000176429748535156e+01
3.347352600097656250e+01 2.000176429748535156e+01
3.347352600097656250e+01 2.000176429748535156e+01
3.347352600097656250e+01 2.000176429748535156e+01
3.347352600097656250e+01 2.000176429748535156e+01
3.347352600097656250e+01 2.000176429748535156e+01
3.347352600097656250e+01 2.000176429748535156e+01
3.347352600097656250e+01 2.000176429748535156e+01
3.347352600097656250e+01 2.000176429748535156e+01
3.350628662109375000e+01 2.098587226867675781e+01
3.350628662109375000e+01 2.098587226867675781e+01
3.350628662109375000e+01 2.098587226867675781e+01
3.350628662109375000e+01 2.098587226867675781e+01
3.350628662109375000e+01 2.098587226867675781e+01
3.350628662109375000e+01 2.098587226867675781e+01
3.350628662109375000e+01 2.098587226867675781e+01
3.350628662109375000e+01 2.098587226867675781e+01
3.350628662109375000e+01 2.098587226867675781e+01
3.343612670898437500e+01 2.195507812500000000e+01
3.343612670898437500e+01 2.195507812500000000e+01
3.343612670898437500e+01 2.195507812500000000e+01
3.343612670898437500e+01 2.195507812500000000e+01
3.343612670898437500e+01 2.195507812500000000e+01
3.343612670898437500e+01 2.195507812500000000e+01
3.343612670898437500e+01 2.195507812500000000e+01
3.343612670898437500e+01 2.195507812500000000e+01
3.343612670898437500e+01 2.195507812500000000e+01
3.295317840576171875e+01 2.267350769042968750e+01
3.295317840576171875e+01 2.267350769042968750e+01
3.295317840576171875e+01 2.267350769042968750e+01
3.295317840576171875e+01 2.267350769042968750e+01
3.295317840576171875e+01 2.267350769042968750e+01
3.295317840576171875e+01 2.267350769042968750e+01
3.295317840576171875e+01 2.267350769042968750e+01
3.295317840576171875e+01 2.267350769042968750e+01
3.295317840576171875e+01 2.267350769042968750e+01
3.283002471923828125e+01 -2.285146713256835938e+01
3.283002471923828125e+01 -2.285146713256835938e+01
3.283002471923828125e+01 -2.285146713256835938e+01
3.283002471923828125e+01 -2.285146713256835938e+01
3.283002471923828125e+01 -2.285146713256835938e+01
3.283002471923828125e+01 -2.285146713256835938e+01
3.283002471923828125e+01 -2.285146713256835938e+01
3.283002471923828125e+01 -2.285146713256835938e+01
3.283002471923828125e+01 -2.285146713256835938e+01
3.325878524780273438e+01 -2.222280883789062500e+01
3.325878524780273438e+01 -2.222280883789062500e+01
3.325878524780273438e+01 -2.222280883789062500e+01
3.325878524780273438e+01 -2.222280883789062500e+01
3.325878524780273438e+01 -2.222280883789062500e+01
3.325878524780273438e+01 -2.222280883789062500e+01
3.325878524780273438e+01 -2.222280883789062500e+01
3.325878524780273438e+01 -2.222280883789062500e+01
3.325878524780273438e+01 -2.222280883789062500e+01
3.372815322875976562e+01 -2.150375938415527344e+01
3.372815322875976562e+01 -2.150375938415527344e+01
3.372815322875976562e+01 -2.150375938415527344e+01
3.372815322875976562e+01 -2.150375938415527344e+01
3.372815322875976562e+01 -2.150375938415527344e+01
3.372815322875976562e+01 -2.150375938415527344e+01
3.372815322875976562e+01 -2.150375938415527344e+01
3.372815322875976562e+01 -2.150375938415527344e+01
3.372815322875976562e+01 -2.150375938415527344e+01
3.417472457885742188e+01 -2.078672981262207031e+01
3.417472457885742188e+01 -2.078672981262207031e+01
3.417472457885742188e+01 -2.078672981262207031e+01
3.417472457885742188e+01 -2.078672981262207031e+01
3.417472457885742188e+01 -2.078672981262207031e+01
3.417472457885742188e+01 -2.078672981262207031e+01
3.417472457885742188e+01 -2.078672981262207031e+01
3.417472457885742188e+01 -2.078672981262207031e+01
3.417472457885742188e+01 -2.078672981262207031e+01
3.446869659423828125e+01 -1.998884201049804688e+01
3.446869659423828125e+01 -1.998884201049804688e+01
3.446869659423828125e+01 -1.998884201049804688e+01
3.446869659423828125e+01 -1.998884201049804688e+01
3.446869659423828125e+01 -1.998884201049804688e+01
3.446869659423828125e+01 -1.998884201049804688e+01
3.446869659423828125e+01 -1.998884201049804688e+01
3.446869659423828125e+01 -1.998884201049804688e+01
3.446869659423828125e+01 -1.998884201049804688e+01
3.451649093627929688e+01 -1.895991516113281250e+01
3.451649093627929688e+01 -1.895991516113281250e+01
3.451649093627929688e+01 -1.895991516113281250e+01
3.451649093627929688e+01 -1.895991516113281250e+01
3.451649093627929688e+01 -1.895991516113281250e+01
3.451649093627929688e+01 -1.895991516113281250e+01
3.451649093627929688e+01 -1.895991516113281250e+01
3.451649093627929688e+01 -1.895991516113281250e+01
3.451649093627929688e+01 -1.895991516113281250e+01
3.448508453369140625e+01 -1.803603172302246094e+01
3.448508453369140625e+01 -1.803603172302246094e+01
3.448508453369140625e+01 -1.803603172302246094e+01
3.448508453369140625e+01 -1.803603172302246094e+01
3.448508453369140625e+01 -1.803603172302246094e+01
3.448508453369140625e+01 -1.803603172302246094e+01
3.448508453369140625e+01 -1.803603172302246094e+01
3.448508453369140625e+01 -1.803603172302246094e+01
3.448508453369140625e+01 -1.803603172302246094e+01
3.451081085205078125e+01 -1.695898628234863281e+01
3.451081085205078125e+01 -1.695898628234863281e+01
3.451081085205078125e+01 -1.695898628234863281e+01
3.451081085205078125e+01 -1.695898628234863281e+01
3.451081085205078125e+01 -1.695898628234863281e+01
3.451081085205078125e+01 -1.695898628234863281e+01
3.451081085205078125e+01 -1.695898628234863281e+01
3.451081085205078125e+01 -1.695898628234863281e+01
3.451081085205078125e+01 -1.695898628234863281e+01
3.453012084960937500e+01 -1.602102279663085938e+01
3.453012084960937500e+01 -1.602102279663085938e+01
3.453012084960937500e+01 -1.602102279663085938e+01
3.453012084960937500e+01 -1.602102279663085938e+01
3.453012084960937500e+01 -1.602102279663085938e+01
3.453012084960937500e+01 -1.602102279663085938e+01
3.453012084960937500e+01 -1.602102279663085938e+01
3.453012084960937500e+01 -1.602102279663085938e+01
3.453012084960937500e+01 -1.602102279663085938e+01
3.448810958862304688e+01 -1.498154449462890625e+01
3.448810958862304688e+01 -1.498154449462890625e+01
3.448810958862304688e+01 -1.498154449462890625e+01
3.448810958862304688e+01 -1.498154449462890625e+01
3.448810958862304688e+01 -1.498154449462890625e+01
3.448810958862304688e+01 -1.498154449462890625e+01
3.448810958862304688e+01 -1.498154449462890625e+01
3.448810958862304688e+01 -1.498154449462890625e+01
3.448810958862304688e+01 -1.498154449462890625e+01
3.448537063598632812e+01 -1.398903656005859375e+01
3.448537063598632812e+01 -1.398903656005859375e+01
3.448537063598632812e+01 -1.398903656005859375e+01
3.448537063598632812e+01 -1.398903656005859375e+01
3.448537063598632812e+01 -1.398903656005859375e+01
3.448537063598632812e+01 -1.398903656005859375e+01
3.448537063598632812e+01 -1.398903656005859375e+01
3.448537063598632812e+01 -1.398903656005859375e+01
3.448537063598632812e+01 -1.398903656005859375e+01
3.452276992797851562e+01 -1.304506778717041016e+01
3.452276992797851562e+01 -1.304506778717041016e+01
3.452276992797851562e+01 -1.304506778717041016e+01
3.452276992797851562e+01 -1.304506778717041016e+01
3.452276992797851562e+01 -1.304506778717041016e+01
3.452276992797851562e+01 -1.304506778717041016e+01
3.452276992797851562e+01 -1.304506778717041016e+01
3.452276992797851562e+01 -1.304506778717041016e+01
3.452276992797851562e+01 -1.304506778717041016e+01
3.448709106445312500e+01 -1.200967597961425781e+01
3.448709106445312500e+01 -1.200967597961425781e+01
3.448709106445312500e+01 -1.200967597961425781e+01
3.448709106445312500e+01 -1.200967597961425781e+01
3.448709106445312500e+01 -1.200967597961425781e+01
3.448709106445312500e+01 -1.200967597961425781e+01
3.448709106445312500e+01 -1.200967597961425781e+01
3.448709106445312500e+01 -1.200967597961425781e+01
3.448709106445312500e+01 -1.200967597961425781e+01
3.449482345581054688e+01 -1.100870227813720703e+01
3.449482345581054688e+01 -1.100870227813720703e+01
3.449482345581054688e+01 -1.100870227813720703e+01
3.449482345581054688e+01 -1.100870227813720703e+01
3.449482345581054688e+01 -1.100870227813720703e+01
3.449482345581054688e+01 -1.100870227813720703e+01
3.449482345581054688e+01 -1.100870227813720703e+01
3.449482345581054688e+01 -1.100870227813720703e+01
3.449482345581054688e+01 -1.100870227813720703e+01
3.447048950195312500e+01 -1.002765178680419922e+01
3.447048950195312500e+01 -1.002765178680419922e+01
3.447048950195312500e+01 -1.002765178680419922e+01
3.447048950195312500e+01 -1.002765178680419922e+01
3.447048950195312500e+01 -1.002765178680419922e+01
3.447048950195312500e+01 -1.002765178680419922e+01
3.447048950195312500e+01 -1.002765178680419922e+01
3.447048950195312500e+01 -1.002765178680419922e+01
3.447048950195312500e+01 -1.002765178680419922e+01
3.451244354248046875e+01 -9.002683639526367188e+00
3.451244354248046875e+01 -9.002683639526367188e+00
3.451244354248046875e+01 -9.002683639526367188e+00
3.451244354248046875e+01 -9.002683639526367188e+00
3.451244354248046875e+01 -9.002683639526367188e+00
3.451244354248046875e+01 -9.002683639526367188e+00
3.451244354248046875e+01 -9.002683639526367188e+00
3.451244354248046875e+01 -9.002683639526367188e+00
3.451244354248046875e+01 -9.002683639526367188e+00
3.452282333374023438e+01 -7.989263534545898438e+00
3.452282333374023438e+01 -7.989263534545898438e+00
3.452282333374023438e+01 -7.989263534545898438e+00
3.452282333374023438e+01 -7.989263534545898438e+00
3.452282333374023438e+01 -7.989263534545898438e+00
3.452282333374023438e+01 -7.989263534545898438e+00
3.452282333374023438e+01 -7.989263534545898438e+00
3.452282333374023438e+01 -7.989263534545898438e+00
3.452282333374023438e+01 -7.989263534545898438e+00
3.450249481201171875e+01 -6.988261699676513672e+00
3.450249481201171875e+01 -6.988261699676513672e+00
3.450249481201171875e+01 -6.988261699676513672e+00
3.450249481201171875e+01 -6.988261699676513672e+00
3.450249481201171875e+01 -6.988261699676513672e+00
3.450249481201171875e+01 -6.988261699676513672e+00
3.450249481201171875e+01 -6.988261699676513672e+00
3.450249481201171875e+01 -6.988261699676513672e+00
3.450249481201171875e+01 -6.988261699676513672e+00
3.452856445312500000e+01 -6.013780117034912109e+00
3.452856445312500000e+01 -6.013780117034912109e+00
3.452856445312500000e+01 -6.013780117034912109e+00
3.452856445312500000e+01 -6.013780117034912109e+00
3.452856445312500000e+01 -6.013780117034912109e+00
3.452856445312500000e+01 -6.013780117034912109e+00
3.452856445312500000e+01 -6.013780117034912109e+00
3.452856445312500000e+01 -6.013780117034912109e+00
3.452856445312500000e+01 -6.013780117034912109e+00
3.453774261474609375e+01 -4.970811367034912109e+00
3.453774261474609375e+01 -4.970811367034912109e+00
3.453774261474609375e+01 -4.970811367034912109e+00
3.453774261474609375e+01 -4.970811367034912109e+00
3.453774261474609375e+01 -4.970811367034912109e+00
3.453774261474609375e+01 -4.970811367034912109e+00
3.453774261474609375e+01 -4.970811367034912109e+00
3.453774261474609375e+01 -4.970811367034912109e+00
3.453774261474609375e+01 -4.970811367034912109e+00
3.450656127929687500e+01 -4.010855674743652344e+00
3.450656127929687500e+01 -4.010855674743652344e+00
3.450656127929687500e+01 -4.010855674743652344e+00
3.450656127929687500e+01 -4.010855674743652344e+00
3.450656127929687500e+01 -4.010855674743652344e+00
3.450656127929687500e+01 -4.010855674743652344e+00
3.450656127929687500e+01 -4.010855674743652344e+00
3.450656127929687500e+01 -4.010855674743652344e+00
3.450656127929687500e+01 -4.010855674743652344e+00
3.453223419189453125e+01 -2.990815639495849609e+00
3.453223419189453125e+01 -2.990815639495849609e+00
3.453223419189453125e+01 -2.990815639495849609e+00
3.453223419189453125e+01 -2.990815639495849609e+00
3.453223419189453125e+01 -2.990815639495849609e+00
3.453223419189453125e+01 -2.990815639495849609e+00
3.453223419189453125e+01 -2.990815639495849609e+00
3.453223419189453125e+01 -2.990815639495849609e+00
3.453223419189453125e+01 -2.990815639495849609e+00
3.452748489379882812e+01 -1.978750109672546387e+00
3.452748489379882812e+01 -1.978750109672546387e+00
3.452748489379882812e+01 -1.978750109672546387e+00
3.452748489379882812e+01 -1.978750109672546387e+00
3.452748489379882812e+01 -1.978750109672546387e+00
3.452748489379882812e+01 -1.978750109672546387e+00
3.452748489379882812e+01 -1.978750109672546387e+00
3.452748489379882812e+01 -1.978750109672546387e+00
3.452748489379882812e+01 -1.978750109672546387e+00
3.449331665039062500e+01 -9.634855389595031738e-01
3.449331665039062500e+01 -9.634855389595031738e-01
3.449331665039062500e+01 -9.634855389595031738e-01
3.449331665039062500e+01 -9.634855389595031738e-01
3.449331665039062500e+01 -9.634855389595031738e-01
3.449331665039062500e+01 -9.634855389595031738e-01
3.449331665039062500e+01 -9.634855389595031738e-01
3.449331665039062500e+01 -9.634855389595031738e-01
3.449331665039062500e+01 -9.634855389595031738e-01
3.450675201416015625e+01 -3.613539785146713257e-02
3.450675201416015625e+01 -3.613539785146713257e-02
3.450675201416015625e+01 -3.613539785146713257e-02
3.450675201416015625e+01 -3.613539785146713257e-02
3.450675201416015625e+01 -3.613539785146713257e-02
3.450675201416015625e+01 -3.613539785146713257e-02
3.450675201416015625e+01 -3.613539785146713257e-02
3.450675201416015625e+01 -3.613539785146713257e-02
3.450675201416015625e+01 -3.613539785146713257e-02
3.449331665039062500e+01 9.634855389595031738e-01
3.449331665039062500e+01 9.634855389595031738e-01
3.449331665039062500e+01 9.634855389595031738e-01
3.449331665039062500e+01 9.634855389595031738e-01
3.449331665039062500e+01 9.634855389595031738e-01
3.449331665039062500e+01 9.634855389595031738e-01
3.449331665039062500e+01 9.634855389595031738e-01
3.449331665039062500e+01 9.634855389595031738e-01
3.449331665039062500e+01 9.634855389595031738e-01
3.452748489379882812e+01 1.978750109672546387e+00
3.452748489379882812e+01 1.978750109672546387e+00
3.452748489379882812e+01 1.978750109672546387e+00
3.452748489379882812e+01 1.978750109672546387e+00
3.452748489379882812e+01 1.978750109672546387e+00
3.452748489379882812e+01 1.978750109672546387e+00
3.452748489379882812e+01 1.978750109672546387e+00
3.452748489379882812e+01 1.978750109672546387e+00
3.452748489379882812e+01 1.978750109672546387e+00
3.453223419189453125e+01 2.990815639495849609e+00
3.453223419189453125e+01 2.990815639495849609e+00
3.453223419189453125e+01 2.990815639495849609e+00
3.453223419189453125e+01 2.990815639495849609e+00
3.453223419189453125e+01 2.990815639495849609e+00
3.453223419189453125e+01 2.990815639495849609e+00
3.453223419189453125e+01 2.990815639495849609e+00
3.453223419189453125e+01 2.990815639495849609e+00
3.453223419189453125e+01 2.990815639495849609e+00
3.450656127929687500e+01 4.010855674743652344e+00
3.450656127929687500e+01 4.010855674743652344e+00
3.450656127929687500e+01 4.010855674743652344e+00
3.450656127929687500e+01 4.010855674743652344e+00
3.450656127929687500e+01 4.010855674743652344e+00
3.450656127929687500e+01 4.010855674743652344e+00
3.450656127929687500e+01 4.010855674743652344e+00
3.450656127929687500e+01 4.010855674743652344e+00
3.450656127929687500e+01 4.010855674743652344e+00
3.453774261474609375e+01 4.970811367034912109e+00
3.453774261474609375e+01 4.970811367034912109e+00
3.453774261474609375e+01 4.970811367034912109e+00
3.453774261474609375e+01 4.970811367034912109e+00
3.453774261474609375e+01 4.970811367034912109e+00
3.453774261474609375e+01 4.970811367034912109e+00
3.453774261474609375e+01 4.970811367034912109e+00
3.453774261474609375e+01 4.970811367034912109e+00
3.453774261474609375e+01 4.970811367034912109e+00
3.452856445312500000e+01 6.013780117034912109e+00
3.452856445312500000e+01 6.013780117034912109e+00
3.452856445312500000e+01 6.013780117034912109e+00
3.452856445312500000e+01 6.013780117034912109e+00
3.452856445312500000e+01 6.013780117034912109e+00
3.452856445312500000e+01 6.013780117034912109e+00
3.452856445312500000e+01 6.013780117034912109e+00
3.452856445312500000e+01 6.013780117034912109e+00
3.452856445312500000e+01 6.013780117034912109e+00
3.450249481201171875e+01 6.988261699676513672e+00
3.450249481201171875e+01 6.988261699676513672e+00
3.450249481201171875e+01 6.988261699676513672e+00
3.450249481201171875e+01 6.988261699676513672e+00
3.450249481201171875e+01 6.988261699676513672e+00
3.450249481201171875e+01 6.988261699676513672e+00
3.450249481201171875e+01 6.988261699676513672e+00
3.450249481201171875e+01 6.988261699676513672e+00
3.450249481201171875e+01 6.988261699676513672e+00
3.452282333374023438e+01 7.989263534545898438e+00
3.452282333374023438e+01 7.989263534545898438e+00
3.452282333374023438e+01 7.989263534545898438e+00
3.452282333374023438e+01 7.989263534545898438e+00
3.452282333374023438e+01 7.989263534545898438e+00
3.452282333374023438e+01 7.989263534545898438e+00
3.452282333374023438e+01 7.989263534545898438e+00
3.452282333374023438e+01 7.989263534545898438e+00
3.452282333374023438e+01 7.989263534545898438e+00
3.451244354248046875e+01 9.002683639526367188e+00
3.451244354248046875e+01 9.002683639526367188e+00
3.451244354248046875e+01 9.002683639526367188e+00
3.451244354248046875e+01 9.002683639526367188e+00
3.451244354248046875e+01 9.002683639526367188e+00
3.451244354248046875e+01 9.002683639526367188e+00
3.451244354248046875e+01 9.002683639526367188e+00
3.451244354248046875e+01 9.002683639526367188e+00
3.451244354248046875e+01 9.002683639526367188e+00
3.447048950195312500e+01 1.002765178680419922e+01
3.447048950195312500e+01 1.002765178680419922e+01
3.447048950195312500e+01 1.002765178680419922e+01
3.447048950195312500e+01 1.002765178680419922e+01
3.447048950195312500e+01 1.002765178680419922e+01
3.447048950195312500e+01 1.002765178680419922e+01
3.447048950195312500e+01 1.002765178680419922e+01
3.447048950195312500e+01 1.002765178680419922e+01
3.447048950195312500e+01 1.002765178680419922e+01
3.449482345581054688e+01 1.100870227813720703e+01
3.449482345581054688e+01 1.100870227813720703e+01
3.449482345581054688e+01 1.100870227813720703e+01
3.449482345581054688e+01 1.100870227813720703e+01
3.449482345581054688e+01 1.100870227813720703e+01
3.449482345581054688e+01 1.100870227813720703e+01
3.449482345581054688e+01 1.100870227813720703e+01
3.449482345581054688e+01 1.100870227813720703e+01
3.449482345581054688e+01 1.100870227813720703e+01
3.448709106445312500e+01 1.200967597961425781e+01
3.448709106445312500e+01 1.200967597961425781e+01
3.448709106445312500e+01 1.200967597961425781e+01
3.448709106445312500e+01 1.200967597961425781e+01
3.448709106445312500e+01 1.200967597961425781e+01
3.448709106445312500e+01 1.200967597961425781e+01
3.448709106445312500e+01 1.200967597961425781e+01
3.448709106445312500e+01 1.200967597961425781e+01
3.448709106445312500e+01 1.200967597961425781e+01
3.452276992797851562e+01 1.304506778717041016e+01
3.452276992797851562e+01 1.304506778717041016e+01
3.452276992797851562e+01 1.304506778717041016e+01
3.452276992797851562e+01 1.304506778717041016e+01
3.452276992797851562e+01 1.304506778717041016e+01
3.452276992797851562e+01 1.304506778717041016e+01
3.452276992797851562e+01 1.304506778717041016e+01
3.452276992797851562e+01 1.304506778717041016e+01
3.452276992797851562e+01 1.304506778717041016e+01
3.448537063598632812e+01 1.398903656005859375e+01
3.448537063598632812e+01 1.398903656005859375e+01
3.448537063598632812e+01 1.398903656005859375e+01
3.448537063598632812e+01 1.398903656005859375e+01
3.448537063598632812e+01 1.398903656005859375e+01
3.448537063598632812e+01 1.398903656005859375e+01
3.448537063598632812e+01 1.398903656005859375e+01
3.448537063598632812e+01 1.398903656005859375e+01
3.448537063598632812e+01 1.398903656005859375e+01
3.448810958862304688e+01 1.498154449462890625e+01
3.448810958862304688e+01 1.498154449462890625e+01
3.448810958862304688e+01 1.498154449462890625e+01
3.448810958862304688e+01 1.498154449462890625e+01
3.448810958862304688e+01 1.498154449462890625e+01
3.448810958862304688e+01 1.498154449462890625e+01
3.448810958862304688e+01 1.498154449462890625e+01
3.448810958862304688e+01 1.498154449462890625e+01
3.448810958862304688e+01 1.498154449462890625e+01
3.453012084960937500e+01 1.602102279663085938e+01
3.453012084960937500e+01 1.602102279663085938e+01
3.453012084960937500e+01 1.602102279663085938e+01
3.453012084960937500e+01 1.602102279663085938e+01
3.453012084960937500e+01 1.602102279663085938e+01
3.453012084960937500e+01 1.602102279663085938e+01
3.453012084960937500e+01 1.602102279663085938e+01
3.453012084960937500e+01 1.602102279663085938e+01
3.453012084960937500e+01 1.602102279663085938e+01
3.451081085205078125e+01 1.695898628234863281e+01
3.451081085205078125e+01 1.695898628234863281e+01
3.451081085205078125e+01 1.695898628234863281e+01
3.451081085205078125e+01 1.695898628234863281e+01
3.451081085205078125e+01 1.695898628234863281e+01
3.451081085205078125e+01 1.695898628234863281e+01
3.451081085205078125e+01 1.695898628234863281e+01
3.451081085205078125e+01 1.695898628234863281e+01
3.451081085205078125e+01 1.695898628234863281e+01
3.448508453369140625e+01 1.803603172302246094e+01
3.448508453369140625e+01 1.803603172302246094e+01
3.448508453369140625e+01 1.803603172302246094e+01
3.448508453369140625e+01 1.803603172302246094e+01
3.448508453369140625e+01 1.803603172302246094e+01
3.448508453369140625e+01 1.803603172302246094e+01
3.448508453369140625e+01 1.803603172302246094e+01
3.448508453369140625e+01 1.803603172302246094e+01
3.448508453369140625e+01 1.803603172302246094e+01
3.451649093627929688e+01 1.895991516113281250e+01
3.451649093627929688e+01 1.895991516113281250e+01
3.451649093627929688e+01 1.895991516113281250e+01
3.451649093627929688e+01 1.895991516113281250e+01
3.451649093627929688e+01 1.895991516113281250e+01
3.451649093627929688e+01 1.895991516113281250e+01
3.451649093627929688e+01 1.895991516113281250e+01
3.451649093627929688e+01 1.895991516113281250e+01
3.451649093627929688e+01 1.895991516113281250e+01
3.446869659423828125e+01 1.998884201049804688e+01
3.446869659423828125e+01 1.998884201049804688e+01
3.446869659423828125e+01 1.998884201049804688e+01
3.446869659423828125e+01 1.998884201049804688e+01
3.446869659423828125e+01 1.998884201049804688e+01
3.446869659423828125e+01 1.998884201049804688e+01
3.446869659423828125e+01 1.998884201049804688e+01
3.446869659423828125e+01 1.998884201049804688e+01
3.446869659423828125e+01 1.998884201049804688e+01
3.417472457885742188e+01 2.078672981262207031e+01
3.417472457885742188e+01 2.078672981262207031e+01
3.417472457885742188e+01 2.078672981262207031e+01
3.417472457885742188e+01 2.078672981262207031e+01
3.417472457885742188e+01 2.078672981262207031e+01
3.417472457885742188e+01 2.078672981262207031e+01
3.417472457885742188e+01 2.078672981262207031e+01
3.417472457885742188e+01 2.078672981262207031e+01
3.417472457885742188e+01 2.078672981262207031e+01
3.372815322875976562e+01 2.150375938415527344e+01
3.372815322875976562e+01 2.150375938415527344e+01
3.372815322875976562e+01 2.150375938415527344e+01
3.372815322875976562e+01 2.150375938415527344e+01
3.372815322875976562e+01 2.150375938415527344e+01
3.372815322875976562e+01 2.150375938415527344e+01
3.372815322875976562e+01 2.150375938415527344e+01
3.372815322875976562e+01 2.150375938415527344e+01
3.372815322875976562e+01 2.150375938415527344e+01
3.325878524780273438e+01 2.222280883789062500e+01
3.325878524780273438e+01 2.222280883789062500e+01
3.325878524780273438e+01 2.222280883789062500e+01
3.325878524780273438e+01 2.222280883789062500e+01
3.325878524780273438e+01 2.222280883789062500e+01
3.325878524780273438e+01 2.222280883789062500e+01
3.325878524780273438e+01 2.222280883789062500e+01
3.325878524780273438e+01 2.222280883789062500e+01
3.325878524780273438e+01 2.222280883789062500e+01
3.283002471923828125e+01 2.285146713256835938e+01
3.283002471923828125e+01 2.285146713256835938e+01
3.283002471923828125e+01 2.285146713256835938e+01
3.283002471923828125e+01 2.285146713256835938e+01
3.283002471923828125e+01 2.285146713256835938e+01
3.283002471923828125e+01 2.285146713256835938e+01
3.283002471923828125e+01 2.285146713256835938e+01
3.283002471923828125e+01 2.285146713256835938e+01
3.283002471923828125e+01 2.285146713256835938e+01
3.276608276367187500e+01 -2.294305801391601562e+01
3.276608276367187500e+01 -2.294305801391601562e+01
3.276608276367187500e+01 -2.294305801391601562e+01
3.276608276367187500e+01 -2.294305801391601562e+01
3.276608276367187500e+01 -2.294305801391601562e+01
3.276608276367187500e+01 -2.294305801391601562e+01
3.276608276367187500e+01 -2.294305801391601562e+01
3.276608276367187500e+01 -2.294305801391601562e+01
3.276608276367187500e+01 -2.294305801391601562e+01
3.313806152343750000e+01 -2.240242958068847656e+01
3.313806152343750000e+01 -2.240242958068847656e+01
3.313806152343750000e+01 -2.240242958068847656e+01
3.313806152343750000e+01 -2.240242958068847656e+01
3.313806152343750000e+01 -2.240242958068847656e+01
3.313806152343750000e+01 -2.240242958068847656e+01
3.313806152343750000e+01 -2.240242958068847656e+01
3.313806152343750000e+01 -2.240242958068847656e+01
3.313806152343750000e+01 -2.240242958068847656e+01
3.355442428588867188e+01 -2.177384948730468750e+01
3.355442428588867188e+01 -2.177384948730468750e+01
3.355442428588867188e+01 -2.177384948730468750e+01
3.355442428588867188e+01 -2.177384948730468750e+01
3.355442428588867188e+01 -2.177384948730468750e+01
3.355442428588867188e+01 -2.177384948730468750e+01
3.355442428588867188e+01 -2.177384948730468750e+01
3.355442428588867188e+01 -2.177384948730468750e+01
3.355442428588867188e+01 -2.177384948730468750e+01
3.401041412353515625e+01 -2.105449295043945312e+01
3.401041412353515625e+01 -2.105449295043945312e+01
3.401041412353515625e+01 -2.105449295043945312e+01
3.401041412353515625e+01 -2.105449295043945312e+01
3.401041412353515625e+01 -2.105449295043945312e+01
3.401041412353515625e+01 -2.105449295043945312e+01
3.401041412353515625e+01 -2.105449295043945312e+01
3.401041412353515625e+01 -2.105449295043945312e+01
3.401041412353515625e+01 -2.105449295043945312e+01
3.444388961791992188e+01 -2.033761596679687500e+01
3.444388961791992188e+01 -2.033761596679687500e+01
3.444388961791992188e+01 -2.033761596679687500e+01
3.444388961791992188e+01 -2.033761596679687500e+01
3.444388961791992188e+01 -2.033761596679687500e+01
3.444388961791992188e+01 -2.033761596679687500e+01
3.444388961791992188e+01 -2.033761596679687500e+01
3.444388961791992188e+01 -2.033761596679687500e+01
3.444388961791992188e+01 -2.033761596679687500e+01
3.485882949829101562e+01 -1.961790084838867188e+01
3.485882949829101562e+01 -1.961790084838867188e+01
3.485882949829101562e+01 -1.961790084838867188e+01
3.485882949829101562e+01 -1.961790084838867188e+01
3.485882949829101562e+01 -1.961790084838867188e+01
3.485882949829101562e+01 -1.961790084838867188e+01
3.485882949829101562e+01 -1.961790084838867188e+01
3.485882949829101562e+01 -1.961790084838867188e+01
3.485882949829101562e+01 -1.961790084838867188e+01
3.525213623046875000e+01 -1.890203094482421875e+01
3.525213623046875000e+01 -1.890203094482421875e+01
3.525213623046875000e+01 -1.890203094482421875e+01
3.525213623046875000e+01 -1.890203094482421875e+01
3.525213623046875000e+01 -1.890203094482421875e+01
3.525213623046875000e+01 -1.890203094482421875e+01
3.525213623046875000e+01 -1.890203094482421875e+01
3.525213623046875000e+01 -1.890203094482421875e+01
3.525213623046875000e+01 -1.890203094482421875e+01
3.546804809570312500e+01 -1.798618507385253906e+01
3.546804809570312500e+01 -1.798618507385253906e+01
3.546804809570312500e+01 -1.798618507385253906e+01
3.546804809570312500e+01 -1.798618507385253906e+01
3.546804809570312500e+01 -1.798618507385253906e+01
3.546804809570312500e+01 -1.798618507385253906e+01
3.546804809570312500e+01 -1.798618507385253906e+01
3.546804809570312500e+01 -1.798618507385253906e+01
3.546804809570312500e+01 -1.798618507385253906e+01
3.551510620117187500e+01 -1.701598739624023438e+01
3.551510620117187500e+01 -1.701598739624023438e+01
3.551510620117187500e+01 -1.701598739624023438e+01
3.551510620117187500e+01 -1.701598739624023438e+01
3.551510620117187500e+01 -1.701598739624023438e+01
3.551510620117187500e+01 -1.701598739624023438e+01
3.551510620117187500e+01 -1.701598739624023438e+01
3.551510620117187500e+01 -1.701598739624023438e+01
3.551510620117187500e+01 -1.701598739624023438e+01
3.546333312988281250e+01 -1.602721405029296875e+01
3.546333312988281250e+01 -1.602721405029296875e+01
3.546333312988281250e+01 -1.602721405029296875e+01
3.546333312988281250e+01 -1.602721405029296875e+01
3.546333312988281250e+01 -1.602721405029296875e+01
3.546333312988281250e+01 -1.602721405029296875e+01
3.546333312988281250e+01 -1.602721405029296875e+01
3.546333312988281250e+01 -1.602721405029296875e+01
3.546333312988281250e+01 -1.602721405029296875e+01
3.548802185058593750e+01 -1.500532722473144531e+01
3.548802185058593750e+01 -1.500532722473144531e+01
3.548802185058593750e+01 -1.500532722473144531e+01
3.548802185058593750e+01 -1.500532722473144531e+01
3.548802185058593750e+01 -1.500532722473144531e+01
3.548802185058593750e+01 -1.500532722473144531e+01
3.548802185058593750e+01 -1.500532722473144531e+01
3.548802185058593750e+01 -1.500532722473144531e+01
3.548802185058593750e+01 -1.500532722473144531e+01
3.548171615600585938e+01 -1.399808502197265625e+01
3.548171615600585938e+01 -1.399808502197265625e+01
3.548171615600585938e+01 -1.399808502197265625e+01
3.548171615600585938e+01 -1.399808502197265625e+01
3.548171615600585938e+01 -1.399808502197265625e+01
3.548171615600585938e+01 -1.399808502197265625e+01
3.548171615600585938e+01 -1.399808502197265625e+01
3.548171615600585938e+01 -1.399808502197265625e+01
3.548171615600585938e+01 -1.399808502197265625e+01
3.551800918579101562e+01 -1.303290271759033203e+01
3.551800918579101562e+01 -1.303290271759033203e+01
3.551800918579101562e+01 -1.303290271759033203e+01
3.551800918579101562e+01 -1.303290271759033203e+01
3.551800918579101562e+01 -1.303290271759033203e+01
3.551800918579101562e+01 -1.303290271759033203e+01
3.551800918579101562e+01 -1.303290271759033203e+01
3.551800918579101562e+01 -1.303290271759033203e+01
3.551800918579101562e+01 -1.303290271759033203e+01
3.548046493530273438e+01 -1.197497558593750000e+01
3.548046493530273438e+01 -1.197497558593750000e+01
3.548046493530273438e+01 -1.197497558593750000e+01
3.548046493530273438e+01 -1.197497558593750000e+01
3.548046493530273438e+01 -1.197497558593750000e+01
3.548046493530273438e+01 -1.197497558593750000e+01
3.548046493530273438e+01 -1.197497558593750000e+01
3.548046493530273438e+01 -1.197497558593750000e+01
3.548046493530273438e+01 -1.197497558593750000e+01
3.548414611816406250e+01 -1.095703792572021484e+01
3.548414611816406250e+01 -1.095703792572021484e+01
3.548414611816406250e+01 -1.095703792572021484e+01
3.548414611816406250e+01 -1.095703792572021484e+01
3.548414611816406250e+01 -1.095703792572021484e+01
3.548414611816406250e+01 -1.095703792572021484e+01
3.548414611816406250e+01 -1.095703792572021484e+01
3.548414611816406250e+01 -1.095703792572021484e+01
3.548414611816406250e+01 -1.095703792572021484e+01
3.553009414672851562e+01 -9.980368614196777344e+00
3.553009414672851562e+01 -9.980368614196777344e+00
3.553009414672851562e+01 -9.980368614196777344e+00
3.553009414672851562e+01 -9.980368614196777344e+00
3.553009414672851562e+01 -9.980368614196777344e+00
3.553009414672851562e+01 -9.980368614196777344e+00
3.553009414672851562e+01 -9.980368614196777344e+00
3.553009414672851562e+01 -9.980368614196777344e+00
3.553009414672851562e+01 -9.980368614196777344e+00
3.547286987304687500e+01 -8.995780944824218750e+00
3.547286987304687500e+01 -8.995780944824218750e+00
3.547286987304687500e+01 -8.995780944824218750e+00
3.547286987304687500e+01 -8.995780944824218750e+00
3.547286987304687500e+01 -8.995780944824218750e+00
3.547286987304687500e+01 -8.995780944824218750e+00
3.547286987304687500e+01 -8.995780944824218750e+00
3.547286987304687500e+01 -8.995780944824218750e+00
3.547286987304687500e+01 -8.995780944824218750e+00
3.548233413696289062e+01 -7.957254886627197266e+00
3.548233413696289062e+01 -7.957254886627197266e+00
3.548233413696289062e+01 -7.957254886627197266e+00
3.548233413696289062e+01 -7.957254886627197266e+00
3.548233413696289062e+01 -7.957254886627197266e+00
3.548233413696289062e+01 -7.957254886627197266e+00
3.548233413696289062e+01 -7.957254886627197266e+00
3.548233413696289062e+01 -7.957254886627197266e+00
3.548233413696289062e+01 -7.957254886627197266e+00
3.552053070068359375e+01 -7.026812553405761719e+00
3.552053070068359375e+01 -7.026812553405761719e+00
3.552053070068359375e+01 -7.026812553405761719e+00
3.552053070068359375e+01 -7.026812553405761719e+00
3.552053070068359375e+01 -7.026812553405761719e+00
3.552053070068359375e+01 -7.026812553405761719e+00
3.552053070068359375e+01 -7.026812553405761719e+00
3.552053070068359375e+01 -7.026812553405761719e+00
3.552053070068359375e+01 -7.026812553405761719e+00
3.547087478637695312e+01 -6.012186050415039062e+00
3.547087478637695312e+01 -6.012186050415039062e+00
3.547087478637695312e+01 -6.012186050415039062e+00
3.547087478637695312e+01 -6.012186050415039062e+00
3.547087478637695312e+01 -6.012186050415039062e+00
3.547087478637695312e+01 -6.012186050415039062e+00
3.547087478637695312e+01 -6.012186050415039062e+00
3.547087478637695312e+01 -6.012186050415039062e+00
3.547087478637695312e+01 -6.012186050415039062e+00
3.546819305419921875e+01 -5.022610664367675781e+00
3.546819305419921875e+01 -5.022610664367675781e+00
3.546819305419921875e+01 -5.022610664367675781e+00
3.546819305419921875e+01 -5.022610664367675781e+00
3.546819305419921875e+01 -5.022610664367675781e+00
3.546819305419921875e+01 -5.022610664367675781e+00
3.546819305419921875e+01 -5.022610664367675781e+00
3.546819305419921875e+01 -5.022610664367675781e+00
3.546819305419921875e+01 -5.022610664367675781e+00
3.552330398559570312e+01 -3.972021579742431641e+00
3.552330398559570312e+01 -3.972021579742431641e+00
3.552330398559570312e+01 -3.972021579742431641e+00
3.552330398559570312e+01 -3.972021579742431641e+00
3.552330398559570312e+01 -3.972021579742431641e+00
3.552330398559570312e+01 -3.972021579742431641e+00
3.552330398559570312e+01 -3.972021579742431641e+00
3.552330398559570312e+01 -3.972021579742431641e+00
3.552330398559570312e+01 -3.972021579742431641e+00
3.546408081054687500e+01 -2.990468978881835938e+00
3.546408081054687500e+01 -2.990468978881835938e+00
3.546408081054687500e+01 -2.990468978881835938e+00
3.546408081054687500e+01 -2.990468978881835938e+00
3.546408081054687500e+01 -2.990468978881835938e+00
3.546408081054687500e+01 -2.990468978881835938e+00
3.546408081054687500e+01 -2.990468978881835938e+00
3.546408081054687500e+01 -2.990468978881835938e+00
3.546408081054687500e+01 -2.990468978881835938e+00
3.553163909912109375e+01 -2.036297559738159180e+00
3.553163909912109375e+01 -2.036297559738159180e+00
3.553163909912109375e+01 -2.036297559738159180e+00
3.553163909912109375e+01 -2.036297559738159180e+00
3.553163909912109375e+01 -2.036297559738159180e+00
3.553163909912109375e+01 -2.036297559738159180e+00
3.553163909912109375e+01 -2.036297559738159180e+00
3.553163909912109375e+01 -2.036297559738159180e+00
3.553163909912109375e+01 -2.036297559738159180e+00
3.549872589111328125e+01 -9.915692210197448730e-01
3.549872589111328125e+01 -9.915692210197448730e-01
3.549872589111328125e+01 -9.915692210197448730e-01
3.549872589111328125e+01 -9.915692210197448730e-01
3.549872589111328125e+01 -9.915692210197448730e-01
3.549872589111328125e+01 -9.915692210197448730e-01
3.549872589111328125e+01 -9.915692210197448730e-01
3.549872589111328125e+01 -9.915692210197448730e-01
3.549872589111328125e+01 -9.915692210197448730e-01
3.551255416870117188e+01 -3.718867152929306030e-02
3.551255416870117188e+01 -3.718867152929306030e-02
3.551255416870117188e+01 -3.718867152929306030e-02
3.551255416870117188e+01 -3.718867152929306030e-02
3.551255416870117188e+01 -3.718867152929306030e-02
3.551255416870117188e+01 -3.718867152929306030e-02
3.551255416870117188e+01 -3.718867152929306030e-02
3.551255416870117188e+01 -3.718867152929306030e-02
3.551255416870117188e+01 -3.718867152929306030e-02
3.549872589111328125e+01 9.915692210197448730e-01
3.549872589111328125e+01 9.915692210197448730e-01
3.549872589111328125e+01 9.915692210197448730e-01
3.549872589111328125e+01 9.915692210197448730e-01
3.549872589111328125e+01 9.915692210197448730e-01
3.549872589111328125e+01 9.915692210197448730e-01
3.549872589111328125e+01 9.915692210197448730e-01
3.549872589111328125e+01 9.915692210197448730e-01
3.549872589111328125e+01 9.915692210197448730e-01
3.553163909912109375e+01 2.036297559738159180e+00
3.553163909912109375e+01 2.036297559738159180e+00
3.553163909912109375e+01 2.036297559738159180e+00
3.553163909912109375e+01 2.036297559738159180e+00
3.553163909912109375e+01 2.036297559738159180e+00
3.553163909912109375e+01 2.036297559738159180e+00
3.553163909912109375e+01 2.036297559738159180e+00
3.553163909912109375e+01 2.036297559738159180e+00
3.553163909912109375e+01 2.036297559738159180e+00
3.546408081054687500e+01 2.990468978881835938e+00
3.546408081054687500e+01 2.990468978881835938e+00
3.546408081054687500e+01 2.990468978881835938e+00
3.546408081054687500e+01 2.990468978881835938e+00
3.546408081054687500e+01 2.990468978881835938e+00
3.546408081054687500e+01 2.990468978881835938e+00
3.546408081054687500e+01 2.990468978881835938e+00
3.546408081054687500e+01 2.990468978881835938e+00
3.546408081054687500e+01 2.990468978881835938e+00
3.552330398559570312e+01 3.972021579742431641e+00
3.552330398559570312e+01 3.972021579742431641e+00
3.552330398559570312e+01 3.972021579742431641e+00
3.552330398559570312e+01 3.972021579742431641e+00
3.552330398559570312e+01 3.972021579742431641e+00
3.552330398559570312e+01 3.972021579742431641e+00
3.552330398559570312e+01 3.972021579742431641e+00
3.552330398559570312e+01 3.972021579742431641e+00
3.552330398559570312e+01 3.972021579742431641e+00
3.546819305419921875e+01 5.022610664367675781e+00
3.546819305419921875e+01 5.022610664367675781e+00
3.546819305419921875e+01 5.022610664367675781e+00
3.546819305419921875e+01 5.022610664367675781e+00
3.546819305419921875e+01 5.022610664367675781e+00
3.546819305419921875e+01 5.022610664367675781e+00
3.546819305419921875e+01 5.022610664367675781e+00
3.546819305419921875e+01 5.022610664367675781e+00
3.546819305419921875e+01 5.022610664367675781e+00
3.547087478637695312e+01 6.012186050415039062e+00
3.547087478637695312e+01 6.012186050415039062e+00
3.547087478637695312e+01 6.012186050415039062e+00
3.547087478637695312e+01 6.012186050415039062e+00
3.547087478637695312e+01 6.012186050415039062e+00
3.547087478637695312e+01 6.012186050415039062e+00
3.547087478637695312e+01 6.012186050415039062e+00
3.547087478637695312e+01 6.012186050415039062e+00
3.547087478637695312e+01 6.012186050415039062e+00
3.552053070068359375e+01 7.026812553405761719e+00
3.552053070068359375e+01 7.026812553405761719e+00
3.552053070068359375e+01 7.026812553405761719e+00
3.552053070068359375e+01 7.026812553405761719e+00
3.552053070068359375e+01 7.026812553405761719e+00
3.552053070068359375e+01 7.026812553405761719e+00
3.552053070068359375e+01 7.026812553405761719e+00
3.552053070068359375e+01 7.026812553405761719e+00
3.552053070068359375e+01 7.026812553405761719e+00
3.548233413696289062e+01 7.957254886627197266e+00
3.548233413696289062e+01 7.957254886627197266e+00
3.548233413696289062e+01 7.957254886627197266e+00
3.548233413696289062e+01 7.957254886627197266e+00
3.548233413696289062e+01 7.957254886627197266e+00
3.548233413696289062e+01 7.957254886627197266e+00
3.548233413696289062e+01 7.957254886627197266e+00
3.548233413696289062e+01 7.957254886627197266e+00
3.548233413696289062e+01 7.957254886627197266e+00
3.547286987304687500e+01 8.995780944824218750e+00
3.547286987304687500e+01 8.995780944824218750e+00
3.547286987304687500e+01 8.995780944824218750e+00
3.547286987304687500e+01 8.995780944824218750e+00
3.547286987304687500e+01 8.995780944824218750e+00
3.547286987304687500e+01 8.995780944824218750e+00
3.547286987304687500e+01 8.995780944824218750e+00
3.547286987304687500e+01 8.995780944824218750e+00
3.547286987304687500e+01 8.995780944824218750e+00
3.553009414672851562e+01 9.980368614196777344e+00
3.553009414672851562e+01 9.980368614196777344e+00
3.553009414672851562e+01 9.980368614196777344e+00
3.553009414672851562e+01 9.980368614196777344e+00
3.553009414672851562e+01 9.980368614196777344e+00
3.553009414672851562e+01 9.980368614196777344e+00
3.553009414672851562e+01 9.980368614196777344e+00
3.553009414672851562e+01 9.980368614196777344e+00
3.553009414672851562e+01 9.980368614196777344e+00
3.548414611816406250e+01 1.095703792572021484e+01
3.548414611816406250e+01 1.095703792572021484e+01
3.548414611816406250e+01 1.095703792572021484e+01
3.548414611816406250e+01 1.095703792572021484e+01
3.548414611816406250e+01 1.095703792572021484e+01
3.548414611816406250e+01 1.095703792572021484e+01
3.548414611816406250e+01 1.095703792572021484e+01
3.548414611816406250e+01 1.095703792572021484e+01
3.548414611816406250e+01 1.095703792572021484e+01
3.548046493530273438e+01 1.197497558593750000e+01
3.548046493530273438e+01 1.197497558593750000e+01
3.548046493530273438e+01 1.197497558593750000e+01
3.548046493530273438e+01 1.197497558593750000e+01
3.548046493530273438e+01 1.197497558593750000e+01
3.548046493530273438e+01 1.197497558593750000e+01
3.548046493530273438e+01 1.197497558593750000e+01
3.548046493530273438e+01 1.197497558593750000e+01
3.548046493530273438e+01 1.197497558593750000e+01
3.551800918579101562e+01 1.303290271759033203e+01
3.551800918579101562e+01 1.303290271759033203e+01
3.551800918579101562e+01 1.303290271759033203e+01
3.551800918579101562e+01 1.303290271759033203e+01
3.551800918579101562e+01 1.303290271759033203e+01
3.551800918579101562e+01 1.303290271759033203e+01
3.551800918579101562e+01 1.303290271759033203e+01
3.551800918579101562e+01 1.303290271759033203e+01
3.551800918579101562e+01 1.303290271759033203e+01
3.548171615600585938e+01 1.399808502197265625e+01
3.548171615600585938e+01 1.399808502197265625e+01
3.548171615600585938e+01 1.399808502197265625e+01
3.548171615600585938e+01 1.399808502197265625e+01
3.548171615600585938e+01 1.399808502197265625e+01
3.548171615600585938e+01 1.399808502197265625e+01
3.548171615600585938e+01 1.399808502197265625e+01
3.548171615600585938e+01 1.399808502197265625e+01
3.548171615600585938e+01 1.399808502197265625e+01
3.548802185058593750e+01 1.500532722473144531e+01
3.548802185058593750e+01 1.500532722473144531e+01
3.548802185058593750e+01 1.500532722473144531e+01
3.548802185058593750e+01 1.500532722473144531e+01
3.548802185058593750e+01 1.500532722473144531e+01
3.548802185058593750e+01 1.500532722473144531e+01
3.548802185058593750e+01 1.500532722473144531e+01
3.548802185058593750e+01 1.500532722473144531e+01
3.548802185058593750e+01 1.500532722473144531e+01
3.546333312988281250e+01 1.602721405029296875e+01
3.546333312988281250e+01 1.602721405029296875e+01
3.546333312988281250e+01 1.602721405029296875e+01
3.546333312988281250e+01 1.602721405029296875e+01
3.546333312988281250e+01 1.602721405029296875e+01
3.546333312988281250e+01 1.602721405029296875e+01
3.546333312988281250e+01 1.602721405029296875e+01
3.546333312988281250e+01 1.602721405029296875e+01
3.546333312988281250e+01 1.602721405029296875e+01
3.551510620117187500e+01 1.701598739624023438e+01
3.551510620117187500e+01 1.701598739624023438e+01
3.551510620117187500e+01 1.701598739624023438e+01
3.551510620117187500e+01 1.701598739624023438e+01
3.551510620117187500e+01 1.701598739624023438e+01
3.551510620117187500e+01 1.701598739624023438e+01
3.551510620117187500e+01 1.701598739624023438e+01
3.551510620117187500e+01 1.701598739624023438e+01
3.551510620117187500e+01 1.701598739624023438e+01
3.546804809570312500e+01 1.798618507385253906e+01
3.546804809570312500e+01 1.798618507385253906e+01
3.546804809570312500e+01 1.798618507385253906e+01
3.546804809570312500e+01 1.798618507385253906e+01
3.546804809570312500e+01 1.798618507385253906e+01
3.546804809570312500e+01 1.798618507385253906e+01
3.546804809570312500e+01 1.798618507385253906e+01
3.546804809570312500e+01 1.798618507385253906e+01
3.546804809570312500e+01 1.798618507385253906e+01
3.525213623046875000e+01 1.890203094482421875e+01
3.525213623046875000e+01 1.890203094482421875e+01
3.525213623046875000e+01 1.890203094482421875e+01
3.525213623046875000e+01 1.890203094482421875e+01
3.525213623046875000e+01 1.890203094482421875e+01
3.525213623046875000e+01 1.890203094482421875e+01
3.525213623046875000e+01 1.890203094482421875e+01
3.525213623046875000e+01 1.890203094482421875e+01
3.525213623046875000e+01 1.890203094482421875e+01
3.485882949829101562e+01 1.961790084838867188e+01
3.485882949829101562e+01 1.961790084838867188e+01
3.485882949829101562e+01 1.961790084838867188e+01
3.485882949829101562e+01 1.961790084838867188e+01
3.485882949829101562e+01 1.961790084838867188e+01
3.485882949829101562e+01 1.961790084838867188e+01
3.485882949829101562e+01 1.961790084838867188e+01
3.485882949829101562e+01 1.961790084838867188e+01
3.485882949829101562e+01 1.961790084838867188e+01
3.444388961791992188e+01 2.033761596679687500e+01
3.444388961791992188e+01 2.033761596679687500e+01
3.444388961791992188e+01 2.033761596679687500e+01
3.444388961791992188e+01 2.033761596679687500e+01
3.444388961791992188e+01 2.033761596679687500e+01
3.444388961791992188e+01 2.033761596679687500e+01
3.444388961791992188e+01 2.033761596679687500e+01
3.444388961791992188e+01 2.033761596679687500e+01
3.444388961791992188e+01 2.033761596679687500e+01
3.401041412353515625e+01 2.105449295043945312e+01
3.401041412353515625e+01 2.105449295043945312e+01
3.401041412353515625e+01 2.105449295043945312e+01
3.401041412353515625e+01 2.105449295043945312e+01
3.401041412353515625e+01 2.105449295043945312e+01
3.401041412353515625e+01 2.105449295043945312e+01
3.401041412353515625e+01 2.105449295043945312e+01
3.401041412353515625e+01 2.105449295043945312e+01
3.401041412353515625e+01 2.105449295043945312e+01
3.355442428588867188e+01 2.177384948730468750e+01
3.355442428588867188e+01 2.177384948730468750e+01
3.355442428588867188e+01 2.177384948730468750e+01
3.355442428588867188e+01 2.177384948730468750e+01
3.355442428588867188e+01 2.177384948730468750e+01
3.355442428588867188e+01 2.177384948730468750e+01
3.355442428588867188e+01 2.177384948730468750e+01
3.355442428588867188e+01 2.177384948730468750e+01
3.355442428588867188e+01 2.177384948730468750e+01
3.313806152343750000e+01 2.240242958068847656e+01
3.313806152343750000e+01 2.240242958068847656e+01
3.313806152343750000e+01 2.240242958068847656e+01
3.313806152343750000e+01 2.240242958068847656e+01
3.313806152343750000e+01 2.240242958068847656e+01
3.313806152343750000e+01 2.240242958068847656e+01
3.313806152343750000e+01 2.240242958068847656e+01
3.313806152343750000e+01 2.240242958068847656e+01
3.313806152343750000e+01 2.240242958068847656e+01
3.276608276367187500e+01 2.294305801391601562e+01
3.276608276367187500e+01 2.294305801391601562e+01
3.276608276367187500e+01 2.294305801391601562e+01
3.276608276367187500e+01 2.294305801391601562e+01
3.276608276367187500e+01 2.294305801391601562e+01
3.276608276367187500e+01 2.294305801391601562e+01
3.276608276367187500e+01 2.294305801391601562e+01
3.276608276367187500e+01 2.294305801391601562e+01
3.276608276367187500e+01 2.294305801391601562e+01
3.276608276367187500e+01 -2.294305801391601562e+01
3.276608276367187500e+01 -2.294305801391601562e+01
3.276608276367187500e+01 -2.294305801391601562e+01
3.276608276367187500e+01 -2.294305801391601562e+01
3.276608276367187500e+01 -2.294305801391601562e+01
3.276608276367187500e+01 -2.294305801391601562e+01
3.276608276367187500e+01 -2.294305801391601562e+01
3.276608276367187500e+01 -2.294305801391601562e+01
3.276608276367187500e+01 -2.294305801391601562e+01
3.301636886596679688e+01 -2.258139610290527344e+01
3.301636886596679688e+01 -2.258139610290527344e+01
3.301636886596679688e+01 -2.258139610290527344e+01
3.301636886596679688e+01 -2.258139610290527344e+01
3.301636886596679688e+01 -2.258139610290527344e+01
3.301636886596679688e+01 -2.258139610290527344e+01
3.301636886596679688e+01 -2.258139610290527344e+01
3.301636886596679688e+01 -2.258139610290527344e+01
3.301636886596679688e+01 -2.258139610290527344e+01
3.343612670898437500e+01 -2.195507812500000000e+01
3.343612670898437500e+01 -2.195507812500000000e+01
3.343612670898437500e+01 -2.195507812500000000e+01
3.343612670898437500e+01 -2.195507812500000000e+01
3.343612670898437500e+01 -2.195507812500000000e+01
3.343612670898437500e+01 -2.195507812500000000e+01
3.343612670898437500e+01 -2.195507812500000000e+01
3.343612670898437500e+01 -2.195507812500000000e+01
3.343612670898437500e+01 -2.195507812500000000e+01
3.384400558471679688e+01 -2.132095909118652344e+01
3.384400558471679688e+01 -2.132095909118652344e+01
3.384400558471679688e+01 -2.132095909118652344e+01
3.384400558471679688e+01 -2.132095909118652344e+01
3.384400558471679688e+01 -2.132095909118652344e+01
3.384400558471679688e+01 -2.132095909118652344e+01
3.384400558471679688e+01 -2.132095909118652344e+01
3.384400558471679688e+01 -2.132095909118652344e+01
3.384400558471679688e+01 -2.132095909118652344e+01
3.428309631347656250e+01 -2.060750770568847656e+01
3.428309631347656250e+01 -2.060750770568847656e+01
3.428309631347656250e+01 -2.060750770568847656e+01
3.428309631347656250e+01 -2.060750770568847656e+01
3.428309631347656250e+01 -2.060750770568847656e+01
3.428309631347656250e+01 -2.060750770568847656e+01
3.428309631347656250e+01 -2.060750770568847656e+01
3.428309631347656250e+01 -2.060750770568847656e+01
3.428309631347656250e+01 -2.060750770568847656e+01
3.465497207641601562e+01 -1.997581100463867188e+01
3.465497207641601562e+01 -1.997581100463867188e+01
3.465497207641601562e+01 -1.997581100463867188e+01
3.465497207641601562e+01 -1.997581100463867188e+01
3.465497207641601562e+01 -1.997581100463867188e+01
3.465497207641601562e+01 -1.997581100463867188e+01
3.465497207641601562e+01 -1.997581100463867188e+01
3.465497207641601562e+01 -1.997581100463867188e+01
3.465497207641601562e+01 -1.997581100463867188e+01
3.505899047851562500e+01 -1.925790977478027344e+01
3.505899047851562500e+01 -1.925790977478027344e+01
3.505899047851562500e+01 -1.925790977478027344e+01
3.505899047851562500e+01 -1.925790977478027344e+01
3.505899047851562500e+01 -1.925790977478027344e+01
3.505899047851562500e+01 -1.925790977478027344e+01
3.505899047851562500e+01 -1.925790977478027344e+01
3.505899047851562500e+01 -1.925790977478027344e+01
3.505899047851562500e+01 -1.925790977478027344e+01
3.549010086059570312e+01 -1.845136451721191406e+01
3.549010086059570312e+01 -1.845136451721191406e+01
3.549010086059570312e+01 -1.845136451721191406e+01
3.549010086059570312e+01 -1.845136451721191406e+01
3.549010086059570312e+01 -1.845136451721191406e+01
3.549010086059570312e+01 -1.845136451721191406e+01
3.549010086059570312e+01 -1.845136451721191406e+01
3.549010086059570312e+01 -1.845136451721191406e+01
3.549010086059570312e+01 -1.845136451721191406e+01
3.585636520385742188e+01 -1.772910690307617188e+01
3.585636520385742188e+01 -1.772910690307617188e+01
3.585636520385742188e+01 -1.772910690307617188e+01
3.585636520385742188e+01 -1.772910690307617188e+01
3.585636520385742188e+01 -1.772910690307617188e+01
3.585636520385742188e+01 -1.772910690307617188e+01
3.585636520385742188e+01 -1.772910690307617188e+01
3.585636520385742188e+01 -1.772910690307617188e+01
3.585636520385742188e+01 -1.772910690307617188e+01
3.624345397949218750e+01 -1.692370986938476562e+01
3.624345397949218750e+01 -1.692370986938476562e+01
3.624345397949218750e+01 -1.692370986938476562e+01
3.624345397949218750e+01 -1.692370986938476562e+01
3.624345397949218750e+01 -1.692370986938476562e+01
3.624345397949218750e+01 -1.692370986938476562e+01
3.624345397949218750e+01 -1.692370986938476562e+01
3.624345397949218750e+01 -1.692370986938476562e+01
3.624345397949218750e+01 -1.692370986938476562e+01
3.650714111328125000e+01 -1.596475601196289062e+01
3.650714111328125000e+01 -1.596475601196289062e+01
3.650714111328125000e+01 -1.596475601196289062e+01
3.650714111328125000e+01 -1.596475601196289062e+01
3.650714111328125000e+01 -1.596475601196289062e+01
3.650714111328125000e+01 -1.596475601196289062e+01
3.650714111328125000e+01 -1.596475601196289062e+01
3.650714111328125000e+01 -1.596475601196289062e+01
3.650714111328125000e+01 -1.596475601196289062e+01
3.649160766601562500e+01 -1.501096057891845703e+01
3.649160766601562500e+01 -1.501096057891845703e+01
3.649160766601562500e+01 -1.501096057891845703e+01
3.649160766601562500e+01 -1.501096057891845703e+01
3.649160766601562500e+01 -1.501096057891845703e+01
3.649160766601562500e+01 -1.501096057891845703e+01
3.649160766601562500e+01 -1.501096057891845703e+01
3.649160766601562500e+01 -1.501096057891845703e+01
3.649160766601562500e+01 -1.501096057891845703e+01
3.648133468627929688e+01 -1.398926353454589844e+01
3.648133468627929688e+01 -1.398926353454589844e+01
3.648133468627929688e+01 -1.398926353454589844e+01
3.648133468627929688e+01 -1.398926353454589844e+01
3.648133468627929688e+01 -1.398926353454589844e+01
3.648133468627929688e+01 -1.398926353454589844e+01
3.648133468627929688e+01 -1.398926353454589844e+01
3.648133468627929688e+01 -1.398926353454589844e+01
3.648133468627929688e+01 -1.398926353454589844e+01
3.651611328125000000e+01 -1.300280380249023438e+01
3.651611328125000000e+01 -1.300280380249023438e+01
3.651611328125000000e+01 -1.300280380249023438e+01
3.651611328125000000e+01 -1.300280380249023438e+01
3.651611328125000000e+01 -1.300280380249023438e+01
3.651611328125000000e+01 -1.300280380249023438e+01
3.651611328125000000e+01 -1.300280380249023438e+01
3.651611328125000000e+01 -1.300280380249023438e+01
3.651611328125000000e+01 -1.300280380249023438e+01
3.651840972900390625e+01 -1.204196643829345703e+01
3.651840972900390625e+01 -1.204196643829345703e+01
3.651840972900390625e+01 -1.204196643829345703e+01
3.651840972900390625e+01 -1.204196643829345703e+01
3.651840972900390625e+01 -1.204196643829345703e+01
3.651840972900390625e+01 -1.204196643829345703e+01
3.651840972900390625e+01 -1.204196643829345703e+01
3.651840972900390625e+01 -1.204196643829345703e+01
3.651840972900390625e+01 -1.204196643829345703e+01
3.652285385131835938e+01 -1.099908351898193359e+01
3.652285385131835938e+01 -1.099908351898193359e+01
3.652285385131835938e+01 -1.099908351898193359e+01
3.652285385131835938e+01 -1.099908351898193359e+01
3.652285385131835938e+01 -1.099908351898193359e+01
3.652285385131835938e+01 -1.099908351898193359e+01
3.652285385131835938e+01 -1.099908351898193359e+01
3.652285385131835938e+01 -1.099908351898193359e+01
3.652285385131835938e+01 -1.099908351898193359e+01
3.649447631835937500e+01 -9.976912498474121094e+00
3.649447631835937500e+01 -9.976912498474121094e+00
3.649447631835937500e+01 -9.976912498474121094e+00
3.649447631835937500e+01 -9.976912498474121094e+00
3.649447631835937500e+01 -9.976912498474121094e+00
3.649447631835937500e+01 -9.976912498474121094e+00
3.649447631835937500e+01 -9.976912498474121094e+00
3.649447631835937500e+01 -9.976912498474121094e+00
3.649447631835937500e+01 -9.976912498474121094e+00
3.651145172119140625e+01 -8.988346099853515625e+00
3.651145172119140625e+01 -8.988346099853515625e+00
3.651145172119140625e+01 -8.988346099853515625e+00
3.651145172119140625e+01 -8.988346099853515625e+00
3.651145172119140625e+01 -8.988346099853515625e+00
3.651145172119140625e+01 -8.988346099853515625e+00
3.651145172119140625e+01 -8.988346099853515625e+00
3.651145172119140625e+01 -8.988346099853515625e+00
3.651145172119140625e+01 -8.988346099853515625e+00
3.650189208984375000e+01 -8.005427360534667969e+00
3.650189208984375000e+01 -8.005427360534667969e+00
3.650189208984375000e+01 -8.005427360534667969e+00
3.650189208984375000e+01 -8.005427360534667969e+00
3.650189208984375000e+01 -8.005427360534667969e+00
3.650189208984375000e+01 -8.005427360534667969e+00
3.650189208984375000e+01 -8.005427360534667969e+00
3.650189208984375000e+01 -8.005427360534667969e+00
3.650189208984375000e+01 -8.005427360534667969e+00
3.647952651977539062e+01 -6.958841800689697266e+00
3.647952651977539062e+01 -6.958841800689697266e+00
3.647952651977539062e+01 -6.958841800689697266e+00
3.647952651977539062e+01 -6.958841800689697266e+00
3.647952651977539062e+01 -6.958841800689697266e+00
3.647952651977539062e+01 -6.958841800689697266e+00
3.647952651977539062e+01 -6.958841800689697266e+00
3.647952651977539062e+01 -6.958841800689697266e+00
3.647952651977539062e+01 -6.958841800689697266e+00
3.649020385742187500e+01 -6.014743804931640625e+00
3.649020385742187500e+01 -6.014743804931640625e+00
3.649020385742187500e+01 -6.014743804931640625e+00
3.649020385742187500e+01 -6.014743804931640625e+00
3.649020385742187500e+01 -6.014743804931640625e+00
3.649020385742187500e+01 -6.014743804931640625e+00
3.649020385742187500e+01 -6.014743804931640625e+00
3.649020385742187500e+01 -6.014743804931640625e+00
3.649020385742187500e+01 -6.014743804931640625e+00
3.648711395263671875e+01 -4.998113155364990234e+00
3.648711395263671875e+01 -4.998113155364990234e+00
3.648711395263671875e+01 -4.998113155364990234e+00
3.648711395263671875e+01 -4.998113155364990234e+00
3.648711395263671875e+01 -4.998113155364990234e+00
3.648711395263671875e+01 -4.998113155364990234e+00
3.648711395263671875e+01 -4.998113155364990234e+00
3.648711395263671875e+01 -4.998113155364990234e+00
3.648711395263671875e+01 -4.998113155364990234e+00
3.653205108642578125e+01 -4.000910282135009766e+00
3.653205108642578125e+01 -4.000910282135009766e+00
3.653205108642578125e+01 -4.000910282135009766e+00
3.653205108642578125e+01 -4.000910282135009766e+00
3.653205108642578125e+01 -4.000910282135009766e+00
3.653205108642578125e+01 -4.000910282135009766e+00
3.653205108642578125e+01 -4.000910282135009766e+00
3.653205108642578125e+01 -4.000910282135009766e+00
3.653205108642578125e+01 -4.000910282135009766e+00
3.647268676757812500e+01 -2.998600721359252930e+00
3.647268676757812500e+01 -2.998600721359252930e+00
3.647268676757812500e+01 -2.998600721359252930e+00
3.647268676757812500e+01 -2.998600721359252930e+00
3.647268676757812500e+01 -2.998600721359252930e+00
3.647268676757812500e+01 -2.998600721359252930e+00
3.647268676757812500e+01 -2.998600721359252930e+00
3.647268676757812500e+01 -2.998600721359252930e+00
3.647268676757812500e+01 -2.998600721359252930e+00
3.646319961547851562e+01 -2.006691217422485352e+00
3.646319961547851562e+01 -2.006691217422485352e+00
3.646319961547851562e+01 -2.006691217422485352e+00
3.646319961547851562e+01 -2.006691217422485352e+00
3.646319961547851562e+01 -2.006691217422485352e+00
3.646319961547851562e+01 -2.006691217422485352e+00
3.646319961547851562e+01 -2.006691217422485352e+00
3.646319961547851562e+01 -2.006691217422485352e+00
3.646319961547851562e+01 -2.006691217422485352e+00
3.650413894653320312e+01 -1.019652843475341797e+00
3.650413894653320312e+01 -1.019652843475341797e+00
3.650413894653320312e+01 -1.019652843475341797e+00
3.650413894653320312e+01 -1.019652843475341797e+00
3.650413894653320312e+01 -1.019652843475341797e+00
3.650413894653320312e+01 -1.019652843475341797e+00
3.650413894653320312e+01 -1.019652843475341797e+00
3.650413894653320312e+01 -1.019652843475341797e+00
3.650413894653320312e+01 -1.019652843475341797e+00
3.651835632324218750e+01 -3.824194520711898804e-02
3.651835632324218750e+01 -3.824194520711898804e-02
3.651835632324218750e+01 -3.824194520711898804e-02
3.651835632324218750e+01 -3.824194520711898804e-02
3.651835632324218750e+01 -3.824194520711898804e-02
3.651835632324218750e+01 -3.824194520711898804e-02
3.651835632324218750e+01 -3.824194520711898804e-02
3.651835632324218750e+01 -3.824194520711898804e-02
3.651835632324218750e+01 -3.824194520711898804e-02
3.650413894653320312e+01 1.019652843475341797e+00
3.650413894653320312e+01 1.019652843475341797e+00
3.650413894653320312e+01 1.019652843475341797e+00
3.650413894653320312e+01 1.019652843475341797e+00
3.650413894653320312e+01 1.019652843475341797e+00
3.650413894653320312e+01 1.019652843475341797e+00
3.650413894653320312e+01 1.019652843475341797e+00
3.650413894653320312e+01 1.019652843475341797e+00
3.650413894653320312e+01 1.019652843475341797e+00
3.646319961547851562e+01 2.006691217422485352e+00
3.646319961547851562e+01 2.006691217422485352e+00
3.646319961547851562e+01 2.006691217422485352e+00
3.646319961547851562e+01 2.006691217422485352e+00
3.646319961547851562e+01 2.006691217422485352e+00
3.646319961547851562e+01 2.006691217422485352e+00
3.646319961547851562e+01 2.006691217422485352e+00
3.646319961547851562e+01 2.006691217422485352e+00
3.646319961547851562e+01 2.006691217422485352e+00
3.647268676757812500e+01 2.998600721359252930e+00
3.647268676757812500e+01 2.998600721359252930e+00
3.647268676757812500e+01 2.998600721359252930e+00
3.647268676757812500e+01 2.998600721359252930e+00
3.647268676757812500e+01 2.998600721359252930e+00
3.647268676757812500e+01 2.998600721359252930e+00
3.647268676757812500e+01 2.998600721359252930e+00
3.647268676757812500e+01 2.998600721359252930e+00
3.647268676757812500e+01 2.998600721359252930e+00
3.653205108642578125e+01 4.000910282135009766e+00
3.653205108642578125e+01 4.000910282135009766e+00
3.653205108642578125e+01 4.000910282135009766e+00
3.653205108642578125e+01 4.000910282135009766e+00
3.653205108642578125e+01 4.000910282135009766e+00
3.653205108642578125e+01 4.000910282135009766e+00
3.653205108642578125e+01 4.000910282135009766e+00
3.653205108642578125e+01 4.000910282135009766e+00
3.653205108642578125e+01 4.000910282135009766e+00
3.648711395263671875e+01 4.998113155364990234e+00
3.648711395263671875e+01 4.998113155364990234e+00
3.648711395263671875e+01 4.998113155364990234e+00
3.648711395263671875e+01 4.998113155364990234e+00
3.648711395263671875e+01 4.998113155364990234e+00
3.648711395263671875e+01 4.998113155364990234e+00
3.648711395263671875e+01 4.998113155364990234e+00
3.648711395263671875e+01 4.998113155364990234e+00
3.648711395263671875e+01 4.998113155364990234e+00
3.649020385742187500e+01 6.014743804931640625e+00
3.649020385742187500e+01 6.014743804931640625e+00
3.649020385742187500e+01 6.014743804931640625e+00
3.649020385742187500e+01 6.014743804931640625e+00
3.649020385742187500e+01 6.014743804931640625e+00
3.649020385742187500e+01 6.014743804931640625e+00
3.649020385742187500e+01 6.014743804931640625e+00
3.649020385742187500e+01 6.014743804931640625e+00
3.649020385742187500e+01 6.014743804931640625e+00
3.647952651977539062e+01 6.958841800689697266e+00
3.647952651977539062e+01 6.958841800689697266e+00
3.647952651977539062e+01 6.958841800689697266e+00
3.647952651977539062e+01 6.958841800689697266e+00
3.647952651977539062e+01 6.958841800689697266e+00
3.647952651977539062e+01 6.958841800689697266e+00
3.647952651977539062e+01 6.958841800689697266e+00
3.647952651977539062e+01 6.958841800689697266e+00
3.647952651977539062e+01 6.958841800689697266e+00
3.650189208984375000e+01 8.005427360534667969e+00
3.650189208984375000e+01 8.005427360534667969e+00
3.650189208984375000e+01 8.005427360534667969e+00
3.650189208984375000e+01 8.005427360534667969e+00
3.650189208984375000e+01 8.005427360534667969e+00
3.650189208984375000e+01 8.005427360534667969e+00
3.650189208984375000e+01 8.005427360534667969e+00
3.650189208984375000e+01 8.005427360534667969e+00
3.650189208984375000e+01 8.005427360534667969e+00
3.651145172119140625e+01 8.988346099853515625e+00
3.651145172119140625e+01 8.988346099853515625e+00
3.651145172119140625e+01 8.988346099853515625e+00
3.651145172119140625e+01 8.988346099853515625e+00
3.651145172119140625e+01 8.988346099853515625e+00
3.651145172119140625e+01 8.988346099853515625e+00
3.651145172119140625e+01 8.988346099853515625e+00
3.651145172119140625e+01 8.988346099853515625e+00
3.651145172119140625e+01 8.988346099853515625e+00
3.649447631835937500e+01 9.976912498474121094e+00
3.649447631835937500e+01 9.976912498474121094e+00
3.649447631835937500e+01 9.976912498474121094e+00
3.649447631835937500e+01 9.976912498474121094e+00
3.649447631835937500e+01 9.976912498474121094e+00
3.649447631835937500e+01 9.976912498474121094e+00
3.649447631835937500e+01 9.976912498474121094e+00
3.649447631835937500e+01 9.976912498474121094e+00
3.649447631835937500e+01 9.976912498474121094e+00
3.652285385131835938e+01 1.099908351898193359e+01
3.652285385131835938e+01 1.099908351898193359e+01
3.652285385131835938e+01 1.099908351898193359e+01
3.652285385131835938e+01 1.099908351898193359e+01
3.652285385131835938e+01 1.099908351898193359e+01
3.652285385131835938e+01 1.099908351898193359e+01
3.652285385131835938e+01 1.099908351898193359e+01
3.652285385131835938e+01 1.099908351898193359e+01
3.652285385131835938e+01 1.099908351898193359e+01
3.651840972900390625e+01 1.204196643829345703e+01
3.651840972900390625e+01 1.204196643829345703e+01
3.651840972900390625e+01 1.204196643829345703e+01
3.651840972900390625e+01 1.204196643829345703e+01
3.651840972900390625e+01 1.204196643829345703e+01
3.651840972900390625e+01 1.204196643829345703e+01
3.651840972900390625e+01 1.204196643829345703e+01
3.651840972900390625e+01 1.204196643829345703e+01
3.651840972900390625e+01 1.204196643829345703e+01
3.651611328125000000e+01 1.300280380249023438e+01
3.651611328125000000e+01 1.300280380249023438e+01
3.651611328125000000e+01 1.300280380249023438e+01
3.651611328125000000e+01 1.300280380249023438e+01
3.651611328125000000e+01 1.300280380249023438e+01
3.651611328125000000e+01 1.300280380249023438e+01
3.651611328125000000e+01 1.300280380249023438e+01
3.651611328125000000e+01 1.300280380249023438e+01
3.651611328125000000e+01 1.300280380249023438e+01
3.648133468627929688e+01 1.398926353454589844e+01
3.648133468627929688e+01 1.398926353454589844e+01
3.648133468627929688e+01 1.398926353454589844e+01
3.648133468627929688e+01 1.398926353454589844e+01
3.648133468627929688e+01 1.398926353454589844e+01
3.648133468627929688e+01 1.398926353454589844e+01
3.648133468627929688e+01 1.398926353454589844e+01
3.648133468627929688e+01 1.398926353454589844e+01
3.648133468627929688e+01 1.398926353454589844e+01
3.649160766601562500e+01 1.501096057891845703e+01
3.649160766601562500e+01 1.501096057891845703e+01
3.649160766601562500e+01 1.501096057891845703e+01
3.649160766601562500e+01 1.501096057891845703e+01
3.649160766601562500e+01 1.501096057891845703e+01
3.649160766601562500e+01 1.501096057891845703e+01
3.649160766601562500e+01 1.501096057891845703e+01
3.649160766601562500e+01 1.501096057891845703e+01
3.649160766601562500e+01 1.501096057891845703e+01
3.650714111328125000e+01 1.596475601196289062e+01
3.650714111328125000e+01 1.596475601196289062e+01
3.650714111328125000e+01 1.596475601196289062e+01
3.650714111328125000e+01 1.596475601196289062e+01
3.650714111328125000e+01 1.596475601196289062e+01
3.650714111328125000e+01 1.596475601196289062e+01
3.650714111328125000e+01 1.596475601196289062e+01
3.650714111328125000e+01 1.596475601196289062e+01
3.650714111328125000e+01 1.596475601196289062e+01
3.624345397949218750e+01 1.692370986938476562e+01
3.624345397949218750e+01 1.692370986938476562e+01
3.624345397949218750e+01 1.692370986938476562e+01
3.624345397949218750e+01 1.692370986938476562e+01
3.624345397949218750e+01 1.692370986938476562e+01
3.624345397949218750e+01 1.692370986938476562e+01
3.624345397949218750e+01 1.692370986938476562e+01
3.624345397949218750e+01 1.692370986938476562e+01
3.624345397949218750e+01 1.692370986938476562e+01
3.585636520385742188e+01 1.772910690307617188e+01
3.585636520385742188e+01 1.772910690307617188e+01
3.585636520385742188e+01 1.772910690307617188e+01
3.585636520385742188e+01 1.772910690307617188e+01
3.585636520385742188e+01 1.772910690307617188e+01
3.585636520385742188e+01 1.772910690307617188e+01
3.585636520385742188e+01 1.772910690307617188e+01
3.585636520385742188e+01 1.772910690307617188e+01
3.585636520385742188e+01 1.772910690307617188e+01
3.549010086059570312e+01 1.845136451721191406e+01
3.549010086059570312e+01 1.845136451721191406e+01
3.549010086059570312e+01 1.845136451721191406e+01
3.549010086059570312e+01 1.845136451721191406e+01
3.549010086059570312e+01 1.845136451721191406e+01
3.549010086059570312e+01 1.845136451721191406e+01
3.549010086059570312e+01 1.845136451721191406e+01
3.549010086059570312e+01 1.845136451721191406e+01
3.549010086059570312e+01 1.845136451721191406e+01
3.505899047851562500e+01 1.925790977478027344e+01
3.505899047851562500e+01 1.925790977478027344e+01
3.505899047851562500e+01 1.925790977478027344e+01
3.505899047851562500e+01 1.925790977478027344e+01
3.505899047851562500e+01 1.925790977478027344e+01
3.505899047851562500e+01 1.925790977478027344e+01
3.505899047851562500e+01 1.925790977478027344e+01
3.505899047851562500e+01 1.925790977478027344e+01
3.505899047851562500e+01 1.925790977478027344e+01
3.465497207641601562e+01 1.997581100463867188e+01
3.465497207641601562e+01 1.997581100463867188e+01
3.465497207641601562e+01 1.997581100463867188e+01
3.465497207641601562e+01 1.997581100463867188e+01
3.465497207641601562e+01 1.997581100463867188e+01
3.465497207641601562e+01 1.997581100463867188e+01
3.465497207641601562e+01 1.997581100463867188e+01
3.465497207641601562e+01 1.997581100463867188e+01
3.465497207641601562e+01 1.997581100463867188e+01
3.428309631347656250e+01 2.060750770568847656e+01
3.428309631347656250e+01 2.060750770568847656e+01
3.428309631347656250e+01 2.060750770568847656e+01
3.428309631347656250e+01 2.060750770568847656e+01
3.428309631347656250e+01 2.060750770568847656e+01
3.428309631347656250e+01 2.060750770568847656e+01
3.428309631347656250e+01 2.060750770568847656e+01
3.428309631347656250e+01 2.060750770568847656e+01
3.428309631347656250e+01 2.060750770568847656e+01
3.384400558471679688e+01 2.132095909118652344e+01
3.384400558471679688e+01 2.132095909118652344e+01
3.384400558471679688e+01 2.132095909118652344e+01
3.384400558471679688e+01 2.132095909118652344e+01
3.384400558471679688e+01 2.132095909118652344e+01
3.384400558471679688e+01 2.132095909118652344e+01
3.384400558471679688e+01 2.132095909118652344e+01
3.384400558471679688e+01 2.132095909118652344e+01
3.384400558471679688e+01 2.132095909118652344e+01
3.343612670898437500e+01 2.195507812500000000e+01
3.343612670898437500e+01 2.195507812500000000e+01
3.343612670898437500e+01 2.195507812500000000e+01
3.343612670898437500e+01 2.195507812500000000e+01
3.343612670898437500e+01 2.195507812500000000e+01
3.343612670898437500e+01 2.195507812500000000e+01
3.343612670898437500e+01 2.195507812500000000e+01
3.343612670898437500e+01 2.195507812500000000e+01
3.343612670898437500e+01 2.195507812500000000e+01
3.301636886596679688e+01 2.258139610290527344e+01
3.301636886596679688e+01 2.258139610290527344e+01
3.301636886596679688e+01 2.258139610290527344e+01
3.301636886596679688e+01 2.258139610290527344e+01
3.301636886596679688e+01 2.258139610290527344e+01
3.301636886596679688e+01 2.258139610290527344e+01
3.301636886596679688e+01 2.258139610290527344e+01
3.301636886596679688e+01 2.258139610290527344e+01
3.301636886596679688e+01 2.258139610290527344e+01
3.276608276367187500e+01 2.294305801391601562e+01
3.276608276367187500e+01 2.294305801391601562e+01
3.276608276367187500e+01 2.294305801391601562e+01
3.276608276367187500e+01 2.294305801391601562e+01
3.276608276367187500e+01 2.294305801391601562e+01
3.276608276367187500e+01 2.294305801391601562e+01
3.276608276367187500e+01 2.294305801391601562e+01
3.276608276367187500e+01 2.294305801391601562e+01
3.276608276367187500e+01 2.294305801391601562e+01
3.289370727539062500e+01 -2.275970077514648438e+01
3.289370727539062500e+01 -2.275970077514648438e+01
3.289370727539062500e+01 -2.275970077514648438e+01
3.289370727539062500e+01 -2.275970077514648438e+01
3.289370727539062500e+01 -2.275970077514648438e+01
3.289370727539062500e+01 -2.275970077514648438e+01
3.289370727539062500e+01 -2.275970077514648438e+01
3.289370727539062500e+01 -2.275970077514648438e+01
3.289370727539062500e+01 -2.275970077514648438e+01
3.325878524780273438e+01 -2.222280883789062500e+01
3.325878524780273438e+01 -2.222280883789062500e+01
3.325878524780273438e+01 -2.222280883789062500e+01
3.325878524780273438e+01 -2.222280883789062500e+01
3.325878524780273438e+01 -2.222280883789062500e+01
3.325878524780273438e+01 -2.222280883789062500e+01
3.325878524780273438e+01 -2.222280883789062500e+01
3.325878524780273438e+01 -2.222280883789062500e+01
3.325878524780273438e+01 -2.222280883789062500e+01
3.367174148559570312e+01 -2.159198570251464844e+01
3.367174148559570312e+01 -2.159198570251464844e+01
3.367174148559570312e+01 -2.159198570251464844e+01
3.367174148559570312e+01 -2.159198570251464844e+01
3.367174148559570312e+01 -2.159198570251464844e+01
3.367174148559570312e+01 -2.159198570251464844e+01
3.367174148559570312e+01 -2.159198570251464844e+01
3.367174148559570312e+01 -2.159198570251464844e+01
3.367174148559570312e+01 -2.159198570251464844e+01
3.412018966674804688e+01 -2.087612724304199219e+01
3.412018966674804688e+01 -2.087612724304199219e+01
3.412018966674804688e+01 -2.087612724304199219e+01
3.412018966674804688e+01 -2.087612724304199219e+01
3.412018966674804688e+01 -2.087612724304199219e+01
3.412018966674804688e+01 -2.087612724304199219e+01
3.412018966674804688e+01 -2.087612724304199219e+01
3.412018966674804688e+01 -2.087612724304199219e+01
3.412018966674804688e+01 -2.087612724304199219e+01
3.449701309204101562e+01 -2.024737167358398438e+01
3.449701309204101562e+01 -2.024737167358398438e+01
3.449701309204101562e+01 -2.024737167358398438e+01
3.449701309204101562e+01 -2.024737167358398438e+01
3.449701309204101562e+01 -2.024737167358398438e+01
3.449701309204101562e+01 -2.024737167358398438e+01
3.449701309204101562e+01 -2.024737167358398438e+01
3.449701309204101562e+01 -2.024737167358398438e+01
3.449701309204101562e+01 -2.024737167358398438e+01
3.491006851196289062e+01 -1.952657318115234375e+01
3.491006851196289062e+01 -1.952657318115234375e+01
3.491006851196289062e+01 -1.952657318115234375e+01
3.491006851196289062e+01 -1.952657318115234375e+01
3.491006851196289062e+01 -1.952657318115234375e+01
3.491006851196289062e+01 -1.952657318115234375e+01
3.491006851196289062e+01 -1.952657318115234375e+01
3.491006851196289062e+01 -1.952657318115234375e+01
3.491006851196289062e+01 -1.952657318115234375e+01
3.530150222778320312e+01 -1.880967521667480469e+01
3.530150222778320312e+01 -1.880967521667480469e+01
3.530150222778320312e+01 -1.880967521667480469e+01
3.530150222778320312e+01 -1.880967521667480469e+01
3.530150222778320312e+01 -1.880967521667480469e+01
3.530150222778320312e+01 -1.880967521667480469e+01
3.530150222778320312e+01 -1.880967521667480469e+01
3.530150222778320312e+01 -1.880967521667480469e+01
3.530150222778320312e+01 -1.880967521667480469e+01
3.567506027221679688e+01 -1.809116172790527344e+01
3.567506027221679688e+01 -1.809116172790527344e+01
3.567506027221679688e+01 -1.809116172790527344e+01
3.567506027221679688e+01 -1.809116172790527344e+01
3.567506027221679688e+01 -1.809116172790527344e+01
3.567506027221679688e+01 -1.809116172790527344e+01
3.567506027221679688e+01 -1.809116172790527344e+01
3.567506027221679688e+01 -1.809116172790527344e+01
3.567506027221679688e+01 -1.809116172790527344e+01
3.607329940795898438e+01 -1.728343009948730469e+01
3.607329940795898438e+01 -1.728343009948730469e+01
3.607329940795898438e+01 -1.728343009948730469e+01
3.607329940795898438e+01 -1.728343009948730469e+01
3.607329940795898438e+01 -1.728343009948730469e+01
3.607329940795898438e+01 -1.728343009948730469e+01
3.607329940795898438e+01 -1.728343009948730469e+01
3.607329940795898438e+01 -1.728343009948730469e+01
3.607329940795898438e+01 -1.728343009948730469e+01
3.645038223266601562e+01 -1.647329902648925781e+01
3.645038223266601562e+01 -1.647329902648925781e+01
3.645038223266601562e+01 -1.647329902648925781e+01
3.645038223266601562e+01 -1.647329902648925781e+01
3.645038223266601562e+01 -1.647329902648925781e+01
3.645038223266601562e+01 -1.647329902648925781e+01
3.645038223266601562e+01 -1.647329902648925781e+01
3.645038223266601562e+01 -1.647329902648925781e+01
3.645038223266601562e+01 -1.647329902648925781e+01
3.680380630493164062e+01 -1.566779422760009766e+01
3.680380630493164062e+01 -1.566779422760009766e+01
3.680380630493164062e+01 -1.566779422760009766e+01
3.680380630493164062e+01 -1.566779422760009766e+01
3.680380630493164062e+01 -1.566779422760009766e+01
3.680380630493164062e+01 -1.566779422760009766e+01
3.680380630493164062e+01 -1.566779422760009766e+01
3.680380630493164062e+01 -1.566779422760009766e+01
3.680380630493164062e+01 -1.566779422760009766e+01
3.713684082031250000e+01 -1.486119556427001953e+01
3.713684082031250000e+01 -1.486119556427001953e+01
3.713684082031250000e+01 -1.486119556427001953e+01
3.713684082031250000e+01 -1.486119556427001953e+01
3.713684082031250000e+01 -1.486119556427001953e+01
3.713684082031250000e+01 -1.486119556427001953e+01
3.713684082031250000e+01 -1.486119556427001953e+01
3.713684082031250000e+01 -1.486119556427001953e+01
3.713684082031250000e+01 -1.486119556427001953e+01
3.748397445678710938e+01 -1.396251010894775391e+01
3.748397445678710938e+01 -1.396251010894775391e+01
3.748397445678710938e+01 -1.396251010894775391e+01
3.748397445678710938e+01 -1.396251010894775391e+01
3.748397445678710938e+01 -1.396251010894775391e+01
3.748397445678710938e+01 -1.396251010894775391e+01
3.748397445678710938e+01 -1.396251010894775391e+01
3.748397445678710938e+01 -1.396251010894775391e+01
3.748397445678710938e+01 -1.396251010894775391e+01
3.751457214355468750e+01 -1.296126270294189453e+01
3.751457214355468750e+01 -1.296126270294189453e+01
3.751457214355468750e+01 -1.296126270294189453e+01
3.751457214355468750e+01 -1.296126270294189453e+01
3.751457214355468750e+01 -1.296126270294189453e+01
3.751457214355468750e+01 -1.296126270294189453e+01
3.751457214355468750e+01 -1.296126270294189453e+01
3.751457214355468750e+01 -1.296126270294189453e+01
3.751457214355468750e+01 -1.296126270294189453e+01
3.751680374145507812e+01 -1.197313976287841797e+01
3.751680374145507812e+01 -1.197313976287841797e+01
3.751680374145507812e+01 -1.197313976287841797e+01
3.751680374145507812e+01 -1.197313976287841797e+01
3.751680374145507812e+01 -1.197313976287841797e+01
3.751680374145507812e+01 -1.197313976287841797e+01
3.751680374145507812e+01 -1.197313976287841797e+01
3.751680374145507812e+01 -1.197313976287841797e+01
3.751680374145507812e+01 -1.197313976287841797e+01
3.748959350585937500e+01 -1.100535297393798828e+01
3.748959350585937500e+01 -1.100535297393798828e+01
3.748959350585937500e+01 -1.100535297393798828e+01
3.748959350585937500e+01 -1.100535297393798828e+01
3.748959350585937500e+01 -1.100535297393798828e+01
3.748959350585937500e+01 -1.100535297393798828e+01
3.748959350585937500e+01 -1.100535297393798828e+01
3.748959350585937500e+01 -1.100535297393798828e+01
3.748959350585937500e+01 -1.100535297393798828e+01
3.753526687622070312e+01 -9.980347633361816406e+00
3.753526687622070312e+01 -9.980347633361816406e+00
3.753526687622070312e+01 -9.980347633361816406e+00
3.753526687622070312e+01 -9.980347633361816406e+00
3.753526687622070312e+01 -9.980347633361816406e+00
3.753526687622070312e+01 -9.980347633361816406e+00
3.753526687622070312e+01 -9.980347633361816406e+00
3.753526687622070312e+01 -9.980347633361816406e+00
3.753526687622070312e+01 -9.980347633361816406e+00
3.745595550537109375e+01 -9.033874511718750000e+00
3.745595550537109375e+01 -9.033874511718750000e+00
3.745595550537109375e+01 -9.033874511718750000e+00
3.745595550537109375e+01 -9.033874511718750000e+00
3.745595550537109375e+01 -9.033874511718750000e+00
3.745595550537109375e+01 -9.033874511718750000e+00
3.745595550537109375e+01 -9.033874511718750000e+00
3.745595550537109375e+01 -9.033874511718750000e+00
3.745595550537109375e+01 -9.033874511718750000e+00
3.753943252563476562e+01 -7.965558052062988281e+00
3.753943252563476562e+01 -7.965558052062988281e+00
3.753943252563476562e+01 -7.965558052062988281e+00
3.753943252563476562e+01 -7.965558052062988281e+00
3.753943252563476562e+01 -7.965558052062988281e+00
3.753943252563476562e+01 -7.965558052062988281e+00
3.753943252563476562e+01 -7.965558052062988281e+00
3.753943252563476562e+01 -7.965558052062988281e+00
3.753943252563476562e+01 -7.965558052062988281e+00
3.749956130981445312e+01 -6.977215290069580078e+00
3.749956130981445312e+01 -6.977215290069580078e+00
3.749956130981445312e+01 -6.977215290069580078e+00
3.749956130981445312e+01 -6.977215290069580078e+00
3.749956130981445312e+01 -6.977215290069580078e+00
3.749956130981445312e+01 -6.977215290069580078e+00
3.749956130981445312e+01 -6.977215290069580078e+00
3.749956130981445312e+01 -6.977215290069580078e+00
3.749956130981445312e+01 -6.977215290069580078e+00
3.751026535034179688e+01 -6.008171081542968750e+00
3.751026535034179688e+01 -6.008171081542968750e+00
3.751026535034179688e+01 -6.008171081542968750e+00
3.751026535034179688e+01 -6.008171081542968750e+00
3.751026535034179688e+01 -6.008171081542968750e+00
3.751026535034179688e+01 -6.008171081542968750e+00
3.751026535034179688e+01 -6.008171081542968750e+00
3.751026535034179688e+01 -6.008171081542968750e+00
3.751026535034179688e+01 -6.008171081542968750e+00
3.750652694702148438e+01 -4.964468955993652344e+00
3.750652694702148438e+01 -4.964468955993652344e+00
3.750652694702148438e+01 -4.964468955993652344e+00
3.750652694702148438e+01 -4.964468955993652344e+00
3.750652694702148438e+01 -4.964468955993652344e+00
3.750652694702148438e+01 -4.964468955993652344e+00
3.750652694702148438e+01 -4.964468955993652344e+00
3.750652694702148438e+01 -4.964468955993652344e+00
3.750652694702148438e+01 -4.964468955993652344e+00
3.746417617797851562e+01 -4.016993045806884766e+00
3.746417617797851562e+01 -4.016993045806884766e+00
3.746417617797851562e+01 -4.016993045806884766e+00
3.746417617797851562e+01 -4.016993045806884766e+00
3.746417617797851562e+01 -4.016993045806884766e+00
3.746417617797851562e+01 -4.016993045806884766e+00
3.746417617797851562e+01 -4.016993045806884766e+00
3.746417617797851562e+01 -4.016993045806884766e+00
3.746417617797851562e+01 -4.016993045806884766e+00
3.748200225830078125e+01 -2.995978593826293945e+00
3.748200225830078125e+01 -2.995978593826293945e+00
3.748200225830078125e+01 -2.995978593826293945e+00
3.748200225830078125e+01 -2.995978593826293945e+00
3.748200225830078125e+01 -2.995978593826293945e+00
3.748200225830078125e+01 -2.995978593826293945e+00
3.748200225830078125e+01 -2.995978593826293945e+00
3.748200225830078125e+01 -2.995978593826293945e+00
3.748200225830078125e+01 -2.995978593826293945e+00
3.747206497192382812e+01 -1.976944088935852051e+00
3.747206497192382812e+01 -1.976944088935852051e+00
3.747206497192382812e+01 -1.976944088935852051e+00
3.747206497192382812e+01 -1.976944088935852051e+00
3.747206497192382812e+01 -1.976944088935852051e+00
3.747206497192382812e+01 -1.976944088935852051e+00
3.747206497192382812e+01 -1.976944088935852051e+00
3.747206497192382812e+01 -1.976944088935852051e+00
3.747206497192382812e+01 -1.976944088935852051e+00
3.751182937622070312e+01 -9.626274704933166504e-01
3.751182937622070312e+01 -9.626274704933166504e-01
3.751182937622070312e+01 -9.626274704933166504e-01
3.751182937622070312e+01 -9.626274704933166504e-01
3.751182937622070312e+01 -9.626274704933166504e-01
3.751182937622070312e+01 -9.626274704933166504e-01
3.751182937622070312e+01 -9.626274704933166504e-01
3.751182937622070312e+01 -9.626274704933166504e-01
3.751182937622070312e+01 -9.626274704933166504e-01
3.752415847778320312e+01 -3.929521888494491577e-02
3.752415847778320312e+01 -3.929521888494491577e-02
3.752415847778320312e+01 -3.929521888494491577e-02
3.752415847778320312e+01 -3.929521888494491577e-02
3.752415847778320312e+01 -3.929521888494491577e-02
3.752415847778320312e+01 -3.929521888494491577e-02
3.752415847778320312e+01 -3.929521888494491577e-02
3.752415847778320312e+01 -3.929521888494491577e-02
3.752415847778320312e+01 -3.929521888494491577e-02
3.751182937622070312e+01 9.626274704933166504e-01
3.751182937622070312e+01 9.626274704933166504e-01
3.751182937622070312e+01 9.626274704933166504e-01
3.751182937622070312e+01 9.626274704933166504e-01
3.751182937622070312e+01 9.626274704933166504e-01
3.751182937622070312e+01 9.626274704933166504e-01
3.751182937622070312e+01 9.626274704933166504e-01
3.751182937622070312e+01 9.626274704933166504e-01
3.751182937622070312e+01 9.626274704933166504e-01
3.747206497192382812e+01 1.976944088935852051e+00
3.747206497192382812e+01 1.976944088935852051e+00
3.747206497192382812e+01 1.976944088935852051e+00
3.747206497192382812e+01 1.976944088935852051e+00
3.747206497192382812e+01 1.976944088935852051e+00
3.747206497192382812e+01 1.976944088935852051e+00
3.747206497192382812e+01 1.976944088935852051e+00
3.747206497192382812e+01 1.976944088935852051e+00
3.747206497192382812e+01 1.976944088935852051e+00
3.748200225830078125e+01 2.995978593826293945e+00
3.748200225830078125e+01 2.995978593826293945e+00
3.748200225830078125e+01 2.995978593826293945e+00
3.748200225830078125e+01 2.995978593826293945e+00
3.748200225830078125e+01 2.995978593826293945e+00
3.748200225830078125e+01 2.995978593826293945e+00
3.748200225830078125e+01 2.995978593826293945e+00
3.748200225830078125e+01 2.995978593826293945e+00
3.748200225830078125e+01 2.995978593826293945e+00
3.746417617797851562e+01 4.016993045806884766e+00
3.746417617797851562e+01 4.016993045806884766e+00
3.746417617797851562e+01 4.016993045806884766e+00
3.746417617797851562e+01 4.016993045806884766e+00
3.746417617797851562e+01 4.016993045806884766e+00
3.746417617797851562e+01 4.016993045806884766e+00
3.746417617797851562e+01 4.016993045806884766e+00
3.746417617797851562e+01 4.016993045806884766e+00
3.746417617797851562e+01 4.016993045806884766e+00
3.750652694702148438e+01 4.964468955993652344e+00
3.750652694702148438e+01 4.964468955993652344e+00
3.750652694702148438e+01 4.964468955993652344e+00
3.750652694702148438e+01 4.964468955993652344e+00
3.750652694702148438e+01 4.964468955993652344e+00
3.750652694702148438e+01 4.964468955993652344e+00
3.750652694702148438e+01 4.964468955993652344e+00
3.750652694702148438e+01 4.964468955993652344e+00
3.750652694702148438e+01 4.964468955993652344e+00
3.751026535034179688e+01 6.008171081542968750e+00
3.751026535034179688e+01 6.008171081542968750e+00
3.751026535034179688e+01 6.008171081542968750e+00
3.751026535034179688e+01 6.008171081542968750e+00
3.751026535034179688e+01 6.008171081542968750e+00
3.751026535034179688e+01 6.008171081542968750e+00
3.751026535034179688e+01 6.008171081542968750e+00
3.751026535034179688e+01 6.008171081542968750e+00
3.751026535034179688e+01 6.008171081542968750e+00
3.749956130981445312e+01 6.977215290069580078e+00
3.749956130981445312e+01 6.977215290069580078e+00
3.749956130981445312e+01 6.977215290069580078e+00
3.749956130981445312e+01 6.977215290069580078e+00
3.749956130981445312e+01 6.977215290069580078e+00
3.749956130981445312e+01 6.977215290069580078e+00
3.749956130981445312e+01 6.977215290069580078e+00
3.749956130981445312e+01 6.977215290069580078e+00
3.749956130981445312e+01 6.977215290069580078e+00
3.753943252563476562e+01 7.965558052062988281e+00
3.753943252563476562e+01 7.965558052062988281e+00
3.753943252563476562e+01 7.965558052062988281e+00
3.753943252563476562e+01 7.965558052062988281e+00
3.753943252563476562e+01 7.965558052062988281e+00
3.753943252563476562e+01 7.965558052062988281e+00
3.753943252563476562e+01 7.965558052062988281e+00
3.753943252563476562e+01 7.965558052062988281e+00
3.753943252563476562e+01 7.965558052062988281e+00
3.745595550537109375e+01 9.033874511718750000e+00
3.745595550537109375e+01 9.033874511718750000e+00
3.745595550537109375e+01 9.033874511718750000e+00
3.745595550537109375e+01 9.033874511718750000e+00
3.745595550537109375e+01 9.033874511718750000e+00
3.745595550537109375e+01 9.033874511718750000e+00
3.745595550537109375e+01 9.033874511718750000e+00
3.745595550537109375e+01 9.033874511718750000e+00
3.745595550537109375e+01 9.033874511718750000e+00
3.753526687622070312e+01 9.980347633361816406e+00
3.753526687622070312e+01 9.980347633361816406e+00
3.753526687622070312e+01 9.980347633361816406e+00
3.753526687622070312e+01 9.980347633361816406e+00
3.753526687622070312e+01 9.980347633361816406e+00
3.753526687622070312e+01 9.980347633361816406e+00
3.753526687622070312e+01 9.980347633361816406e+00
3.753526687622070312e+01 9.980347633361816406e+00
3.753526687622070312e+01 9.980347633361816406e+00
3.748959350585937500e+01 1.100535297393798828e+01
3.748959350585937500e+01 1.100535297393798828e+01
3.748959350585937500e+01 1.100535297393798828e+01
3.748959350585937500e+01 1.100535297393798828e+01
3.748959350585937500e+01 1.100535297393798828e+01
3.748959350585937500e+01 1.100535297393798828e+01
3.748959350585937500e+01 1.100535297393798828e+01
3.748959350585937500e+01 1.100535297393798828e+01
3.748959350585937500e+01 1.100535297393798828e+01
3.751680374145507812e+01 1.197313976287841797e+01
3.751680374145507812e+01 1.197313976287841797e+01
3.751680374145507812e+01 1.197313976287841797e+01
3.751680374145507812e+01 1.197313976287841797e+01
3.751680374145507812e+01 1.197313976287841797e+01
3.751680374145507812e+01 1.197313976287841797e+01
3.751680374145507812e+01 1.197313976287841797e+01
3.751680374145507812e+01 1.197313976287841797e+01
3.751680374145507812e+01 1.197313976287841797e+01
3.751457214355468750e+01 1.296126270294189453e+01
3.751457214355468750e+01 1.296126270294189453e+01
3.751457214355468750e+01 1.296126270294189453e+01
3.751457214355468750e+01 1.296126270294189453e+01
3.751457214355468750e+01 1.296126270294189453e+01
3.751457214355468750e+01 1.296126270294189453e+01
3.751457214355468750e+01 1.296126270294189453e+01
3.751457214355468750e+01 1.296126270294189453e+01
3.751457214355468750e+01 1.296126270294189453e+01
3.748397445678710938e+01 1.396251010894775391e+01
3.748397445678710938e+01 1.396251010894775391e+01
3.748397445678710938e+01 1.396251010894775391e+01
3.748397445678710938e+01 1.396251010894775391e+01
3.748397445678710938e+01 1.396251010894775391e+01
3.748397445678710938e+01 1.396251010894775391e+01
3.748397445678710938e+01 1.396251010894775391e+01
3.748397445678710938e+01 1.396251010894775391e+01
3.748397445678710938e+01 1.396251010894775391e+01
3.713684082031250000e+01 1.486119556427001953e+01
3.713684082031250000e+01 1.486119556427001953e+01
3.713684082031250000e+01 1.486119556427001953e+01
3.713684082031250000e+01 1.486119556427001953e+01
3.713684082031250000e+01 1.486119556427001953e+01
3.713684082031250000e+01 1.486119556427001953e+01
3.713684082031250000e+01 1.486119556427001953e+01
3.713684082031250000e+01 1.486119556427001953e+01
3.713684082031250000e+01 1.486119556427001953e+01
3.680380630493164062e+01 1.566779422760009766e+01
3.680380630493164062e+01 1.566779422760009766e+01
3.680380630493164062e+01 1.566779422760009766e+01
3.680380630493164062e+01 1.566779422760009766e+01
3.680380630493164062e+01 1.566779422760009766e+01
3.680380630493164062e+01 1.566779422760009766e+01
3.680380630493164062e+01 1.566779422760009766e+01
3.680380630493164062e+01 1.566779422760009766e+01
3.680380630493164062e+01 1.566779422760009766e+01
3.645038223266601562e+01 1.647329902648925781e+01
3.645038223266601562e+01 1.647329902648925781e+01
3.645038223266601562e+01 1.647329902648925781e+01
3.645038223266601562e+01 1.647329902648925781e+01
3.645038223266601562e+01 1.647329902648925781e+01
3.645038223266601562e+01 1.647329902648925781e+01
3.645038223266601562e+01 1.647329902648925781e+01
3.645038223266601562e+01 1.647329902648925781e+01
3.645038223266601562e+01 1.647329902648925781e+01
3.607329940795898438e+01 1.728343009948730469e+01
3.607329940795898438e+01 1.728343009948730469e+01
3.607329940795898438e+01 1.728343009948730469e+01
3.607329940795898438e+01 1.728343009948730469e+01
3.607329940795898438e+01 1.728343009948730469e+01
3.607329940795898438e+01 1.728343009948730469e+01
3.607329940795898438e+01 1.728343009948730469e+01
3.607329940795898438e+01 1.728343009948730469e+01
3.607329940795898438e+01 1.728343009948730469e+01
3.567506027221679688e+01 1.809116172790527344e+01
3.567506027221679688e+01 1.809116172790527344e+01
3.567506027221679688e+01 1.809116172790527344e+01
3.567506027221679688e+01 1.809116172790527344e+01
3.567506027221679688e+01 1.809116172790527344e+01
3.567506027221679688e+01 1.809116172790527344e+01
3.567506027221679688e+01 1.809116172790527344e+01
3.567506027221679688e+01 1.809116172790527344e+01
3.567506027221679688e+01 1.809116172790527344e+01
3.530150222778320312e+01 1.880967521667480469e+01
3.530150222778320312e+01 1.880967521667480469e+01
3.530150222778320312e+01 1.880967521667480469e+01
3.530150222778320312e+01 1.880967521667480469e+01
3.530150222778320312e+01 1.880967521667480469e+01
3.530150222778320312e+01 1.880967521667480469e+01
3.530150222778320312e+01 1.880967521667480469e+01
3.530150222778320312e+01 1.880967521667480469e+01
3.530150222778320312e+01 1.880967521667480469e+01
3.491006851196289062e+01 1.952657318115234375e+01
3.491006851196289062e+01 1.952657318115234375e+01
3.491006851196289062e+01 1.952657318115234375e+01
3.491006851196289062e+01 1.952657318115234375e+01
3.491006851196289062e+01 1.952657318115234375e+01
3.491006851196289062e+01 1.952657318115234375e+01
3.491006851196289062e+01 1.952657318115234375e+01
3.491006851196289062e+01 1.952657318115234375e+01
3.491006851196289062e+01 1.952657318115234375e+01
3.449701309204101562e+01 2.024737167358398438e+01
3.449701309204101562e+01 2.024737167358398438e+01
3.449701309204101562e+01 2.024737167358398438e+01
3.449701309204101562e+01 2.024737167358398438e+01
3.449701309204101562e+01 2.024737167358398438e+01
3.449701309204101562e+01 2.024737167358398438e+01
3.449701309204101562e+01 2.024737167358398438e+01
3.449701309204101562e+01 2.024737167358398438e+01
3.449701309204101562e+01 2.024737167358398438e+01
3.412018966674804688e+01 2.087612724304199219e+01
3.412018966674804688e+01 2.087612724304199219e+01
3.412018966674804688e+01 2.087612724304199219e+01
3.412018966674804688e+01 2.087612724304199219e+01
3.412018966674804688e+01 2.087612724304199219e+01
3.412018966674804688e+01 2.087612724304199219e+01
3.412018966674804688e+01 2.087612724304199219e+01
3.412018966674804688e+01 2.087612724304199219e+01
3.412018966674804688e+01 2.087612724304199219e+01
3.367174148559570312e+01 2.159198570251464844e+01
3.367174148559570312e+01 2.159198570251464844e+01
3.367174148559570312e+01 2.159198570251464844e+01
3.367174148559570312e+01 2.159198570251464844e+01
3.367174148559570312e+01 2.159198570251464844e+01
3.367174148559570312e+01 2.159198570251464844e+01
3.367174148559570312e+01 2.159198570251464844e+01
3.367174148559570312e+01 2.159198570251464844e+01
3.367174148559570312e+01 2.159198570251464844e+01
3.325878524780273438e+01 2.222280883789062500e+01
3.325878524780273438e+01 2.222280883789062500e+01
3.325878524780273438e+01 2.222280883789062500e+01
3.325878524780273438e+01 2.222280883789062500e+01
3.325878524780273438e+01 2.222280883789062500e+01
3.325878524780273438e+01 2.222280883789062500e+01
3.325878524780273438e+01 2.222280883789062500e+01
3.325878524780273438e+01 2.222280883789062500e+01
3.325878524780273438e+01 2.222280883789062500e+01
3.289370727539062500e+01 2.275970077514648438e+01
3.289370727539062500e+01 2.275970077514648438e+01
3.289370727539062500e+01 2.275970077514648438e+01
3.289370727539062500e+01 2.275970077514648438e+01
3.289370727539062500e+01 2.275970077514648438e+01
3.289370727539062500e+01 2.275970077514648438e+01
3.289370727539062500e+01 2.275970077514648438e+01
3.289370727539062500e+01 2.275970077514648438e+01
3.289370727539062500e+01 2.275970077514648438e+01
3.276608276367187500e+01 -2.294305801391601562e+01
3.276608276367187500e+01 -2.294305801391601562e+01
3.276608276367187500e+01 -2.294305801391601562e+01
3.276608276367187500e+01 -2.294305801391601562e+01
3.276608276367187500e+01 -2.294305801391601562e+01
3.276608276367187500e+01 -2.294305801391601562e+01
3.276608276367187500e+01 -2.294305801391601562e+01
3.276608276367187500e+01 -2.294305801391601562e+01
3.276608276367187500e+01 -2.294305801391601562e+01
3.313806152343750000e+01 -2.240242958068847656e+01
3.313806152343750000e+01 -2.240242958068847656e+01
3.313806152343750000e+01 -2.240242958068847656e+01
3.313806152343750000e+01 -2.240242958068847656e+01
3.313806152343750000e+01 -2.240242958068847656e+01
3.313806152343750000e+01 -2.240242958068847656e+01
3.313806152343750000e+01 -2.240242958068847656e+01
3.313806152343750000e+01 -2.240242958068847656e+01
3.313806152343750000e+01 -2.240242958068847656e+01
3.355442428588867188e+01 -2.177384948730468750e+01
3.355442428588867188e+01 -2.177384948730468750e+01
3.355442428588867188e+01 -2.177384948730468750e+01
3.355442428588867188e+01 -2.177384948730468750e+01
3.355442428588867188e+01 -2.177384948730468750e+01
3.355442428588867188e+01 -2.177384948730468750e+01
3.355442428588867188e+01 -2.177384948730468750e+01
3.355442428588867188e+01 -2.177384948730468750e+01
3.355442428588867188e+01 -2.177384948730468750e+01
3.395517730712890625e+01 -2.114345932006835938e+01
3.395517730712890625e+01 -2.114345932006835938e+01
3.395517730712890625e+01 -2.114345932006835938e+01
3.395517730712890625e+01 -2.114345932006835938e+01
3.395517730712890625e+01 -2.114345932006835938e+01
3.395517730712890625e+01 -2.114345932006835938e+01
3.395517730712890625e+01 -2.114345932006835938e+01
3.395517730712890625e+01 -2.114345932006835938e+01
3.395517730712890625e+01 -2.114345932006835938e+01
3.433692932128906250e+01 -2.051768302917480469e+01
3.433692932128906250e+01 -2.051768302917480469e+01
3.433692932128906250e+01 -2.051768302917480469e+01
3.433692932128906250e+01 -2.051768302917480469e+01
3.433692932128906250e+01 -2.051768302917480469e+01
3.433692932128906250e+01 -2.051768302917480469e+01
3.433692932128906250e+01 -2.051768302917480469e+01
3.433692932128906250e+01 -2.051768302917480469e+01
3.433692932128906250e+01 -2.051768302917480469e+01
3.470714950561523438e+01 -1.988501548767089844e+01
3.470714950561523438e+01 -1.988501548767089844e+01
3.470714950561523438e+01 -1.988501548767089844e+01
3.470714950561523438e+01 -1.988501548767089844e+01
3.470714950561523438e+01 -1.988501548767089844e+01
3.470714950561523438e+01 -1.988501548767089844e+01
3.470714950561523438e+01 -1.988501548767089844e+01
3.470714950561523438e+01 -1.988501548767089844e+01
3.470714950561523438e+01 -1.988501548767089844e+01
3.510928726196289062e+01 -1.916605949401855469e+01
3.510928726196289062e+01 -1.916605949401855469e+01
3.510928726196289062e+01 -1.916605949401855469e+01
3.510928726196289062e+01 -1.916605949401855469e+01
3.510928726196289062e+01 -1.916605949401855469e+01
3.510928726196289062e+01 -1.916605949401855469e+01
3.510928726196289062e+01 -1.916605949401855469e+01
3.510928726196289062e+01 -1.916605949401855469e+01
3.510928726196289062e+01 -1.916605949401855469e+01
3.549010086059570312e+01 -1.845136451721191406e+01
3.549010086059570312e+01 -1.845136451721191406e+01
3.549010086059570312e+01 -1.845136451721191406e+01
3.549010086059570312e+01 -1.845136451721191406e+01
3.549010086059570312e+01 -1.845136451721191406e+01
3.549010086059570312e+01 -1.845136451721191406e+01
3.549010086059570312e+01 -1.845136451721191406e+01
3.549010086059570312e+01 -1.845136451721191406e+01
3.549010086059570312e+01 -1.845136451721191406e+01
3.585636520385742188e+01 -1.772910690307617188e+01
3.585636520385742188e+01 -1.772910690307617188e+01
3.585636520385742188e+01 -1.772910690307617188e+01
3.585636520385742188e+01 -1.772910690307617188e+01
3.585636520385742188e+01 -1.772910690307617188e+01
3.585636520385742188e+01 -1.772910690307617188e+01
3.585636520385742188e+01 -1.772910690307617188e+01
3.585636520385742188e+01 -1.772910690307617188e+01
3.585636520385742188e+01 -1.772910690307617188e+01
3.624345397949218750e+01 -1.692370986938476562e+01
3.624345397949218750e+01 -1.692370986938476562e+01
3.624345397949218750e+01 -1.692370986938476562e+01
3.624345397949218750e+01 -1.692370986938476562e+01
3.624345397949218750e+01 -1.692370986938476562e+01
3.624345397949218750e+01 -1.692370986938476562e+01
3.624345397949218750e+01 -1.692370986938476562e+01
3.624345397949218750e+01 -1.692370986938476562e+01
3.624345397949218750e+01 -1.692370986938476562e+01
3.660964584350585938e+01 -1.611625671386718750e+01
3.660964584350585938e+01 -1.611625671386718750e+01
3.660964584350585938e+01 -1.611625671386718750e+01
3.660964584350585938e+01 -1.611625671386718750e+01
3.660964584350585938e+01 -1.611625671386718750e+01
3.660964584350585938e+01 -1.611625671386718750e+01
3.660964584350585938e+01 -1.611625671386718750e+01
3.660964584350585938e+01 -1.611625671386718750e+01
3.660964584350585938e+01 -1.611625671386718750e+01
3.695518112182617188e+01 -1.530733776092529297e+01
3.695518112182617188e+01 -1.530733776092529297e+01
3.695518112182617188e+01 -1.530733776092529297e+01
3.695518112182617188e+01 -1.530733776092529297e+01
3.695518112182617188e+01 -1.530733776092529297e+01
3.695518112182617188e+01 -1.530733776092529297e+01
3.695518112182617188e+01 -1.530733776092529297e+01
3.695518112182617188e+01 -1.530733776092529297e+01
3.695518112182617188e+01 -1.530733776092529297e+01
3.728031539916992188e+01 -1.449752140045166016e+01
3.728031539916992188e+01 -1.449752140045166016e+01
3.728031539916992188e+01 -1.449752140045166016e+01
3.728031539916992188e+01 -1.449752140045166016e+01
3.728031539916992188e+01 -1.449752140045166016e+01
3.728031539916992188e+01 -1.449752140045166016e+01
3.728031539916992188e+01 -1.449752140045166016e+01
3.728031539916992188e+01 -1.449752140045166016e+01
3.728031539916992188e+01 -1.449752140045166016e+01
3.758292770385742188e+01 -1.369392585754394531e+01
3.758292770385742188e+01 -1.369392585754394531e+01
3.758292770385742188e+01 -1.369392585754394531e+01
3.758292770385742188e+01 -1.369392585754394531e+01
3.758292770385742188e+01 -1.369392585754394531e+01
3.758292770385742188e+01 -1.369392585754394531e+01
3.758292770385742188e+01 -1.369392585754394531e+01
3.758292770385742188e+01 -1.369392585754394531e+01
3.758292770385742188e+01 -1.369392585754394531e+01
3.789958953857421875e+01 -1.279145050048828125e+01
3.789958953857421875e+01 -1.279145050048828125e+01
3.789958953857421875e+01 -1.279145050048828125e+01
3.789958953857421875e+01 -1.279145050048828125e+01
3.789958953857421875e+01 -1.279145050048828125e+01
3.789958953857421875e+01 -1.279145050048828125e+01
3.789958953857421875e+01 -1.279145050048828125e+01
3.789958953857421875e+01 -1.279145050048828125e+01
3.789958953857421875e+01 -1.279145050048828125e+01
3.819043350219726562e+01 -1.189499473571777344e+01
3.819043350219726562e+01 -1.189499473571777344e+01
3.819043350219726562e+01 -1.189499473571777344e+01
3.819043350219726562e+01 -1.189499473571777344e+01
3.819043350219726562e+01 -1.189499473571777344e+01
3.819043350219726562e+01 -1.189499473571777344e+01
3.819043350219726562e+01 -1.189499473571777344e+01
3.819043350219726562e+01 -1.189499473571777344e+01
3.819043350219726562e+01 -1.189499473571777344e+01
3.845815658569335938e+01 -1.099864768981933594e+01
3.845815658569335938e+01 -1.099864768981933594e+01
3.845815658569335938e+01 -1.099864768981933594e+01
3.845815658569335938e+01 -1.099864768981933594e+01
3.845815658569335938e+01 -1.099864768981933594e+01
3.845815658569335938e+01 -1.099864768981933594e+01
3.845815658569335938e+01 -1.099864768981933594e+01
3.845815658569335938e+01 -1.099864768981933594e+01
3.845815658569335938e+01 -1.099864768981933594e+01
3.848025131225585938e+01 -1.003769969940185547e+01
3.848025131225585938e+01 -1.003769969940185547e+01
3.848025131225585938e+01 -1.003769969940185547e+01
3.848025131225585938e+01 -1.003769969940185547e+01
3.848025131225585938e+01 -1.003769969940185547e+01
3.848025131225585938e+01 -1.003769969940185547e+01
3.848025131225585938e+01 -1.003769969940185547e+01
3.848025131225585938e+01 -1.003769969940185547e+01
3.848025131225585938e+01 -1.003769969940185547e+01
3.849592590332031250e+01 -9.007875442504882812e+00
3.849592590332031250e+01 -9.007875442504882812e+00
3.849592590332031250e+01 -9.007875442504882812e+00
3.849592590332031250e+01 -9.007875442504882812e+00
3.849592590332031250e+01 -9.007875442504882812e+00
3.849592590332031250e+01 -9.007875442504882812e+00
3.849592590332031250e+01 -9.007875442504882812e+00
3.849592590332031250e+01 -9.007875442504882812e+00
3.849592590332031250e+01 -9.007875442504882812e+00
3.848427200317382812e+01 -7.983719825744628906e+00
3.848427200317382812e+01 -7.983719825744628906e+00
3.848427200317382812e+01 -7.983719825744628906e+00
3.848427200317382812e+01 -7.983719825744628906e+00
3.848427200317382812e+01 -7.983719825744628906e+00
3.848427200317382812e+01 -7.983719825744628906e+00
3.848427200317382812e+01 -7.983719825744628906e+00
3.848427200317382812e+01 -7.983719825744628906e+00
3.848427200317382812e+01 -7.983719825744628906e+00
3.852049255371093750e+01 -6.986470699310302734e+00
3.852049255371093750e+01 -6.986470699310302734e+00
3.852049255371093750e+01 -6.986470699310302734e+00
3.852049255371093750e+01 -6.986470699310302734e+00
3.852049255371093750e+01 -6.986470699310302734e+00
3.852049255371093750e+01 -6.986470699310302734e+00
3.852049255371093750e+01 -6.986470699310302734e+00
3.852049255371093750e+01 -6.986470699310302734e+00
3.852049255371093750e+01 -6.986470699310302734e+00
3.853099822998046875e+01 -5.992461204528808594e+00
3.853099822998046875e+01 -5.992461204528808594e+00
3.853099822998046875e+01 -5.992461204528808594e+00
3.853099822998046875e+01 -5.992461204528808594e+00
3.853099822998046875e+01 -5.992461204528808594e+00
3.853099822998046875e+01 -5.992461204528808594e+00
3.853099822998046875e+01 -5.992461204528808594e+00
3.853099822998046875e+01 -5.992461204528808594e+00
3.853099822998046875e+01 -5.992461204528808594e+00
3.851509857177734375e+01 -5.009073257446289062e+00
3.851509857177734375e+01 -5.009073257446289062e+00
3.851509857177734375e+01 -5.009073257446289062e+00
3.851509857177734375e+01 -5.009073257446289062e+00
3.851509857177734375e+01 -5.009073257446289062e+00
3.851509857177734375e+01 -5.009073257446289062e+00
3.851509857177734375e+01 -5.009073257446289062e+00
3.851509857177734375e+01 -5.009073257446289062e+00
3.851509857177734375e+01 -5.009073257446289062e+00
3.847350692749023438e+01 -4.036939620971679688e+00
3.847350692749023438e+01 -4.036939620971679688e+00
3.847350692749023438e+01 -4.036939620971679688e+00
3.847350692749023438e+01 -4.036939620971679688e+00
3.847350692749023438e+01 -4.036939620971679688e+00
3.847350692749023438e+01 -4.036939620971679688e+00
3.847350692749023438e+01 -4.036939620971679688e+00
3.847350692749023438e+01 -4.036939620971679688e+00
3.847350692749023438e+01 -4.036939620971679688e+00
3.849148559570312500e+01 -2.988791227340698242e+00
3.849148559570312500e+01 -2.988791227340698242e+00
3.849148559570312500e+01 -2.988791227340698242e+00
3.849148559570312500e+01 -2.988791227340698242e+00
3.849148559570312500e+01 -2.988791227340698242e+00
3.849148559570312500e+01 -2.988791227340698242e+00
3.849148559570312500e+01 -2.988791227340698242e+00
3.849148559570312500e+01 -2.988791227340698242e+00
3.849148559570312500e+01 -2.988791227340698242e+00
3.847647094726562500e+01 -2.029934406280517578e+00
3.847647094726562500e+01 -2.029934406280517578e+00
3.847647094726562500e+01 -2.029934406280517578e+00
3.847647094726562500e+01 -2.029934406280517578e+00
3.847647094726562500e+01 -2.029934406280517578e+00
3.847647094726562500e+01 -2.029934406280517578e+00
3.847647094726562500e+01 -2.029934406280517578e+00
3.847647094726562500e+01 -2.029934406280517578e+00
3.847647094726562500e+01 -2.029934406280517578e+00
3.851729965209960938e+01 -9.884298443794250488e-01
3.851729965209960938e+01 -9.884298443794250488e-01
3.851729965209960938e+01 -9.884298443794250488e-01
3.851729965209960938e+01 -9.884298443794250488e-01
3.851729965209960938e+01 -9.884298443794250488e-01
3.851729965209960938e+01 -9.884298443794250488e-01
3.851729965209960938e+01 -9.884298443794250488e-01
3.851729965209960938e+01 -9.884298443794250488e-01
3.851729965209960938e+01 -9.884298443794250488e-01
3.852996063232421875e+01 -4.034849256277084351e-02
3.852996063232421875e+01 -4.034849256277084351e-02
3.852996063232421875e+01 -4.034849256277084351e-02
3.852996063232421875e+01 -4.034849256277084351e-02
3.852996063232421875e+01 -4.034849256277084351e-02
3.852996063232421875e+01 -4.034849256277084351e-02
3.852996063232421875e+01 -4.034849256277084351e-02
3.852996063232421875e+01 -4.034849256277084351e-02
3.852996063232421875e+01 -4.034849256277084351e-02
3.851729965209960938e+01 9.884298443794250488e-01
3.851729965209960938e+01 9.884298443794250488e-01
3.851729965209960938e+01 9.884298443794250488e-01
3.851729965209960938e+01 9.884298443794250488e-01
3.851729965209960938e+01 9.884298443794250488e-01
3.851729965209960938e+01 9.884298443794250488e-01
3.851729965209960938e+01 9.884298443794250488e-01
3.851729965209960938e+01 9.884298443794250488e-01
3.851729965209960938e+01 9.884298443794250488e-01
3.847647094726562500e+01 2.029934406280517578e+00
3.847647094726562500e+01 2.029934406280517578e+00
3.847647094726562500e+01 2.029934406280517578e+00
3.847647094726562500e+01 2.029934406280517578e+00
3.847647094726562500e+01 2.029934406280517578e+00
3.847647094726562500e+01 2.029934406280517578e+00
3.847647094726562500e+01 2.029934406280517578e+00
3.847647094726562500e+01 2.029934406280517578e+00
3.847647094726562500e+01 2.029934406280517578e+00
3.849148559570312500e+01 2.988791227340698242e+00
3.849148559570312500e+01 2.988791227340698242e+00
3.849148559570312500e+01 2.988791227340698242e+00
3.849148559570312500e+01 2.988791227340698242e+00
3.849148559570312500e+01 2.988791227340698242e+00
3.849148559570312500e+01 2.988791227340698242e+00
3.849148559570312500e+01 2.988791227340698242e+00
3.849148559570312500e+01 2.988791227340698242e+00
3.849148559570312500e+01 2.988791227340698242e+00
3.847350692749023438e+01 4.036939620971679688e+00
3.847350692749023438e+01 4.036939620971679688e+00
3.847350692749023438e+01 4.036939620971679688e+00
3.847350692749023438e+01 4.036939620971679688e+00
3.847350692749023438e+01 4.036939620971679688e+00
3.847350692749023438e+01 4.036939620971679688e+00
3.847350692749023438e+01 4.036939620971679688e+00
3.847350692749023438e+01 4.036939620971679688e+00
3.847350692749023438e+01 4.036939620971679688e+00
3.851509857177734375e+01 5.009073257446289062e+00
3.851509857177734375e+01 5.009073257446289062e+00
3.851509857177734375e+01 5.009073257446289062e+00
3.851509857177734375e+01 5.009073257446289062e+00
3.851509857177734375e+01 5.009073257446289062e+00
3.851509857177734375e+01 5.009073257446289062e+00
3.851509857177734375e+01 5.009073257446289062e+00
3.851509857177734375e+01 5.009073257446289062e+00
3.851509857177734375e+01 5.009073257446289062e+00
3.853099822998046875e+01 5.992461204528808594e+00
3.853099822998046875e+01 5.992461204528808594e+00
3.853099822998046875e+01 5.992461204528808594e+00
3.853099822998046875e+01 5.992461204528808594e+00
3.853099822998046875e+01 5.992461204528808594e+00
3.853099822998046875e+01 5.992461204528808594e+00
3.853099822998046875e+01 5.992461204528808594e+00
3.853099822998046875e+01 5.992461204528808594e+00
3.853099822998046875e+01 5.992461204528808594e+00
3.852049255371093750e+01 6.986470699310302734e+00
3.852049255371093750e+01 6.986470699310302734e+00
3.852049255371093750e+01 6.986470699310302734e+00
3.852049255371093750e+01 6.986470699310302734e+00
3.852049255371093750e+01 6.986470699310302734e+00
3.852049255371093750e+01 6.986470699310302734e+00
3.852049255371093750e+01 6.986470699310302734e+00
3.852049255371093750e+01 6.986470699310302734e+00
3.852049255371093750e+01 6.986470699310302734e+00
3.848427200317382812e+01 7.983719825744628906e+00
3.848427200317382812e+01 7.983719825744628906e+00
3.848427200317382812e+01 7.983719825744628906e+00
3.848427200317382812e+01 7.983719825744628906e+00
3.848427200317382812e+01 7.983719825744628906e+00
3.848427200317382812e+01 7.983719825744628906e+00
3.848427200317382812e+01 7.983719825744628906e+00
3.848427200317382812e+01 7.983719825744628906e+00
3.848427200317382812e+01 7.983719825744628906e+00
3.849592590332031250e+01 9.007875442504882812e+00
3.849592590332031250e+01 9.007875442504882812e+00
3.849592590332031250e+01 9.007875442504882812e+00
3.849592590332031250e+01 9.007875442504882812e+00
3.849592590332031250e+01 9.007875442504882812e+00
3.849592590332031250e+01 9.007875442504882812e+00
3.849592590332031250e+01 9.007875442504882812e+00
3.849592590332031250e+01 9.007875442504882812e+00
3.849592590332031250e+01 9.007875442504882812e+00
3.848025131225585938e+01 1.003769969940185547e+01
3.848025131225585938e+01 1.003769969940185547e+01
3.848025131225585938e+01 1.003769969940185547e+01
3.848025131225585938e+01 1.003769969940185547e+01
3.848025131225585938e+01 1.003769969940185547e+01
3.848025131225585938e+01 1.003769969940185547e+01
3.848025131225585938e+01 1.003769969940185547e+01
3.848025131225585938e+01 1.003769969940185547e+01
3.848025131225585938e+01 1.003769969940185547e+01
3.845815658569335938e+01 1.099864768981933594e+01
3.845815658569335938e+01 1.099864768981933594e+01
3.845815658569335938e+01 1.099864768981933594e+01
3.845815658569335938e+01 1.099864768981933594e+01
3.845815658569335938e+01 1.099864768981933594e+01
3.845815658569335938e+01 1.099864768981933594e+01
3.845815658569335938e+01 1.099864768981933594e+01
3.845815658569335938e+01 1.099864768981933594e+01
3.845815658569335938e+01 1.099864768981933594e+01
3.819043350219726562e+01 1.189499473571777344e+01
3.819043350219726562e+01 1.189499473571777344e+01
3.819043350219726562e+01 1.189499473571777344e+01
3.819043350219726562e+01 1.189499473571777344e+01
3.819043350219726562e+01 1.189499473571777344e+01
3.819043350219726562e+01 1.189499473571777344e+01
3.819043350219726562e+01 1.189499473571777344e+01
3.819043350219726562e+01 1.189499473571777344e+01
3.819043350219726562e+01 1.189499473571777344e+01
3.789958953857421875e+01 1.279145050048828125e+01
3.789958953857421875e+01 1.279145050048828125e+01
3.789958953857421875e+01 1.279145050048828125e+01
3.789958953857421875e+01 1.279145050048828125e+01
3.789958953857421875e+01 1.279145050048828125e+01
3.789958953857421875e+01 1.279145050048828125e+01
3.789958953857421875e+01 1.279145050048828125e+01
3.789958953857421875e+01 1.279145050048828125e+01
3.789958953857421875e+01 1.279145050048828125e+01
3.758292770385742188e+01 1.369392585754394531e+01
3.758292770385742188e+01 1.369392585754394531e+01
3.758292770385742188e+01 1.369392585754394531e+01
3.758292770385742188e+01 1.369392585754394531e+01
3.758292770385742188e+01 1.369392585754394531e+01
3.758292770385742188e+01 1.369392585754394531e+01
3.758292770385742188e+01 1.369392585754394531e+01
3.758292770385742188e+01 1.369392585754394531e+01
3.758292770385742188e+01 1.369392585754394531e+01
3.728031539916992188e+01 1.449752140045166016e+01
3.728031539916992188e+01 1.449752140045166016e+01
3.728031539916992188e+01 1.449752140045166016e+01
3.728031539916992188e+01 1.449752140045166016e+01
3.728031539916992188e+01 1.449752140045166016e+01
3.728031539916992188e+01 1.449752140045166016e+01
3.728031539916992188e+01 1.449752140045166016e+01
3.728031539916992188e+01 1.449752140045166016e+01
3.728031539916992188e+01 1.449752140045166016e+01
3.695518112182617188e+01 1.530733776092529297e+01
3.695518112182617188e+01 1.530733776092529297e+01
3.695518112182617188e+01 1.530733776092529297e+01
3.695518112182617188e+01 1.530733776092529297e+01
3.695518112182617188e+01 1.530733776092529297e+01
3.695518112182617188e+01 1.530733776092529297e+01
3.695518112182617188e+01 1.530733776092529297e+01
3.695518112182617188e+01 1.530733776092529297e+01
3.695518112182617188e+01 1.530733776092529297e+01
3.660964584350585938e+01 1.611625671386718750e+01
3.660964584350585938e+01 1.611625671386718750e+01
3.660964584350585938e+01 1.611625671386718750e+01
3.660964584350585938e+01 1.611625671386718750e+01
3.660964584350585938e+01 1.611625671386718750e+01
3.660964584350585938e+01 1.611625671386718750e+01
3.660964584350585938e+01 1.611625671386718750e+01
3.660964584350585938e+01 1.611625671386718750e+01
3.660964584350585938e+01 1.611625671386718750e+01
3.624345397949218750e+01 1.692370986938476562e+01
3.624345397949218750e+01 1.692370986938476562e+01
3.624345397949218750e+01 1.692370986938476562e+01
3.624345397949218750e+01 1.692370986938476562e+01
3.624345397949218750e+01 1.692370986938476562e+01
3.624345397949218750e+01 1.692370986938476562e+01
3.624345397949218750e+01 1.692370986938476562e+01
3.624345397949218750e+01 1.692370986938476562e+01
3.624345397949218750e+01 1.692370986938476562e+01
3.585636520385742188e+01 1.772910690307617188e+01
3.585636520385742188e+01 1.772910690307617188e+01
3.585636520385742188e+01 1.772910690307617188e+01
3.585636520385742188e+01 1.772910690307617188e+01
3.585636520385742188e+01 1.772910690307617188e+01
3.585636520385742188e+01 1.772910690307617188e+01
3.585636520385742188e+01 1.772910690307617188e+01
3.585636520385742188e+01 1.772910690307617188e+01
3.585636520385742188e+01 1.772910690307617188e+01
3.549010086059570312e+01 1.845136451721191406e+01
3.549010086059570312e+01 1.845136451721191406e+01
3.549010086059570312e+01 1.845136451721191406e+01
3.549010086059570312e+01 1.845136451721191406e+01
3.549010086059570312e+01 1.845136451721191406e+01
3.549010086059570312e+01 1.845136451721191406e+01
3.549010086059570312e+01 1.845136451721191406e+01
3.549010086059570312e+01 1.845136451721191406e+01
3.549010086059570312e+01 1.845136451721191406e+01
3.510928726196289062e+01 1.916605949401855469e+01
3.510928726196289062e+01 1.916605949401855469e+01
3.510928726196289062e+01 1.916605949401855469e+01
3.510928726196289062e+01 1.916605949401855469e+01
3.510928726196289062e+01 1.916605949401855469e+01
3.510928726196289062e+01 1.916605949401855469e+01
3.510928726196289062e+01 1.916605949401855469e+01
3.510928726196289062e+01 1.916605949401855469e+01
3.510928726196289062e+01 1.916605949401855469e+01
3.470714950561523438e+01 1.988501548767089844e+01
3.470714950561523438e+01 1.988501548767089844e+01
3.470714950561523438e+01 1.988501548767089844e+01
3.470714950561523438e+01 1.988501548767089844e+01
3.470714950561523438e+01 1.988501548767089844e+01
3.470714950561523438e+01 1.988501548767089844e+01
3.470714950561523438e+01 1.988501548767089844e+01
3.470714950561523438e+01 1.988501548767089844e+01
3.470714950561523438e+01 1.988501548767089844e+01
3.433692932128906250e+01 2.051768302917480469e+01
3.433692932128906250e+01 2.051768302917480469e+01
3.433692932128906250e+01 2.051768302917480469e+01
3.433692932128906250e+01 2.051768302917480469e+01
3.433692932128906250e+01 2.051768302917480469e+01
3.433692932128906250e+01 2.051768302917480469e+01
3.433692932128906250e+01 2.051768302917480469e+01
3.433692932128906250e+01 2.051768302917480469e+01
3.433692932128906250e+01 2.051768302917480469e+01
3.395517730712890625e+01 2.114345932006835938e+01
3.395517730712890625e+01 2.114345932006835938e+01
3.395517730712890625e+01 2.114345932006835938e+01
3.395517730712890625e+01 2.114345932006835938e+01
3.395517730712890625e+01 2.114345932006835938e+01
3.395517730712890625e+01 2.114345932006835938e+01
3.395517730712890625e+01 2.114345932006835938e+01
3.395517730712890625e+01 2.114345932006835938e+01
3.395517730712890625e+01 2.114345932006835938e+01
3.355442428588867188e+01 2.177384948730468750e+01
3.355442428588867188e+01 2.177384948730468750e+01
3.355442428588867188e+01 2.177384948730468750e+01
3.355442428588867188e+01 2.177384948730468750e+01
3.355442428588867188e+01 2.177384948730468750e+01
3.355442428588867188e+01 2.177384948730468750e+01
3.355442428588867188e+01 2.177384948730468750e+01
3.355442428588867188e+01 2.177384948730468750e+01
3.355442428588867188e+01 2.177384948730468750e+01
3.313806152343750000e+01 2.240242958068847656e+01
3.313806152343750000e+01 2.240242958068847656e+01
3.313806152343750000e+01 2.240242958068847656e+01
3.313806152343750000e+01 2.240242958068847656e+01
3.313806152343750000e+01 2.240242958068847656e+01
3.313806152343750000e+01 2.240242958068847656e+01
3.313806152343750000e+01 2.240242958068847656e+01
3.313806152343750000e+01 2.240242958068847656e+01
3.313806152343750000e+01 2.240242958068847656e+01
3.276608276367187500e+01 2.294305801391601562e+01
3.276608276367187500e+01 2.294305801391601562e+01
3.276608276367187500e+01 2.294305801391601562e+01
3.276608276367187500e+01 2.294305801391601562e+01
3.276608276367187500e+01 2.294305801391601562e+01
3.276608276367187500e+01 2.294305801391601562e+01
3.276608276367187500e+01 2.294305801391601562e+01
3.276608276367187500e+01 2.294305801391601562e+01
3.276608276367187500e+01 2.294305801391601562e+01
3.276608276367187500e+01 -2.294305801391601562e+01
3.276608276367187500e+01 -2.294305801391601562e+01
3.276608276367187500e+01 -2.294305801391601562e+01
3.276608276367187500e+01 -2.294305801391601562e+01
3.276608276367187500e+01 -2.294305801391601562e+01
3.276608276367187500e+01 -2.294305801391601562e+01
3.276608276367187500e+01 -2.294305801391601562e+01
3.276608276367187500e+01 -2.294305801391601562e+01
3.276608276367187500e+01 -2.294305801391601562e+01
3.301636886596679688e+01 -2.258139610290527344e+01
3.301636886596679688e+01 -2.258139610290527344e+01
3.301636886596679688e+01 -2.258139610290527344e+01
3.301636886596679688e+01 -2.258139610290527344e+01
3.301636886596679688e+01 -2.258139610290527344e+01
3.301636886596679688e+01 -2.258139610290527344e+01
3.301636886596679688e+01 -2.258139610290527344e+01
3.301636886596679688e+01 -2.258139610290527344e+01
3.301636886596679688e+01 -2.258139610290527344e+01
3.343612670898437500e+01 -2.195507812500000000e+01
3.343612670898437500e+01 -2.195507812500000000e+01
3.343612670898437500e+01 -2.195507812500000000e+01
3.343612670898437500e+01 -2.195507812500000000e+01
3.343612670898437500e+01 -2.195507812500000000e+01
3.343612670898437500e+01 -2.195507812500000000e+01
3.343612670898437500e+01 -2.195507812500000000e+01
3.343612670898437500e+01 -2.195507812500000000e+01
3.343612670898437500e+01 -2.195507812500000000e+01
3.378433609008789062e+01 -2.141538619995117188e+01
3.378433609008789062e+01 -2.141538619995117188e+01
3.378433609008789062e+01 -2.141538619995117188e+01
3.378433609008789062e+01 -2.141538619995117188e+01
3.378433609008789062e+01 -2.141538619995117188e+01
3.378433609008789062e+01 -2.141538619995117188e+01
3.378433609008789062e+01 -2.141538619995117188e+01
3.378433609008789062e+01 -2.141538619995117188e+01
3.378433609008789062e+01 -2.141538619995117188e+01
3.417472457885742188e+01 -2.078672981262207031e+01
3.417472457885742188e+01 -2.078672981262207031e+01
3.417472457885742188e+01 -2.078672981262207031e+01
3.417472457885742188e+01 -2.078672981262207031e+01
3.417472457885742188e+01 -2.078672981262207031e+01
3.417472457885742188e+01 -2.078672981262207031e+01
3.417472457885742188e+01 -2.078672981262207031e+01
3.417472457885742188e+01 -2.078672981262207031e+01
3.417472457885742188e+01 -2.078672981262207031e+01
3.454990386962890625e+01 -2.015699005126953125e+01
3.454990386962890625e+01 -2.015699005126953125e+01
3.454990386962890625e+01 -2.015699005126953125e+01
3.454990386962890625e+01 -2.015699005126953125e+01
3.454990386962890625e+01 -2.015699005126953125e+01
3.454990386962890625e+01 -2.015699005126953125e+01
3.454990386962890625e+01 -2.015699005126953125e+01
3.454990386962890625e+01 -2.015699005126953125e+01
3.454990386962890625e+01 -2.015699005126953125e+01
3.496107101440429688e+01 -1.943511199951171875e+01
3.496107101440429688e+01 -1.943511199951171875e+01
3.496107101440429688e+01 -1.943511199951171875e+01
3.496107101440429688e+01 -1.943511199951171875e+01
3.496107101440429688e+01 -1.943511199951171875e+01
3.496107101440429688e+01 -1.943511199951171875e+01
3.496107101440429688e+01 -1.943511199951171875e+01
3.496107101440429688e+01 -1.943511199951171875e+01
3.496107101440429688e+01 -1.943511199951171875e+01
3.530150222778320312e+01 -1.880967521667480469e+01
3.530150222778320312e+01 -1.880967521667480469e+01
3.530150222778320312e+01 -1.880967521667480469e+01
3.530150222778320312e+01 -1.880967521667480469e+01
3.530150222778320312e+01 -1.880967521667480469e+01
3.530150222778320312e+01 -1.880967521667480469e+01
3.530150222778320312e+01 -1.880967521667480469e+01
3.530150222778320312e+01 -1.880967521667480469e+01
3.530150222778320312e+01 -1.880967521667480469e+01
3.567506027221679688e+01 -1.809116172790527344e+01
3.567506027221679688e+01 -1.809116172790527344e+01
3.567506027221679688e+01 -1.809116172790527344e+01
3.567506027221679688e+01 -1.809116172790527344e+01
3.567506027221679688e+01 -1.809116172790527344e+01
3.567506027221679688e+01 -1.809116172790527344e+01
3.567506027221679688e+01 -1.809116172790527344e+01
3.567506027221679688e+01 -1.809116172790527344e+01
3.567506027221679688e+01 -1.809116172790527344e+01
3.603096389770507812e+01 -1.737152290344238281e+01
3.603096389770507812e+01 -1.737152290344238281e+01
3.603096389770507812e+01 -1.737152290344238281e+01
3.603096389770507812e+01 -1.737152290344238281e+01
3.603096389770507812e+01 -1.737152290344238281e+01
3.603096389770507812e+01 -1.737152290344238281e+01
3.603096389770507812e+01 -1.737152290344238281e+01
3.603096389770507812e+01 -1.737152290344238281e+01
3.603096389770507812e+01 -1.737152290344238281e+01
3.641002273559570312e+01 -1.656231498718261719e+01
3.641002273559570312e+01 -1.656231498718261719e+01
3.641002273559570312e+01 -1.656231498718261719e+01
3.641002273559570312e+01 -1.656231498718261719e+01
3.641002273559570312e+01 -1.656231498718261719e+01
3.641002273559570312e+01 -1.656231498718261719e+01
3.641002273559570312e+01 -1.656231498718261719e+01
3.641002273559570312e+01 -1.656231498718261719e+01
3.641002273559570312e+01 -1.656231498718261719e+01
3.672679901123046875e+01 -1.584746456146240234e+01
3.672679901123046875e+01 -1.584746456146240234e+01
3.672679901123046875e+01 -1.584746456146240234e+01
3.672679901123046875e+01 -1.584746456146240234e+01
3.672679901123046875e+01 -1.584746456146240234e+01
3.672679901123046875e+01 -1.584746456146240234e+01
3.672679901123046875e+01 -1.584746456146240234e+01
3.672679901123046875e+01 -1.584746456146240234e+01
3.672679901123046875e+01 -1.584746456146240234e+01
3.706639480590820312e+01 -1.503603267669677734e+01
3.706639480590820312e+01 -1.503603267669677734e+01
3.706639480590820312e+01 -1.503603267669677734e+01
3.706639480590820312e+01 -1.503603267669677734e+01
3.706639480590820312e+01 -1.503603267669677734e+01
3.706639480590820312e+01 -1.503603267669677734e+01
3.706639480590820312e+01 -1.503603267669677734e+01
3.706639480590820312e+01 -1.503603267669677734e+01
3.706639480590820312e+01 -1.503603267669677734e+01
3.738310241699218750e+01 -1.423038005828857422e+01
3.738310241699218750e+01 -1.423038005828857422e+01
3.738310241699218750e+01 -1.423038005828857422e+01
3.738310241699218750e+01 -1.423038005828857422e+01
3.738310241699218750e+01 -1.423038005828857422e+01
3.738310241699218750e+01 -1.423038005828857422e+01
3.738310241699218750e+01 -1.423038005828857422e+01
3.738310241699218750e+01 -1.423038005828857422e+01
3.738310241699218750e+01 -1.423038005828857422e+01
3.771264648437500000e+01 -1.333253002166748047e+01
3.771264648437500000e+01 -1.333253002166748047e+01
3.771264648437500000e+01 -1.333253002166748047e+01
3.771264648437500000e+01 -1.333253002166748047e+01
3.771264648437500000e+01 -1.333253002166748047e+01
3.771264648437500000e+01 -1.333253002166748047e+01
3.771264648437500000e+01 -1.333253002166748047e+01
3.771264648437500000e+01 -1.333253002166748047e+01
3.771264648437500000e+01 -1.333253002166748047e+01
3.798796463012695312e+01 -1.252655220031738281e+01
3.798796463012695312e+01 -1.252655220031738281e+01
3.798796463012695312e+01 -1.252655220031738281e+01
3.798796463012695312e+01 -1.252655220031738281e+01
3.798796463012695312e+01 -1.252655220031738281e+01
3.798796463012695312e+01 -1.252655220031738281e+01
3.798796463012695312e+01 -1.252655220031738281e+01
3.798796463012695312e+01 -1.252655220031738281e+01
3.798796463012695312e+01 -1.252655220031738281e+01
3.827254486083984375e+01 -1.162808799743652344e+01
3.827254486083984375e+01 -1.162808799743652344e+01
3.827254486083984375e+01 -1.162808799743652344e+01
3.827254486083984375e+01 -1.162808799743652344e+01
3.827254486083984375e+01 -1.162808799743652344e+01
3.827254486083984375e+01 -1.162808799743652344e+01
3.827254486083984375e+01 -1.162808799743652344e+01
3.827254486083984375e+01 -1.162808799743652344e+01
3.827254486083984375e+01 -1.162808799743652344e+01
3.853400421142578125e+01 -1.072989368438720703e+01
3.853400421142578125e+01 -1.072989368438720703e+01
3.853400421142578125e+01 -1.072989368438720703e+01
3.853400421142578125e+01 -1.072989368438720703e+01
3.853400421142578125e+01 -1.072989368438720703e+01
3.853400421142578125e+01 -1.072989368438720703e+01
3.853400421142578125e+01 -1.072989368438720703e+01
3.853400421142578125e+01 -1.072989368438720703e+01
3.853400421142578125e+01 -1.072989368438720703e+01
3.877267074584960938e+01 -9.832597732543945312e+00
3.877267074584960938e+01 -9.832597732543945312e+00
3.877267074584960938e+01 -9.832597732543945312e+00
3.877267074584960938e+01 -9.832597732543945312e+00
3.877267074584960938e+01 -9.832597732543945312e+00
3.877267074584960938e+01 -9.832597732543945312e+00
3.877267074584960938e+01 -9.832597732543945312e+00
3.877267074584960938e+01 -9.832597732543945312e+00
3.877267074584960938e+01 -9.832597732543945312e+00
3.899044799804687500e+01 -8.930005073547363281e+00
3.899044799804687500e+01 -8.930005073547363281e+00
3.899044799804687500e+01 -8.930005073547363281e+00
3.899044799804687500e+01 -8.930005073547363281e+00
3.899044799804687500e+01 -8.930005073547363281e+00
3.899044799804687500e+01 -8.930005073547363281e+00
3.899044799804687500e+01 -8.930005073547363281e+00
3.899044799804687500e+01 -8.930005073547363281e+00
3.899044799804687500e+01 -8.930005073547363281e+00
3.920393371582031250e+01 -7.940508365631103516e+00
3.920393371582031250e+01 -7.940508365631103516e+00
3.920393371582031250e+01 -7.940508365631103516e+00
3.920393371582031250e+01 -7.940508365631103516e+00
3.920393371582031250e+01 -7.940508365631103516e+00
3.920393371582031250e+01 -7.940508365631103516e+00
3.920393371582031250e+01 -7.940508365631103516e+00
3.920393371582031250e+01 -7.940508365631103516e+00
3.920393371582031250e+01 -7.940508365631103516e+00
3.939109802246093750e+01 -6.952802181243896484e+00
3.939109802246093750e+01 -6.952802181243896484e+00
3.939109802246093750e+01 -6.952802181243896484e+00
3.939109802246093750e+01 -6.952802181243896484e+00
3.939109802246093750e+01 -6.952802181243896484e+00
3.939109802246093750e+01 -6.952802181243896484e+00
3.939109802246093750e+01 -6.952802181243896484e+00
3.939109802246093750e+01 -6.952802181243896484e+00
3.939109802246093750e+01 -6.952802181243896484e+00
3.947583770751953125e+01 -5.956065177917480469e+00
3.947583770751953125e+01 -5.956065177917480469e+00
3.947583770751953125e+01 -5.956065177917480469e+00
3.947583770751953125e+01 -5.956065177917480469e+00
3.947583770751953125e+01 -5.956065177917480469e+00
3.947583770751953125e+01 -5.956065177917480469e+00
3.947583770751953125e+01 -5.956065177917480469e+00
3.947583770751953125e+01 -5.956065177917480469e+00
3.947583770751953125e+01 -5.956065177917480469e+00
3.953541183471679688e+01 -4.959435939788818359e+00
3.953541183471679688e+01 -4.959435939788818359e+00
3.953541183471679688e+01 -4.959435939788818359e+00
3.953541183471679688e+01 -4.959435939788818359e+00
3.953541183471679688e+01 -4.959435939788818359e+00
3.953541183471679688e+01 -4.959435939788818359e+00
3.953541183471679688e+01 -4.959435939788818359e+00
3.953541183471679688e+01 -4.959435939788818359e+00
3.953541183471679688e+01 -4.959435939788818359e+00
3.949220657348632812e+01 -3.962731361389160156e+00
3.949220657348632812e+01 -3.962731361389160156e+00
3.949220657348632812e+01 -3.962731361389160156e+00
3.949220657348632812e+01 -3.962731361389160156e+00
3.949220657348632812e+01 -3.962731361389160156e+00
3.949220657348632812e+01 -3.962731361389160156e+00
3.949220657348632812e+01 -3.962731361389160156e+00
3.949220657348632812e+01 -3.962731361389160156e+00
3.949220657348632812e+01 -3.962731361389160156e+00
3.950112915039062500e+01 -2.977038145065307617e+00
3.950112915039062500e+01 -2.977038145065307617e+00
3.950112915039062500e+01 -2.977038145065307617e+00
3.950112915039062500e+01 -2.977038145065307617e+00
3.950112915039062500e+01 -2.977038145065307617e+00
3.950112915039062500e+01 -2.977038145065307617e+00
3.950112915039062500e+01 -2.977038145065307617e+00
3.950112915039062500e+01 -2.977038145065307617e+00
3.950112915039062500e+01 -2.977038145065307617e+00
3.948550033569335938e+01 -1.993340015411376953e+00
3.948550033569335938e+01 -1.993340015411376953e+00
3.948550033569335938e+01 -1.993340015411376953e+00
3.948550033569335938e+01 -1.993340015411376953e+00
3.948550033569335938e+01 -1.993340015411376953e+00
3.948550033569335938e+01 -1.993340015411376953e+00
3.948550033569335938e+01 -1.993340015411376953e+00
3.948550033569335938e+01 -1.993340015411376953e+00
3.948550033569335938e+01 -1.993340015411376953e+00
3.952277374267578125e+01 -1.014232277870178223e+00
3.952277374267578125e+01 -1.014232277870178223e+00
3.952277374267578125e+01 -1.014232277870178223e+00
3.952277374267578125e+01 -1.014232277870178223e+00
3.952277374267578125e+01 -1.014232277870178223e+00
3.952277374267578125e+01 -1.014232277870178223e+00
3.952277374267578125e+01 -1.014232277870178223e+00
3.952277374267578125e+01 -1.014232277870178223e+00
3.952277374267578125e+01 -1.014232277870178223e+00
3.953576278686523438e+01 -4.140176624059677124e-02
3.953576278686523438e+01 -4.140176624059677124e-02
3.953576278686523438e+01 -4.140176624059677124e-02
3.953576278686523438e+01 -4.140176624059677124e-02
3.953576278686523438e+01 -4.140176624059677124e-02
3.953576278686523438e+01 -4.140176624059677124e-02
3.953576278686523438e+01 -4.140176624059677124e-02
3.953576278686523438e+01 -4.140176624059677124e-02
3.953576278686523438e+01 -4.140176624059677124e-02
3.952277374267578125e+01 1.014232277870178223e+00
3.952277374267578125e+01 1.014232277870178223e+00
3.952277374267578125e+01 1.014232277870178223e+00
3.952277374267578125e+01 1.014232277870178223e+00
3.952277374267578125e+01 1.014232277870178223e+00
3.952277374267578125e+01 1.014232277870178223e+00
3.952277374267578125e+01 1.014232277870178223e+00
3.952277374267578125e+01 1.014232277870178223e+00
3.952277374267578125e+01 1.014232277870178223e+00
3.948550033569335938e+01 1.993340015411376953e+00
3.948550033569335938e+01 1.993340015411376953e+00
3.948550033569335938e+01 1.993340015411376953e+00
3.948550033569335938e+01 1.993340015411376953e+00
3.948550033569335938e+01 1.993340015411376953e+00
3.948550033569335938e+01 1.993340015411376953e+00
3.948550033569335938e+01 1.993340015411376953e+00
3.948550033569335938e+01 1.993340015411376953e+00
3.948550033569335938e+01 1.993340015411376953e+00
3.950112915039062500e+01 2.977038145065307617e+00
3.950112915039062500e+01 2.977038145065307617e+00
3.950112915039062500e+01 2.977038145065307617e+00
3.950112915039062500e+01 2.977038145065307617e+00
3.950112915039062500e+01 2.977038145065307617e+00
3.950112915039062500e+01 2.977038145065307617e+00
3.950112915039062500e+01 2.977038145065307617e+00
3.950112915039062500e+01 2.977038145065307617e+00
3.950112915039062500e+01 2.977038145065307617e+00
3.949220657348632812e+01 3.962731361389160156e+00
3.949220657348632812e+01 3.962731361389160156e+00
3.949220657348632812e+01 3.962731361389160156e+00
3.949220657348632812e+01 3.962731361389160156e+00
3.949220657348632812e+01 3.962731361389160156e+00
3.949220657348632812e+01 3.962731361389160156e+00
3.949220657348632812e+01 3.962731361389160156e+00
3.949220657348632812e+01 3.962731361389160156e+00
3.949220657348632812e+01 3.962731361389160156e+00
3.953541183471679688e+01 4.959435939788818359e+00
3.953541183471679688e+01 4.959435939788818359e+00
3.953541183471679688e+01 4.959435939788818359e+00
3.953541183471679688e+01 4.959435939788818359e+00
3.953541183471679688e+01 4.959435939788818359e+00
3.953541183471679688e+01 4.959435939788818359e+00
3.953541183471679688e+01 4.959435939788818359e+00
3.953541183471679688e+01 4.959435939788818359e+00
3.953541183471679688e+01 4.959435939788818359e+00
3.947583770751953125e+01 5.956065177917480469e+00
3.947583770751953125e+01 5.956065177917480469e+00
3.947583770751953125e+01 5.956065177917480469e+00
3.947583770751953125e+01 5.956065177917480469e+00
3.947583770751953125e+01 5.956065177917480469e+00
3.947583770751953125e+01 5.956065177917480469e+00
3.947583770751953125e+01 5.956065177917480469e+00
3.947583770751953125e+01 5.956065177917480469e+00
3.947583770751953125e+01 5.956065177917480469e+00
3.939109802246093750e+01 6.952802181243896484e+00
3.939109802246093750e+01 6.952802181243896484e+00
3.939109802246093750e+01 6.952802181243896484e+00
3.939109802246093750e+01 6.952802181243896484e+00
3.939109802246093750e+01 6.952802181243896484e+00
3.939109802246093750e+01 6.952802181243896484e+00
3.939109802246093750e+01 6.952802181243896484e+00
3.939109802246093750e+01 6.952802181243896484e+00
3.939109802246093750e+01 6.952802181243896484e+00
3.920393371582031250e+01 7.940508365631103516e+00
3.920393371582031250e+01 7.940508365631103516e+00
3.920393371582031250e+01 7.940508365631103516e+00
3.920393371582031250e+01 7.940508365631103516e+00
3.920393371582031250e+01 7.940508365631103516e+00
3.920393371582031250e+01 7.940508365631103516e+00
3.920393371582031250e+01 7.940508365631103516e+00
3.920393371582031250e+01 7.940508365631103516e+00
3.920393371582031250e+01 7.940508365631103516e+00
3.899044799804687500e+01 8.930005073547363281e+00
3.899044799804687500e+01 8.930005073547363281e+00
3.899044799804687500e+01 8.930005073547363281e+00
3.899044799804687500e+01 8.930005073547363281e+00
3.899044799804687500e+01 8.930005073547363281e+00
3.899044799804687500e+01 8.930005073547363281e+00
3.899044799804687500e+01 8.930005073547363281e+00
3.899044799804687500e+01 8.930005073547363281e+00
3.899044799804687500e+01 8.930005073547363281e+00
3.877267074584960938e+01 9.832597732543945312e+00
3.877267074584960938e+01 9.832597732543945312e+00
3.877267074584960938e+01 9.832597732543945312e+00
3.877267074584960938e+01 9.832597732543945312e+00
3.877267074584960938e+01 9.832597732543945312e+00
3.877267074584960938e+01 9.832597732543945312e+00
3.877267074584960938e+01 9.832597732543945312e+00
3.877267074584960938e+01 9.832597732543945312e+00
3.877267074584960938e+01 9.832597732543945312e+00
3.853400421142578125e+01 1.072989368438720703e+01
3.853400421142578125e+01 1.072989368438720703e+01
3.853400421142578125e+01 1.072989368438720703e+01
3.853400421142578125e+01 1.072989368438720703e+01
3.853400421142578125e+01 1.072989368438720703e+01
3.853400421142578125e+01 1.072989368438720703e+01
3.853400421142578125e+01 1.072989368438720703e+01
3.853400421142578125e+01 1.072989368438720703e+01
3.853400421142578125e+01 1.072989368438720703e+01
3.827254486083984375e+01 1.162808799743652344e+01
3.827254486083984375e+01 1.162808799743652344e+01
3.827254486083984375e+01 1.162808799743652344e+01
3.827254486083984375e+01 1.162808799743652344e+01
3.827254486083984375e+01 1.162808799743652344e+01
3.827254486083984375e+01 1.162808799743652344e+01
3.827254486083984375e+01 1.162808799743652344e+01
3.827254486083984375e+01 1.162808799743652344e+01
3.827254486083984375e+01 1.162808799743652344e+01
3.798796463012695312e+01 1.252655220031738281e+01
3.798796463012695312e+01 1.252655220031738281e+01
3.798796463012695312e+01 1.252655220031738281e+01
3.798796463012695312e+01 1.252655220031738281e+01
3.798796463012695312e+01 1.252655220031738281e+01
3.798796463012695312e+01 1.252655220031738281e+01
3.798796463012695312e+01 1.252655220031738281e+01
3.798796463012695312e+01 1.252655220031738281e+01
3.798796463012695312e+01 1.252655220031738281e+01
3.771264648437500000e+01 1.333253002166748047e+01
3.771264648437500000e+01 1.333253002166748047e+01
3.771264648437500000e+01 1.333253002166748047e+01
3.771264648437500000e+01 1.333253002166748047e+01
3.771264648437500000e+01 1.333253002166748047e+01
3.771264648437500000e+01 1.333253002166748047e+01
3.771264648437500000e+01 1.333253002166748047e+01
3.771264648437500000e+01 1.333253002166748047e+01
3.771264648437500000e+01 1.333253002166748047e+01
3.738310241699218750e+01 1.423038005828857422e+01
3.738310241699218750e+01 1.423038005828857422e+01
3.738310241699218750e+01 1.423038005828857422e+01
3.738310241699218750e+01 1.423038005828857422e+01
3.738310241699218750e+01 1.423038005828857422e+01
3.738310241699218750e+01 1.423038005828857422e+01
3.738310241699218750e+01 1.423038005828857422e+01
3.738310241699218750e+01 1.423038005828857422e+01
3.738310241699218750e+01 1.423038005828857422e+01
3.706639480590820312e+01 1.503603267669677734e+01
3.706639480590820312e+01 1.503603267669677734e+01
3.706639480590820312e+01 1.503603267669677734e+01
3.706639480590820312e+01 1.503603267669677734e+01
3.706639480590820312e+01 1.503603267669677734e+01
3.706639480590820312e+01 1.503603267669677734e+01
3.706639480590820312e+01 1.503603267669677734e+01
3.706639480590820312e+01 1.503603267669677734e+01
3.706639480590820312e+01 1.503603267669677734e+01
3.672679901123046875e+01 1.584746456146240234e+01
3.672679901123046875e+01 1.584746456146240234e+01
3.672679901123046875e+01 1.584746456146240234e+01
3.672679901123046875e+01 1.584746456146240234e+01
3.672679901123046875e+01 1.584746456146240234e+01
3.672679901123046875e+01 1.584746456146240234e+01
3.672679901123046875e+01 1.584746456146240234e+01
3.672679901123046875e+01 1.584746456146240234e+01
3.672679901123046875e+01 1.584746456146240234e+01
3.641002273559570312e+01 1.656231498718261719e+01
3.641002273559570312e+01 1.656231498718261719e+01
3.641002273559570312e+01 1.656231498718261719e+01
3.641002273559570312e+01 1.656231498718261719e+01
3.641002273559570312e+01 1.656231498718261719e+01
3.641002273559570312e+01 1.656231498718261719e+01
3.641002273559570312e+01 1.656231498718261719e+01
3.641002273559570312e+01 1.656231498718261719e+01
3.641002273559570312e+01 1.656231498718261719e+01
3.603096389770507812e+01 1.737152290344238281e+01
3.603096389770507812e+01 1.737152290344238281e+01
3.603096389770507812e+01 1.737152290344238281e+01
3.603096389770507812e+01 1.737152290344238281e+01
3.603096389770507812e+01 1.737152290344238281e+01
3.603096389770507812e+01 1.737152290344238281e+01
3.603096389770507812e+01 1.737152290344238281e+01
3.603096389770507812e+01 1.737152290344238281e+01
3.603096389770507812e+01 1.737152290344238281e+01
3.567506027221679688e+01 1.809116172790527344e+01
3.567506027221679688e+01 1.809116172790527344e+01
3.567506027221679688e+01 1.809116172790527344e+01
3.567506027221679688e+01 1.809116172790527344e+01
3.567506027221679688e+01 1.809116172790527344e+01
3.567506027221679688e+01 1.809116172790527344e+01
3.567506027221679688e+01 1.809116172790527344e+01
3.567506027221679688e+01 1.809116172790527344e+01
3.567506027221679688e+01 1.809116172790527344e+01
3.530150222778320312e+01 1.880967521667480469e+01
3.530150222778320312e+01 1.880967521667480469e+01
3.530150222778320312e+01 1.880967521667480469e+01
3.530150222778320312e+01 1.880967521667480469e+01
3.530150222778320312e+01 1.880967521667480469e+01
3.530150222778320312e+01 1.880967521667480469e+01
3.530150222778320312e+01 1.880967521667480469e+01
3.530150222778320312e+01 1.880967521667480469e+01
3.530150222778320312e+01 1.880967521667480469e+01
3.496107101440429688e+01 1.943511199951171875e+01
3.496107101440429688e+01 1.943511199951171875e+01
3.496107101440429688e+01 1.943511199951171875e+01
3.496107101440429688e+01 1.943511199951171875e+01
3.496107101440429688e+01 1.943511199951171875e+01
3.496107101440429688e+01 1.943511199951171875e+01
3.496107101440429688e+01 1.943511199951171875e+01
3.496107101440429688e+01 1.943511199951171875e+01
3.496107101440429688e+01 1.943511199951171875e+01
3.454990386962890625e+01 2.015699005126953125e+01
3.454990386962890625e+01 2.015699005126953125e+01
3.454990386962890625e+01 2.015699005126953125e+01
3.454990386962890625e+01 2.015699005126953125e+01
3.454990386962890625e+01 2.015699005126953125e+01
3.454990386962890625e+01 2.015699005126953125e+01
3.454990386962890625e+01 2.015699005126953125e+01
3.454990386962890625e+01 2.015699005126953125e+01
3.454990386962890625e+01 2.015699005126953125e+01
3.417472457885742188e+01 2.078672981262207031e+01
3.417472457885742188e+01 2.078672981262207031e+01
3.417472457885742188e+01 2.078672981262207031e+01
3.417472457885742188e+01 2.078672981262207031e+01
3.417472457885742188e+01 2.078672981262207031e+01
3.417472457885742188e+01 2.078672981262207031e+01
3.417472457885742188e+01 2.078672981262207031e+01
3.417472457885742188e+01 2.078672981262207031e+01
3.417472457885742188e+01 2.078672981262207031e+01
3.378433609008789062e+01 2.141538619995117188e+01
3.378433609008789062e+01 2.141538619995117188e+01
3.378433609008789062e+01 2.141538619995117188e+01
3.378433609008789062e+01 2.141538619995117188e+01
3.378433609008789062e+01 2.141538619995117188e+01
3.378433609008789062e+01 2.141538619995117188e+01
3.378433609008789062e+01 2.141538619995117188e+01
3.378433609008789062e+01 2.141538619995117188e+01
3.378433609008789062e+01 2.141538619995117188e+01
3.343612670898437500e+01 2.195507812500000000e+01
3.343612670898437500e+01 2.195507812500000000e+01
3.343612670898437500e+01 2.195507812500000000e+01
3.343612670898437500e+01 2.195507812500000000e+01
3.343612670898437500e+01 2.195507812500000000e+01
3.343612670898437500e+01 2.195507812500000000e+01
3.343612670898437500e+01 2.195507812500000000e+01
3.343612670898437500e+01 2.195507812500000000e+01
3.343612670898437500e+01 2.195507812500000000e+01
3.301636886596679688e+01 2.258139610290527344e+01
3.301636886596679688e+01 2.258139610290527344e+01
3.301636886596679688e+01 2.258139610290527344e+01
3.301636886596679688e+01 2.258139610290527344e+01
3.301636886596679688e+01 2.258139610290527344e+01
3.301636886596679688e+01 2.258139610290527344e+01
3.301636886596679688e+01 2.258139610290527344e+01
3.301636886596679688e+01 2.258139610290527344e+01
3.301636886596679688e+01 2.258139610290527344e+01
3.276608276367187500e+01 2.294305801391601562e+01
3.276608276367187500e+01 2.294305801391601562e+01
3.276608276367187500e+01 2.294305801391601562e+01
3.276608276367187500e+01 2.294305801391601562e+01
3.276608276367187500e+01 2.294305801391601562e+01
3.276608276367187500e+01 2.294305801391601562e+01
3.276608276367187500e+01 2.294305801391601562e+01
3.276608276367187500e+01 2.294305801391601562e+01
3.276608276367187500e+01 2.294305801391601562e+01
